ISO-10303-21;
HEADER;
FILE_DESCRIPTION (( 'STEP AP214' ),
    '1' );
FILE_NAME ('Coilcraft-LPD4012.STEP',
    '2018-12-18T19:52:32',
    ( '' ),
    ( '' ),
    'SwSTEP 2.0',
    'SolidWorks 2018',
    '' );
FILE_SCHEMA (( 'AUTOMOTIVE_DESIGN' ));
ENDSEC;

DATA;
#1 = CARTESIAN_POINT ( 'NONE',  ( -1.209744032861531648, 1.100000000000000089, 0.3468282688072377717 ) ) ;
#2 = EDGE_CURVE ( 'NONE', #1202, #785, #83, .T. ) ;
#3 = DIRECTION ( 'NONE',  ( 0.01885715718041001618, 0.0000000000000000000, -0.9998221880029836139 ) ) ;
#4 = CARTESIAN_POINT ( 'NONE',  ( 1.230482533266555212, 1.099000000000000421, 0.7065372595330373651 ) ) ;
#5 = CARTESIAN_POINT ( 'NONE',  ( 0.4664022215857802633, 1.100000000000000089, 0.1151117099926098758 ) ) ;
#6 = CARTESIAN_POINT ( 'NONE',  ( 0.4208649772944155210, 1.099499999999997701, 0.9341804937927656871 ) ) ;
#7 = DIRECTION ( 'NONE',  ( -0.9998179507796647325, 0.0000000000000000000, -0.01908049524388675394 ) ) ;
#8 = CARTESIAN_POINT ( 'NONE',  ( 1.204221316789316321, 1.099999999999999645, 1.275216205891994470 ) ) ;
#9 = CARTESIAN_POINT ( 'NONE',  ( 0.4192499301053080885, 1.099000000000000643, -0.9396483547824356908 ) ) ;
#10 = CARTESIAN_POINT ( 'NONE',  ( 0.4664022215857802633, 1.099999999999997424, 0.1151117099926098758 ) ) ;
#11 = ORIENTED_EDGE ( 'NONE', *, *, #1311, .F. ) ;
#12 = CARTESIAN_POINT ( 'NONE',  ( -2.010000000000000231, 0.0000000000000000000, -0.7749999999999998002 ) ) ;
#13 = LINE ( 'NONE', #1597, #1834 ) ;
#14 = STYLED_ITEM ( 'NONE', ( #2917 ), #2936 ) ;
#15 = CARTESIAN_POINT ( 'NONE',  ( 1.211720748833972960, 1.099000000000000199, 0.7098929109064897602 ) ) ;
#16 = CARTESIAN_POINT ( 'NONE',  ( 1.239202684546861777, 1.100000000000002087, 0.6390128999256934339 ) ) ;
#17 = ORIENTED_EDGE ( 'NONE', *, *, #4342, .T. ) ;
#18 = CARTESIAN_POINT ( 'NONE',  ( 0.4962775079350478236, 1.099499999999995259, 0.09204250188556994949 ) ) ;
#19 = DIRECTION ( 'NONE',  ( -0.7071067811865463515, 0.0000000000000000000, -0.7071067811865487940 ) ) ;
#20 = EDGE_CURVE ( 'NONE', #1788, #3156, #2051, .T. ) ;
#21 = ORIENTED_EDGE ( 'NONE', *, *, #329, .F. ) ;
#22 = CARTESIAN_POINT ( 'NONE',  ( 1.204221316789316321, 1.098999999999999755, 1.275216205891994470 ) ) ;
#23 = CARTESIAN_POINT ( 'NONE',  ( 0.4275112799405929032, 1.099500000000067645, -1.407446090029598196 ) ) ;
#24 = EDGE_CURVE ( 'NONE', #737, #38, #1924, .T. ) ;
#25 = ORIENTED_EDGE ( 'NONE', *, *, #387, .F. ) ;
#26 = ORIENTED_EDGE ( 'NONE', *, *, #3314, .T. ) ;
#27 = CARTESIAN_POINT ( 'NONE',  ( -0.6646435604205906955, 1.100000000000000089, -0.4946457469407961605 ) ) ;
#28 = ORIENTED_EDGE ( 'NONE', *, *, #3030, .F. ) ;
#29 = ORIENTED_EDGE ( 'NONE', *, *, #1452, .T. ) ;
#30 = DIRECTION ( 'NONE',  ( 0.0000000000000000000, 1.000000000000000000, 0.0000000000000000000 ) ) ;
#31 = ORIENTED_EDGE ( 'NONE', *, *, #3054, .F. ) ;
#32 = EDGE_CURVE ( 'NONE', #1088, #97, #3950, .T. ) ;
#33 = ADVANCED_FACE ( 'NONE', ( #4053, #4153, #2950, #1589, #1955, #2380, #1152 ), #706, .T. ) ;
#34 = CARTESIAN_POINT ( 'NONE',  ( 1.186880602294415388, 1.100000000000000089, 1.393946118792765754 ) ) ;
#35 = CARTESIAN_POINT ( 'NONE',  ( 1.235270768541670616, 1.100000000000002087, 0.6057813660356285990 ) ) ;
#36 = SURFACE_STYLE_USAGE ( .BOTH. , #2106 ) ;
#37 = CARTESIAN_POINT ( 'NONE',  ( 0.4606198211255835284, 1.100000000000000311, 0.9386038030415531086 ) ) ;
#38 = VERTEX_POINT ( 'NONE', #1746 ) ;
#39 = LINE ( 'NONE', #2059, #511 ) ;
#40 = PRESENTATION_LAYER_ASSIGNMENT (  '', '', ( #4208 ) ) ;
#41 = CARTESIAN_POINT ( 'NONE',  ( 1.211720748833972960, 1.099999999999996314, 0.7098929109064897602 ) ) ;
#42 = SURFACE_STYLE_FILL_AREA ( #344 ) ;
#43 = COLOUR_RGB ( '',1.000000000000000000, 1.000000000000000000, 1.000000000000000000 ) ;
#44 = FILL_AREA_STYLE ('',( #3073 ) ) ;
#45 = ORIENTED_EDGE ( 'NONE', *, *, #2054, .F. ) ;
#46 = VECTOR ( 'NONE', #1265, 1000.000000000000000 ) ;
#47 =( NAMED_UNIT ( * ) SI_UNIT ( $, .STERADIAN. ) SOLID_ANGLE_UNIT ( ) );
#48 = VECTOR ( 'NONE', #1443, 1000.000000000000000 ) ;
#49 = LINE ( 'NONE', #215, #3424 ) ;
#50 = COLOUR_RGB ( '',0.1882352941176470562, 0.2039215686274509776, 0.2039215686274509776 ) ;
#51 = CARTESIAN_POINT ( 'NONE',  ( 1.207912154322962950, 1.098999999999999755, 1.398591820196210866 ) ) ;
#52 = UNCERTAINTY_MEASURE_WITH_UNIT (LENGTH_MEASURE( 1.000000000000000082E-05 ), #245, 'distance_accuracy_value', 'NONE');
#53 = CARTESIAN_POINT ( 'NONE',  ( 0.5040900079350476570, 1.099000000000000199, -0.3173324981144300394 ) ) ;
#54 = CARTESIAN_POINT ( 'NONE',  ( -1.860000000000000098, 1.100000000000000089, -1.197867965644034749 ) ) ;
#55 = CARTESIAN_POINT ( 'NONE',  ( -1.343507182467833294, 1.100000000000001643, -0.2505449595392202355 ) ) ;
#56 = VECTOR ( 'NONE', #1024, 1000.000000000000000 ) ;
#57 = SURFACE_SIDE_STYLE ('',( #311 ) ) ;
#58 = ADVANCED_FACE ( 'NONE', ( #2226 ), #405, .F. ) ;
#59 = SURFACE_STYLE_FILL_AREA ( #1534 ) ;
#60 = CARTESIAN_POINT ( 'NONE',  ( 0.4370864447665455121, 1.099000000000135646, -1.349454452622509182 ) ) ;
#61 = CARTESIAN_POINT ( 'NONE',  ( 0.4564542462373982201, 1.099999999999997424, 0.1160533539143780712 ) ) ;
#62 = EDGE_CURVE ( 'NONE', #3095, #4005, #2273, .T. ) ;
#63 = CARTESIAN_POINT ( 'NONE',  ( 0.4109040397944155876, 1.100000000000000089, 1.490625806292765754 ) ) ;
#64 = CARTESIAN_POINT ( 'NONE',  ( 1.278827208874943500, 1.098999999999999977, -0.8847264881922133339 ) ) ;
#65 =( NAMED_UNIT ( * ) PLANE_ANGLE_UNIT ( ) SI_UNIT ( $, .RADIAN. ) );
#66 = CARTESIAN_POINT ( 'NONE',  ( -1.293413599470953912, 1.099499999999999922, 1.580392046668179784 ) ) ;
#67 = CARTESIAN_POINT ( 'NONE',  ( 0.4606198211255835284, 1.099000000000000421, 0.9386038030415531086 ) ) ;
#68 = ORIENTED_EDGE ( 'NONE', *, *, #3288, .T. ) ;
#69 = CARTESIAN_POINT ( 'NONE',  ( 1.197232164794415743, 1.099000000000000199, 1.271680493792765931 ) ) ;
#70 = DIRECTION ( 'NONE',  ( 0.01885715718041001618, 0.0000000000000000000, -0.9998221880029836139 ) ) ;
#71 = SURFACE_STYLE_USAGE ( .BOTH. , #3083 ) ;
#72 = ORIENTED_EDGE ( 'NONE', *, *, #1871, .F. ) ;
#73 = CARTESIAN_POINT ( 'NONE',  ( 1.244537231709696323, 1.099000000000000421, -0.8281760239183072470 ) ) ;
#74 =( NAMED_UNIT ( * ) PLANE_ANGLE_UNIT ( ) SI_UNIT ( $, .RADIAN. ) );
#75 = VECTOR ( 'NONE', #367, 1000.000000000000000 ) ;
#76 = ORIENTED_EDGE ( 'NONE', *, *, #2987, .F. ) ;
#77 = CARTESIAN_POINT ( 'NONE',  ( 1.264735126789952924, 1.099000000000000199, -0.9442169490449746627 ) ) ;
#78 = CARTESIAN_POINT ( 'NONE',  ( 0.4778015588208501252, 1.100000000000000311, 0.9437894250779892413 ) ) ;
#79 = CARTESIAN_POINT ( 'NONE',  ( 1.252664533861986396, 1.099000000000000199, -0.08149856741796955573 ) ) ;
#80 = CARTESIAN_POINT ( 'NONE',  ( 0.4318249699044150458, 1.100000000000000089, 0.9344013920913615268 ) ) ;
#81 = EDGE_CURVE ( 'NONE', #2108, #1241, #1212, .T. ) ;
#82 = VERTEX_POINT ( 'NONE', #390 ) ;
#83 = LINE ( 'NONE', #1378, #658 ) ;
#84 = CARTESIAN_POINT ( 'NONE',  ( 0.3794696801147315890, 1.099499999999999478, 0.7775646228391679404 ) ) ;
#85 = ORIENTED_EDGE ( 'NONE', *, *, #1998, .T. ) ;
#86 = CARTESIAN_POINT ( 'NONE',  ( 1.859999999999999876, 1.050000000000000044, 1.197867965644035637 ) ) ;
#87 = EDGE_CURVE ( 'NONE', #1958, #2229, #1324, .T. ) ;
#88 = ORIENTED_EDGE ( 'NONE', *, *, #1482, .T. ) ;
#89 = VECTOR ( 'NONE', #1828, 1000.000000000000000 ) ;
#90 = ADVANCED_FACE ( 'NONE', ( #1095 ), #2421, .T. ) ;
#91 = CARTESIAN_POINT ( 'NONE',  ( 0.4031922718257732186, 1.099999999999996536, 0.1055317864728117783 ) ) ;
#92 = FILL_AREA_STYLE_COLOUR ( '', #1684 ) ;
#93 = CARTESIAN_POINT ( 'NONE',  ( 0.4402670394050647862, 1.100000000000000089, 1.487953474900115314 ) ) ;
#94 = EDGE_CURVE ( 'NONE', #1702, #2417, #2697, .T. ) ;
#95 = ORIENTED_EDGE ( 'NONE', *, *, #2377, .F. ) ;
#96 = CARTESIAN_POINT ( 'NONE',  ( 1.259999999999997566, 1.050000000000000044, -2.009999999999999787 ) ) ;
#97 = VERTEX_POINT ( 'NONE', #119 ) ;
#98 = SURFACE_SIDE_STYLE ('',( #59 ) ) ;
#99 = DIRECTION ( 'NONE',  ( 0.7071067811865489050, 0.0000000000000000000, -0.7071067811865462405 ) ) ;
#100 = LINE ( 'NONE', #1085, #4118 ) ;
#101 = ORIENTED_EDGE ( 'NONE', *, *, #951, .T. ) ;
#102 = ADVANCED_FACE ( 'NONE', ( #3039 ), #2506, .F. ) ;
#103 = CARTESIAN_POINT ( 'NONE',  ( -1.859999999999999210, 1.100000000000000089, 1.197867965644032973 ) ) ;
#104 = CARTESIAN_POINT ( 'NONE',  ( 0.4398159674405927588, 1.100000000000000089, -0.9779539025295983512 ) ) ;
#105 = FACE_OUTER_BOUND ( 'NONE', #3721, .T. ) ;
#106 = VECTOR ( 'NONE', #1491, 1000.000000000000227 ) ;
#107 = CARTESIAN_POINT ( 'NONE',  ( 1.214625930114731522, 1.099000000000000199, 0.5844005603391679848 ) ) ;
#108 =( GEOMETRIC_REPRESENTATION_CONTEXT ( 3 ) GLOBAL_UNCERTAINTY_ASSIGNED_CONTEXT ( ( #3326 ) ) GLOBAL_UNIT_ASSIGNED_CONTEXT ( ( #870, #2575, #856 ) ) REPRESENTATION_CONTEXT ( 'NONE', 'WORKASPACE' ) );
#109 = LINE ( 'NONE', #241, #1179 ) ;
#110 = FACE_BOUND ( 'NONE', #1685, .T. ) ;
#111 = CARTESIAN_POINT ( 'NONE',  ( 1.278494905366423184, 1.098999999999998867, -0.8722891625935129678 ) ) ;
#112 = CARTESIAN_POINT ( 'NONE',  ( 0.4788837426147317111, 1.100000000000000089, 0.7793224353391682291 ) ) ;
#113 = CARTESIAN_POINT ( 'NONE',  ( -0.6646435604205906955, 1.099000000000000199, -0.4946457469407961605 ) ) ;
#114 = ADVANCED_FACE ( 'NONE', ( #3349 ), #2194, .F. ) ;
#115 = DIRECTION ( 'NONE',  ( -4.336808689942013299E-16, -1.000000000000000000, -4.336808689942024146E-16 ) ) ;
#116 = CARTESIAN_POINT ( 'NONE',  ( 1.186880602294415388, 1.100000000000000089, 1.393946118792765754 ) ) ;
#117 = CARTESIAN_POINT ( 'NONE',  ( 0.4456915704350478125, 1.099499999999996147, 0.1160659393855699439 ) ) ;
#118 = EDGE_CURVE ( 'NONE', #3082, #2643, #1044, .T. ) ;
#119 = CARTESIAN_POINT ( 'NONE',  ( -2.010000000000000231, 0.2499999999999998335, -0.7749999999999996891 ) ) ;
#120 = SURFACE_STYLE_USAGE ( .BOTH. , #2533 ) ;
#121 = ADVANCED_FACE ( 'NONE', ( #555 ), #3882, .T. ) ;
#122 = CARTESIAN_POINT ( 'NONE',  ( 1.270198056838148348, 1.098999999999999533, -0.8269799803377330116 ) ) ;
#123 = EDGE_LOOP ( 'NONE', ( #247, #450, #2394, #4163 ) ) ;
#124 = SURFACE_SIDE_STYLE ('',( #2945 ) ) ;
#125 = CARTESIAN_POINT ( 'NONE',  ( -0.4359386785308242418, 1.099000000000000199, 0.02057944990959716808 ) ) ;
#126 = VECTOR ( 'NONE', #1923, 1000.000000000000000 ) ;
#127 = ORIENTED_EDGE ( 'NONE', *, *, #2031, .F. ) ;
#128 = UNCERTAINTY_MEASURE_WITH_UNIT (LENGTH_MEASURE( 1.000000000000000082E-05 ), #694, 'distance_accuracy_value', 'NONE');
#129 = CARTESIAN_POINT ( 'NONE',  ( -1.293413599470953912, 1.099000000000000199, 1.353745634738269477 ) ) ;
#130 = CARTESIAN_POINT ( 'NONE',  ( 0.4299464310900082964, 1.098999999999999977, -0.9709276500841007573 ) ) ;
#131 = LINE ( 'NONE', #2824, #4096 ) ;
#132 =( GEOMETRIC_REPRESENTATION_CONTEXT ( 3 ) GLOBAL_UNCERTAINTY_ASSIGNED_CONTEXT ( ( #840 ) ) GLOBAL_UNIT_ASSIGNED_CONTEXT ( ( #1752, #361, #1096 ) ) REPRESENTATION_CONTEXT ( 'NONE', 'WORKASPACE' ) );
#133 = ADVANCED_FACE ( 'NONE', ( #1950 ), #3928, .T. ) ;
#134 = CARTESIAN_POINT ( 'NONE',  ( -1.582193796641059969, 1.100000000000000089, -0.1489474792242583556 ) ) ;
#135 = CARTESIAN_POINT ( 'NONE',  ( 1.224314122780405967, 1.099999999999999867, 0.02053283340396308554 ) ) ;
#136 = CARTESIAN_POINT ( 'NONE',  ( 0.4216667155967661063, 1.099000000000000199, 1.490613220821573881 ) ) ;
#137 = ORIENTED_EDGE ( 'NONE', *, *, #2793, .T. ) ;
#138 = CARTESIAN_POINT ( 'NONE',  ( 0.3890487729987612830, 1.100000000000000089, 0.2776232907894154445 ) ) ;
#139 = CARTESIAN_POINT ( 'NONE',  ( 0.4421167408256323483, 1.098999999999999977, 0.9354526250267968246 ) ) ;
#140 = CARTESIAN_POINT ( 'NONE',  ( 0.4146167306785602524, 1.098999999999999977, 1.490621464810682806 ) ) ;
#141 = ORIENTED_EDGE ( 'NONE', *, *, #2664, .T. ) ;
#142 = VERTEX_POINT ( 'NONE', #2573 ) ;
#143 = FACE_OUTER_BOUND ( 'NONE', #670, .T. ) ;
#144 = VERTEX_POINT ( 'NONE', #3891 ) ;
#145 = PLANE ( 'NONE',  #1594 ) ;
#146 = ADVANCED_FACE ( 'NONE', ( #3198 ), #1826, .F. ) ;
#147 = ORIENTED_EDGE ( 'NONE', *, *, #3974, .F. ) ;
#148 = SURFACE_STYLE_FILL_AREA ( #2543 ) ;
#149 = SURFACE_STYLE_USAGE ( .BOTH. , #223 ) ;
#150 = CARTESIAN_POINT ( 'NONE',  ( 0.3714509147944154988, 1.099000000000000199, 0.9677742437927659980 ) ) ;
#151 = EDGE_CURVE ( 'NONE', #3095, #4005, #4258, .T. ) ;
#152 = DIRECTION ( 'NONE',  ( 0.7071067811865462405, -0.0000000000000000000, 0.7071067811865489050 ) ) ;
#153 = CARTESIAN_POINT ( 'NONE',  ( 0.4243952129196996714, 1.099999999999996314, 0.1144472629752781717 ) ) ;
#154 = VECTOR ( 'NONE', #3442, 1000.000000000000000 ) ;
#155 = DIRECTION ( 'NONE',  ( -1.000000000000000000, -0.0000000000000000000, 0.0000000000000000000 ) ) ;
#156 = FILL_AREA_STYLE ('',( #1855 ) ) ;
#157 = VERTEX_POINT ( 'NONE', #3910 ) ;
#158 = STYLED_ITEM ( 'NONE', ( #2049 ), #114 ) ;
#159 = CARTESIAN_POINT ( 'NONE',  ( 1.264735126789952924, 1.099000000000000421, -0.9442169490449746627 ) ) ;
#160 = LINE ( 'NONE', #3513, #106 ) ;
#161 = CARTESIAN_POINT ( 'NONE',  ( 0.4778015588208500697, 1.098999999999999755, 0.9437894250779892413 ) ) ;
#162 = PRESENTATION_STYLE_ASSIGNMENT (( #2538 ) ) ;
#163 = SURFACE_SIDE_STYLE ('',( #439 ) ) ;
#164 = FILL_AREA_STYLE_COLOUR ( '', #1167 ) ;
#165 = LINE ( 'NONE', #1267, #3486 ) ;
#166 = VECTOR ( 'NONE', #1621, 1000.000000000000114 ) ;
#167 = AXIS2_PLACEMENT_3D ( 'NONE', #129, #401, #3464 ) ;
#168 = CARTESIAN_POINT ( 'NONE',  ( 0.4235877988662916094, 1.098999999999999977, -0.8534249519555185959 ) ) ;
#169 = VECTOR ( 'NONE', #2631, 999.9999999999998863 ) ;
#170 = CARTESIAN_POINT ( 'NONE',  ( 0.4618862799405928365, 1.098999999999921817, -0.8599851525295982846 ) ) ;
#171 = CARTESIAN_POINT ( 'NONE',  ( 0.4381488432805755728, 1.100000000000000089, -0.9766157342439190092 ) ) ;
#172 = CARTESIAN_POINT ( 'NONE',  ( 1.235270768541670616, 1.099000000000000421, 0.6057813660356285990 ) ) ;
#173 = LINE ( 'NONE', #300, #1187 ) ;
#174 = AXIS2_PLACEMENT_3D ( 'NONE', #1626, #1989, #1321 ) ;
#175 = CARTESIAN_POINT ( 'NONE',  ( 1.254177929748531151, 1.099000000000000199, 0.0003081429615403099035 ) ) ;
#176 = SURFACE_STYLE_USAGE ( .BOTH. , #1243 ) ;
#177 = EDGE_CURVE ( 'NONE', #900, #1088, #3880, .T. ) ;
#178 = ADVANCED_FACE ( 'NONE', ( #602 ), #988, .T. ) ;
#179 = CARTESIAN_POINT ( 'NONE',  ( 1.277513140792359669, 1.099000000000000199, -0.9203219311761028365 ) ) ;
#180 = DIRECTION ( 'NONE',  ( 1.000000000000000000, 0.0000000000000000000, -0.0000000000000000000 ) ) ;
#181 = B_SPLINE_CURVE_WITH_KNOTS ( 'NONE', 3,
 ( #117, #4184, #2202, #153, #1853, #3145, #91, #1506, #3809, #2164, #1786 ),
 .UNSPECIFIED., .F., .F.,
 ( 4, 1, 1, 1, 1, 1, 1, 1, 4 ),
 ( 0.0000000000000000000, 1.176980149152544838E-05, 2.185532936696459329E-05, 3.060172959564819991E-05, 3.824255549471101821E-05, 4.487201985858785763E-05, 5.056715523010295402E-05, 5.602481624961637077E-05, 6.154193447856505755E-05 ),
 .UNSPECIFIED. ) ;
#182 = CARTESIAN_POINT ( 'NONE',  ( 1.239008847429949434, 1.100000000000000089, -0.09934366101520127057 ) ) ;
#183 = DIRECTION ( 'NONE',  ( 0.8765741616178277518, 0.0000000000000000000, -0.4812668066509495635 ) ) ;
#184 = EDGE_CURVE ( 'NONE', #38, #2683, #3300, .T. ) ;
#185 = SURFACE_SIDE_STYLE ('',( #148 ) ) ;
#186 = CARTESIAN_POINT ( 'NONE',  ( 1.288540691756391743, 1.099000000000000421, -1.404259528453683847 ) ) ;
#187 = CARTESIAN_POINT ( 'NONE',  ( 0.4070014475993835590, 1.099999999999999867, 0.8017271964288761321 ) ) ;
#188 = VERTEX_POINT ( 'NONE', #3675 ) ;
#189 = EDGE_CURVE ( 'NONE', #2836, #4023, #3191, .T. ) ;
#190 = CARTESIAN_POINT ( 'NONE',  ( 0.4612824332881860778, 1.100000000000000533, 1.468581250527886795 ) ) ;
#191 = ORIENTED_EDGE ( 'NONE', *, *, #3983, .T. ) ;
#192 = CARTESIAN_POINT ( 'NONE',  ( -0.6144117493969668553, 1.100000000000000089, 0.03437472550014940981 ) ) ;
#193 =( NAMED_UNIT ( * ) PLANE_ANGLE_UNIT ( ) SI_UNIT ( $, .RADIAN. ) );
#194 = VECTOR ( 'NONE', #3750, 1000.000000000000000 ) ;
#195 = CARTESIAN_POINT ( 'NONE',  ( 0.3913727004349613625, 1.099000000000000199, 0.7965038605482668288 ) ) ;
#196 = CARTESIAN_POINT ( 'NONE',  ( 0.4320104959988763649, 1.099999999999996314, 0.8033415313570844152 ) ) ;
#197 = CARTESIAN_POINT ( 'NONE',  ( 1.255768980152451642, 1.099999999999996758, -0.01501099108394800610 ) ) ;
#198 = PRESENTATION_LAYER_ASSIGNMENT (  '', '', ( #4350 ) ) ;
#199 = EDGE_LOOP ( 'NONE', ( #4239, #4138, #3152, #2646, #1695, #3639, #2294, #3887, #4066, #3306 ) ) ;
#200 = SURFACE_STYLE_USAGE ( .BOTH. , #98 ) ;
#201 = CARTESIAN_POINT ( 'NONE',  ( 0.4732144049405928032, 1.099000000000000199, -1.453149215029598151 ) ) ;
#202 = VERTEX_POINT ( 'NONE', #2548 ) ;
#203 = CARTESIAN_POINT ( 'NONE',  ( 0.9236050299405927921, 1.100000000000000089, -1.145922652529598240 ) ) ;
#204 = PRESENTATION_LAYER_ASSIGNMENT (  '', '', ( #2566 ) ) ;
#205 = VERTEX_POINT ( 'NONE', #2201 ) ;
#206 = VERTEX_POINT ( 'NONE', #3143 ) ;
#207 = CARTESIAN_POINT ( 'NONE',  ( -0.7750000000000002442, 1.641482089143055291E-15, 1.775000000000000577 ) ) ;
#208 = CARTESIAN_POINT ( 'NONE',  ( 1.207912154322962950, 1.100000000000001199, 1.398591820196211089 ) ) ;
#209 = ORIENTED_EDGE ( 'NONE', *, *, #2959, .T. ) ;
#210 = LINE ( 'NONE', #3805, #1005 ) ;
#211 = CARTESIAN_POINT ( 'NONE',  ( 1.254679152380771878, 1.098999999999998867, -0.8237084471316190593 ) ) ;
#212 = DIRECTION ( 'NONE',  ( -0.8723695746537436513, 0.0000000000000000000, 0.4888469343449404203 ) ) ;
#213 = B_SPLINE_CURVE_WITH_KNOTS ( 'NONE', 3,
 ( #1764, #2139, #744, #2782, #3440, #3778, #794, #2492, #1825, #438, #2509 ),
 .UNSPECIFIED., .F., .F.,
 ( 4, 1, 1, 1, 1, 1, 1, 1, 4 ),
 ( 0.0000000000000000000, 1.176980149152546193E-05, 2.185532936696462717E-05, 3.060172959564823379E-05, 3.824255549471110630E-05, 4.487201985858797282E-05, 5.056715523010304211E-05, 5.602481624961634367E-05, 6.154193447856509821E-05 ),
 .UNSPECIFIED. ) ;
#214 = CARTESIAN_POINT ( 'NONE',  ( 0.3968634454350477014, 1.099999999999999867, 0.09028468938556993839 ) ) ;
#215 = CARTESIAN_POINT ( 'NONE',  ( -0.7750000000000002442, 4.814824860968089633E-32, -1.775000000000001465 ) ) ;
#216 = ORIENTED_EDGE ( 'NONE', *, *, #296, .T. ) ;
#217 = CARTESIAN_POINT ( 'NONE',  ( 1.234418124307528064, 1.099999999999997424, -0.1016660422282577025 ) ) ;
#218 = FACE_OUTER_BOUND ( 'NONE', #1417, .T. ) ;
#219 = CARTESIAN_POINT ( 'NONE',  ( -1.197867965644035193, 1.050000000000000044, 1.859999999999999654 ) ) ;
#220 = CARTESIAN_POINT ( 'NONE',  ( 0.4180317780837535802, 1.098999999999999977, -0.8735431449338816323 ) ) ;
#221 = ORIENTED_EDGE ( 'NONE', *, *, #2515, .T. ) ;
#222 = CARTESIAN_POINT ( 'NONE',  ( 0.4950837272944154654, 1.100000000000000089, 0.9509773687927658425 ) ) ;
#223 = SURFACE_SIDE_STYLE ('',( #1756 ) ) ;
#224 = EDGE_CURVE ( 'NONE', #616, #4222, #131, .T. ) ;
#225 = SURFACE_STYLE_FILL_AREA ( #1128 ) ;
#226 = ORIENTED_EDGE ( 'NONE', *, *, #2637, .T. ) ;
#227 = VECTOR ( 'NONE', #2501, 1000.000000000000000 ) ;
#228 = CARTESIAN_POINT ( 'NONE',  ( -1.505269072231613992, 1.099000000000000199, -0.4055452744998473968 ) ) ;
#229 = CARTESIAN_POINT ( 'NONE',  ( 0.4354088462214355526, 1.099999999999999867, -1.459146486060086900 ) ) ;
#230 = DIRECTION ( 'NONE',  ( -0.0000000000000000000, 1.000000000000000000, 0.0000000000000000000 ) ) ;
#231 = CARTESIAN_POINT ( 'NONE',  ( 0.3991353137584011668, 1.099000000000000199, 0.1010936417402536064 ) ) ;
#232 = CARTESIAN_POINT ( 'NONE',  ( 1.247876298586870991, 1.099999999999996980, 0.01925732607943913058 ) ) ;
#233 = B_SPLINE_CURVE_WITH_KNOTS ( 'NONE', 3,
 ( #2569, #1900, #2893, #4254, #2255, #3923, #208, #417, #3445, #2454, #116 ),
 .UNSPECIFIED., .F., .F.,
 ( 4, 1, 1, 1, 1, 1, 1, 1, 4 ),
 ( 0.0000000000000000000, 1.999502115593547734E-05, 3.517383274653501505E-05, 4.628592649345687982E-05, 5.452094255789214185E-05, 6.063775892980730655E-05, 6.659261680499434341E-05, 7.366836098334555104E-05, 8.235863853671135306E-05 ),
 .UNSPECIFIED. ) ;
#234 = PRESENTATION_STYLE_ASSIGNMENT (( #200 ) ) ;
#235 = CARTESIAN_POINT ( 'NONE',  ( 1.249419592062173567, 1.099999999999997202, -0.08874261168608113537 ) ) ;
#236 = DIRECTION ( 'NONE',  ( -0.8594096594572042669, 0.0000000000000000000, -0.5112876267147997700 ) ) ;
#237 = CARTESIAN_POINT ( 'NONE',  ( 0.4259143613041667109, 1.099000000000005750, 0.2470152058638017678 ) ) ;
#238 = CARTESIAN_POINT ( 'NONE',  ( 1.775000000000003908, 0.2499999999999997780, 0.7749999999999996891 ) ) ;
#239 = CARTESIAN_POINT ( 'NONE',  ( 0.4179409674405927810, 1.100000000000000311, -0.9084226525295984178 ) ) ;
#240 = CARTESIAN_POINT ( 'NONE',  ( 1.238799055113102510, 1.099000000000000199, 0.6605777947479949397 ) ) ;
#241 = CARTESIAN_POINT ( 'NONE',  ( -1.505269072231613992, 1.099500000000000144, -0.4055452744998473968 ) ) ;
#242 = DIRECTION ( 'NONE',  ( -0.9052872276365776516, 0.0000000000000000000, -0.4247999946775884439 ) ) ;
#243 = B_SPLINE_CURVE_WITH_KNOTS ( 'NONE', 3,
 ( #553, #2980, #581, #604, #3244, #3259, #3939, #933, #3287, #3621, #2286 ),
 .UNSPECIFIED., .F., .F.,
 ( 4, 1, 1, 1, 1, 1, 1, 1, 4 ),
 ( 0.0000000000000000000, 1.940151333771239459E-05, 3.436568338515175831E-05, 4.528928883178287194E-05, 5.338429609063249709E-05, 6.004200998748955321E-05, 6.767879945741382805E-05, 7.833589202935886805E-05, 9.305723015113966947E-05 ),
 .UNSPECIFIED. ) ;
#244 = CARTESIAN_POINT ( 'NONE',  ( 0.3971742560892590479, 1.099999999999999867, 0.09577061702319174252 ) ) ;
#245 =( LENGTH_UNIT ( ) NAMED_UNIT ( * ) SI_UNIT ( .MILLI., .METRE. ) );
#246 = EDGE_CURVE ( 'NONE', #1083, #1958, #1678, .T. ) ;
#247 = ORIENTED_EDGE ( 'NONE', *, *, #984, .F. ) ;
#248 = CARTESIAN_POINT ( 'NONE',  ( 0.4422705320332383505, 1.099000000000000421, -1.463569176806350569 ) ) ;
#249 = CARTESIAN_POINT ( 'NONE',  ( 0.4466519049405928143, 1.100000000000000089, -1.342992965029598196 ) ) ;
#250 = CARTESIAN_POINT ( 'NONE',  ( 0.4179063030106316412, 1.100000000000004086, -0.8894882989618951852 ) ) ;
#251 = CARTESIAN_POINT ( 'NONE',  ( 0.4864218967266704108, 1.099999999999999645, -0.4377465348348381080 ) ) ;
#252 = LINE ( 'NONE', #1275, #2835 ) ;
#253 = EDGE_LOOP ( 'NONE', ( #4359, #2657, #1988, #436 ) ) ;
#254 = EDGE_CURVE ( 'NONE', #1210, #1015, #1576, .T. ) ;
#255 = COLOUR_RGB ( '',1.000000000000000000, 1.000000000000000000, 1.000000000000000000 ) ;
#256 = ORIENTED_EDGE ( 'NONE', *, *, #2402, .T. ) ;
#257 = EDGE_LOOP ( 'NONE', ( #2115, #3509, #4054, #2993 ) ) ;
#258 = B_SPLINE_CURVE_WITH_KNOTS ( 'NONE', 3,
 ( #1574, #2483, #2833, #1490, #3833, #3141, #2113, #2179, #1454, #783, #2789 ),
 .UNSPECIFIED., .F., .F.,
 ( 4, 1, 1, 1, 1, 1, 1, 1, 4 ),
 ( 1.084202172485504434E-19, 8.653958354345053252E-06, 1.626029538961426500E-05, 2.326806602731691287E-05, 2.979096522729342836E-05, 3.732890084017581676E-05, 4.602266805538062834E-05, 5.688259305155812031E-05, 7.001193935432891802E-05 ),
 .UNSPECIFIED. ) ;
#259 = CARTESIAN_POINT ( 'NONE',  ( -2.010000000000000675, 0.2499999999999997780, 0.7750000000000002442 ) ) ;
#260 = CARTESIAN_POINT ( 'NONE',  ( -2.010000000000000231, 0.0000000000000000000, -2.009999999999999787 ) ) ;
#261 = CARTESIAN_POINT ( 'NONE',  ( 1.197867965644033417, 1.100000000000000089, -1.859999999999999876 ) ) ;
#262 = ORIENTED_EDGE ( 'NONE', *, *, #20, .F. ) ;
#263 = CARTESIAN_POINT ( 'NONE',  ( -1.259999999999999565, 1.050000000000000044, 2.009999999999999787 ) ) ;
#264 = EDGE_LOOP ( 'NONE', ( #3480, #3956, #1843, #3823 ) ) ;
#265 = CARTESIAN_POINT ( 'NONE',  ( 1.288448779940592814, 1.099499999999991040, -1.397485152529598817 ) ) ;
#266 = EDGE_CURVE ( 'NONE', #2252, #2748, #1995, .T. ) ;
#267 = VERTEX_POINT ( 'NONE', #1460 ) ;
#268 = CARTESIAN_POINT ( 'NONE',  ( 1.278683154940592814, 1.098999999999572541, -0.8787351525295984400 ) ) ;
#269 = LINE ( 'NONE', #2104, #1970 ) ;
#270 = VECTOR ( 'NONE', #669, 1000.000000000000227 ) ;
#271 = DIRECTION ( 'NONE',  ( 1.000000000000000000, 0.0000000000000000000, -0.0000000000000000000 ) ) ;
#272 = EDGE_CURVE ( 'NONE', #3676, #2748, #552, .T. ) ;
#273 = B_SPLINE_CURVE_WITH_KNOTS ( 'NONE', 3,
 ( #1679, #1977, #651, #2347, #288, #2691, #3014, #2666, #609, #1966, #297 ),
 .UNSPECIFIED., .F., .F.,
 ( 4, 1, 1, 1, 1, 1, 1, 1, 4 ),
 ( 1.084202172485504434E-19, 8.653958354345229434E-06, 1.626029538961460042E-05, 2.326806602731739060E-05, 2.979096522729403823E-05, 3.732890084017658248E-05, 4.602266805538157701E-05, 5.688259305155928582E-05, 7.001193935433035458E-05 ),
 .UNSPECIFIED. ) ;
#274 = VERTEX_POINT ( 'NONE', #1802 ) ;
#275 = CARTESIAN_POINT ( 'NONE',  ( 0.4282978051147317000, 1.099499999999996147, 0.8033458728391679182 ) ) ;
#276 = VECTOR ( 'NONE', #1596, 1000.000000000000000 ) ;
#277 = CARTESIAN_POINT ( 'NONE',  ( 0.4354088462214355526, 1.099000000000153854, -1.459146486060086900 ) ) ;
#278 = CARTESIAN_POINT ( 'NONE',  ( 0.7624722174405927921, 1.099000000000000199, -1.155102340029598107 ) ) ;
#279 = CARTESIAN_POINT ( 'NONE',  ( 2.010000000000000231, 0.0000000000000000000, 1.259999999999999787 ) ) ;
#280 = CARTESIAN_POINT ( 'NONE',  ( 0.4556525079350478014, 1.100000000000000089, -0.4403793731144300394 ) ) ;
#281 = EDGE_CURVE ( 'NONE', #157, #3898, #2890, .T. ) ;
#282 = LINE ( 'NONE', #3619, #684 ) ;
#283 = UNCERTAINTY_MEASURE_WITH_UNIT (LENGTH_MEASURE( 1.000000000000000082E-05 ), #1068, 'distance_accuracy_value', 'NONE');
#284 = VECTOR ( 'NONE', #974, 1000.000000000000114 ) ;
#285 = CARTESIAN_POINT ( 'NONE',  ( 1.287155693903437870, 1.098999999999999755, -1.365671648715105047 ) ) ;
#286 = STYLED_ITEM ( 'NONE', ( #4067 ), #1123 ) ;
#287 = CARTESIAN_POINT ( 'NONE',  ( 0.7750000000000001332, 0.2500000000000000000, 1.775000000000001465 ) ) ;
#288 = CARTESIAN_POINT ( 'NONE',  ( 0.4111986623566004639, 1.100000000000003642, -0.4292348935671640442 ) ) ;
#289 = CARTESIAN_POINT ( 'NONE',  ( 1.197867965644033639, 1.100000000000000089, 1.859999999999999654 ) ) ;
#290 =( NAMED_UNIT ( * ) PLANE_ANGLE_UNIT ( ) SI_UNIT ( $, .RADIAN. ) );
#291 = CARTESIAN_POINT ( 'NONE',  ( 0.4288652623324113455, 1.100000000000000311, -1.367743631766648482 ) ) ;
#292 = CARTESIAN_POINT ( 'NONE',  ( -1.259999999999996678, 1.050000000000000044, -2.009999999999999787 ) ) ;
#293 = CARTESIAN_POINT ( 'NONE',  ( 1.266964404940592814, 1.099499999999986377, -1.329321090029598196 ) ) ;
#294 = VERTEX_POINT ( 'NONE', #2410 ) ;
#295 = DIRECTION ( 'NONE',  ( -1.000000000000000000, -0.0000000000000000000, 0.0000000000000000000 ) ) ;
#296 = EDGE_CURVE ( 'NONE', #3990, #3768, #3632, .T. ) ;
#297 = CARTESIAN_POINT ( 'NONE',  ( 0.4556525079350477458, 1.099499999999997923, -0.4403793731144299839 ) ) ;
#298 = CARTESIAN_POINT ( 'NONE',  ( 0.4780135864458996964, 1.099999999999998535, 0.2513238695879550511 ) ) ;
#299 = VERTEX_POINT ( 'NONE', #1748 ) ;
#300 = CARTESIAN_POINT ( 'NONE',  ( 0.5040900079350476570, 1.100000000000000089, -0.3173324981144300394 ) ) ;
#301 = CARTESIAN_POINT ( 'NONE',  ( -0.6144117493969669663, 1.099499999999999922, 0.03437472550014940981 ) ) ;
#302 = VECTOR ( 'NONE', #725, 1000.000000000000000 ) ;
#303 = EDGE_LOOP ( 'NONE', ( #2734, #3255 ) ) ;
#304 =( GEOMETRIC_REPRESENTATION_CONTEXT ( 3 ) GLOBAL_UNCERTAINTY_ASSIGNED_CONTEXT ( ( #1590 ) ) GLOBAL_UNIT_ASSIGNED_CONTEXT ( ( #3877, #2264, #2870 ) ) REPRESENTATION_CONTEXT ( 'NONE', 'WORKASPACE' ) );
#305 = CARTESIAN_POINT ( 'NONE',  ( -0.6189623005780672260, 1.099000000000000199, 0.3630821270749530760 ) ) ;
#306 = ORIENTED_EDGE ( 'NONE', *, *, #1715, .T. ) ;
#307 = ORIENTED_EDGE ( 'NONE', *, *, #1311, .T. ) ;
#308 = AXIS2_PLACEMENT_3D ( 'NONE', #4092, #2084, #4105 ) ;
#309 = EDGE_LOOP ( 'NONE', ( #3579, #4280, #828 ) ) ;
#310 = DIRECTION ( 'NONE',  ( 0.7071067811865483499, 0.0000000000000000000, -0.7071067811865467956 ) ) ;
#311 = SURFACE_STYLE_FILL_AREA ( #1389 ) ;
#312 = CARTESIAN_POINT ( 'NONE',  ( 0.4243952129196996714, 1.099000000000003530, 0.1144472629752781717 ) ) ;
#313 = FILL_AREA_STYLE_COLOUR ( '', #1338 ) ;
#314 = CARTESIAN_POINT ( 'NONE',  ( 0.3811381160545314617, 1.099000000000003530, 1.486564028853112784 ) ) ;
#315 = CARTESIAN_POINT ( 'NONE',  ( 1.220981449511819417, 1.098999999999999977, 1.359548875823247682 ) ) ;
#316 = LINE ( 'NONE', #2426, #1918 ) ;
#317 = ORIENTED_EDGE ( 'NONE', *, *, #4187, .T. ) ;
#318 = EDGE_CURVE ( 'NONE', #2007, #2246, #1091, .T. ) ;
#319 = COLOUR_RGB ( '',0.8274509803921568096, 0.8392156862745098200, 0.8274509803921568096 ) ;
#320 = CARTESIAN_POINT ( 'NONE',  ( 0.5212512563673544763, 1.099000000000000199, -0.4275450916139406088 ) ) ;
#321 = EDGE_LOOP ( 'NONE', ( #3428, #28, #3344, #3418 ) ) ;
#322 = CARTESIAN_POINT ( 'NONE',  ( 1.259542529940592459, 1.100000000000000089, -0.9476804650295981292 ) ) ;
#323 = EDGE_CURVE ( 'NONE', #1312, #2444, #1520, .T. ) ;
#324 = FACE_OUTER_BOUND ( 'NONE', #2609, .T. ) ;
#325 = DIRECTION ( 'NONE',  ( 0.0000000000000000000, 0.0000000000000000000, 1.000000000000000000 ) ) ;
#326 = SURFACE_STYLE_USAGE ( .BOTH. , #2984 ) ;
#327 = CARTESIAN_POINT ( 'NONE',  ( 0.4824719374079061707, 1.099000000000000199, 0.1109622711460223621 ) ) ;
#328 = CARTESIAN_POINT ( 'NONE',  ( 0.5212512563673545873, 1.099000000000000421, -0.4275450916139406643 ) ) ;
#329 = EDGE_CURVE ( 'NONE', #892, #3782, #650, .T. ) ;
#330 = CARTESIAN_POINT ( 'NONE',  ( 1.288540691756391743, 1.099000000000003974, -1.404259528453683847 ) ) ;
#331 = PLANE ( 'NONE',  #2518 ) ;
#332 = CARTESIAN_POINT ( 'NONE',  ( 1.269245394389135306, 1.099999999999994538, -0.9401754343010537696 ) ) ;
#333 = FILL_AREA_STYLE_COLOUR ( '', #319 ) ;
#334 = CARTESIAN_POINT ( 'NONE',  ( -1.757921040735550333, 1.100000000000000089, -0.1967603926100836564 ) ) ;
#335 = CARTESIAN_POINT ( 'NONE',  ( 1.232019695435047968, 1.099499999999964839, -0.1028793731144300311 ) ) ;
#336 = CARTESIAN_POINT ( 'NONE',  ( 1.218650962593265330, 1.099999999999996092, 0.7122171613332070050 ) ) ;
#337 = CARTESIAN_POINT ( 'NONE',  ( -0.4241087572709806852, 1.100000000000000089, 0.3892062215631412747 ) ) ;
#338 = VECTOR ( 'NONE', #1352, 1000.000000000000000 ) ;
#339 = VERTEX_POINT ( 'NONE', #769 ) ;
#340 = DIRECTION ( 'NONE',  ( 2.519732554954240220E-13, 1.000000000000000000, 1.791208576648138484E-14 ) ) ;
#341 = CARTESIAN_POINT ( 'NONE',  ( -1.505269072231613992, 1.099000000000000199, -0.4055452744998473968 ) ) ;
#342 = EDGE_CURVE ( 'NONE', #4371, #2052, #181, .T. ) ;
#343 = CARTESIAN_POINT ( 'NONE',  ( 1.218650962593265330, 1.098999999999999977, 0.7122171613332070050 ) ) ;
#344 = FILL_AREA_STYLE ('',( #313 ) ) ;
#345 = VERTEX_POINT ( 'NONE', #2135 ) ;
#346 = ORIENTED_EDGE ( 'NONE', *, *, #3285, .F. ) ;
#347 = ORIENTED_EDGE ( 'NONE', *, *, #2696, .T. ) ;
#348 = CARTESIAN_POINT ( 'NONE',  ( 1.221703756484531000, 1.100000000000000311, 1.335936295758828329 ) ) ;
#349 = ORIENTED_EDGE ( 'NONE', *, *, #2359, .T. ) ;
#350 = PRESENTATION_STYLE_ASSIGNMENT (( #822 ) ) ;
#351 = CARTESIAN_POINT ( 'NONE',  ( 0.4207640015640028430, 1.098999999999999977, -0.9510342776544440380 ) ) ;
#352 = ORIENTED_EDGE ( 'NONE', *, *, #1252, .T. ) ;
#353 = FACE_OUTER_BOUND ( 'NONE', #321, .T. ) ;
#354 = CARTESIAN_POINT ( 'NONE',  ( 1.278494905366423184, 1.100000000000000311, -0.8722891625935129678 ) ) ;
#355 = AXIS2_PLACEMENT_3D ( 'NONE', #4261, #1582, #1230 ) ;
#356 = DIRECTION ( 'NONE',  ( -1.000000000000000000, 0.0000000000000000000, 2.698225319131416536E-15 ) ) ;
#357 = ORIENTED_EDGE ( 'NONE', *, *, #1337, .T. ) ;
#358 = DIRECTION ( 'NONE',  ( 0.9096111022939517010, 0.0000000000000000000, 0.4154607593787674746 ) ) ;
#359 = CARTESIAN_POINT ( 'NONE',  ( -1.582193796641059969, 1.100000000000000089, -0.1489474792242583556 ) ) ;
#360 = ORIENTED_EDGE ( 'NONE', *, *, #3518, .T. ) ;
#361 =( NAMED_UNIT ( * ) PLANE_ANGLE_UNIT ( ) SI_UNIT ( $, .RADIAN. ) );
#362 = CARTESIAN_POINT ( 'NONE',  ( 0.4246440873493090851, 1.099000000000000199, 0.9342566616343910280 ) ) ;
#363 = VECTOR ( 'NONE', #2244, 1000.000000000000000 ) ;
#364 = CARTESIAN_POINT ( 'NONE',  ( 1.221808919226545997, 1.100000000000000533, 1.326292833379291602 ) ) ;
#365 = CARTESIAN_POINT ( 'NONE',  ( 0.4180991331147685397, 1.099000000000000199, -0.9144136152448046895 ) ) ;
#366 = COLOUR_RGB ( '',0.1882352941176470562, 0.2039215686274509776, 0.2039215686274509776 ) ;
#367 = DIRECTION ( 'NONE',  ( -0.8820611020498344557, 0.0000000000000000000, 0.4711350254976078289 ) ) ;
#368 = CARTESIAN_POINT ( 'NONE',  ( 0.4930045802871497185, 1.099999999999997868, 0.1032940885640233203 ) ) ;
#369 = EDGE_CURVE ( 'NONE', #3002, #1370, #3677, .T. ) ;
#370 = FILL_AREA_STYLE ('',( #1419 ) ) ;
#371 = CARTESIAN_POINT ( 'NONE',  ( 0.4062384454350477236, 1.100000000000000311, -0.4067856231144300616 ) ) ;
#372 = CARTESIAN_POINT ( 'NONE',  ( 1.217024358987211174, 1.100000000000001643, 0.5856138912253400219 ) ) ;
#373 = CARTESIAN_POINT ( 'NONE',  ( 1.197867965644033195, 1.100000000000000089, -1.859999999999999654 ) ) ;
#374 = CARTESIAN_POINT ( 'NONE',  ( 1.221808919226545997, 1.099000000000000643, 1.326292833379291602 ) ) ;
#375 =( LENGTH_UNIT ( ) NAMED_UNIT ( * ) SI_UNIT ( .MILLI., .METRE. ) );
#376 = MECHANICAL_DESIGN_GEOMETRIC_PRESENTATION_REPRESENTATION (  '', ( #1364 ), #2973 ) ;
#377 = ORIENTED_EDGE ( 'NONE', *, *, #1667, .F. ) ;
#378 = DIRECTION ( 'NONE',  ( -2.157616263652745752E-16, -0.0000000000000000000, -1.000000000000000000 ) ) ;
#379 = FILL_AREA_STYLE ('',( #1081 ) ) ;
#380 = ORIENTED_EDGE ( 'NONE', *, *, #1125, .F. ) ;
#381 = CARTESIAN_POINT ( 'NONE',  ( 0.4867632898750862136, 1.098999999999999977, 0.2533632493815867193 ) ) ;
#382 = CARTESIAN_POINT ( 'NONE',  ( 0.4208649772944155210, 1.100000000000000089, 0.9341804937927657981 ) ) ;
#383 = EDGE_CURVE ( 'NONE', #2469, #2250, #4361, .T. ) ;
#384 = ORIENTED_EDGE ( 'NONE', *, *, #2515, .F. ) ;
#385 = CARTESIAN_POINT ( 'NONE',  ( 1.210013424146748173, 1.099000000000000421, 1.280003829352935441 ) ) ;
#386 = CARTESIAN_POINT ( 'NONE',  ( 0.8454800299405927921, 1.099000000000000199, -1.224633590029598151 ) ) ;
#387 = EDGE_CURVE ( 'NONE', #1524, #2250, #2606, .T. ) ;
#388 = EDGE_LOOP ( 'NONE', ( #45, #455, #1422, #3114, #2783, #765, #2173, #3005, #2178, #1720 ) ) ;
#389 = CARTESIAN_POINT ( 'NONE',  ( 0.4867632898750862136, 1.099999999999998090, 0.2533632493815867193 ) ) ;
#390 = CARTESIAN_POINT ( 'NONE',  ( 0.7624722174405927921, 1.099000000000000199, -1.155102340029598107 ) ) ;
#391 = ORIENTED_EDGE ( 'NONE', *, *, #4192, .T. ) ;
#392 = CARTESIAN_POINT ( 'NONE',  ( 1.221405289792786508, 1.098999999999999755, 1.347857728201592442 ) ) ;
#393 = ORIENTED_EDGE ( 'NONE', *, *, #851, .T. ) ;
#394 = EDGE_CURVE ( 'NONE', #142, #3042, #3514, .T. ) ;
#395 = CARTESIAN_POINT ( 'NONE',  ( 0.4690281314063543538, 1.098999999999999755, 0.2495333986187597830 ) ) ;
#396 = ORIENTED_EDGE ( 'NONE', *, *, #4029, .F. ) ;
#397 = LINE ( 'NONE', #2576, #3588 ) ;
#398 = CARTESIAN_POINT ( 'NONE',  ( 1.860000000000000098, 1.100000000000000089, 1.197867965644035415 ) ) ;
#399 = ADVANCED_FACE ( 'NONE', ( #2786 ), #1495, .T. ) ;
#400 = LINE ( 'NONE', #261, #3786 ) ;
#401 = DIRECTION ( 'NONE',  ( 0.0000000000000000000, 1.000000000000000000, 0.0000000000000000000 ) ) ;
#402 = ORIENTED_EDGE ( 'NONE', *, *, #3264, .F. ) ;
#403 = CARTESIAN_POINT ( 'NONE',  ( 0.5298712579350476348, 1.100000000000000089, -0.4235824981144300505 ) ) ;
#404 = PLANE ( 'NONE',  #3744 ) ;
#405 = PLANE ( 'NONE',  #2384 ) ;
#406 = LINE ( 'NONE', #2161, #1436 ) ;
#407 = STYLED_ITEM ( 'NONE', ( #3860 ), #3866 ) ;
#408 = CARTESIAN_POINT ( 'NONE',  ( 1.278435520559264127, 1.098999999999999977, -0.9094151726827771620 ) ) ;
#409 = ORIENTED_EDGE ( 'NONE', *, *, #1560, .F. ) ;
#410 = CARTESIAN_POINT ( 'NONE',  ( 0.4062384454350477236, 1.099000000000001753, -0.4067856231144299506 ) ) ;
#411 = VECTOR ( 'NONE', #2180, 1000.000000000000000 ) ;
#412 = CARTESIAN_POINT ( 'NONE',  ( 1.207912154322962950, 1.099999999999999867, 1.398591820196211089 ) ) ;
#413 = SURFACE_STYLE_FILL_AREA ( #756 ) ;
#414 = ADVANCED_FACE ( 'NONE', ( #2331 ), #2458, .T. ) ;
#415 = DIRECTION ( 'NONE',  ( -0.9052872276365776516, 0.0000000000000000000, -0.4247999946775884439 ) ) ;
#416 = LINE ( 'NONE', #1943, #2027 ) ;
#417 = CARTESIAN_POINT ( 'NONE',  ( 1.201257197272949329, 1.100000000000001643, 1.399497094786805285 ) ) ;
#418 = CARTESIAN_POINT ( 'NONE',  ( 1.859999999999999210, 1.050000000000000044, 0.0000000000000000000 ) ) ;
#419 = EDGE_CURVE ( 'NONE', #1958, #2807, #2690, .T. ) ;
#420 =( NAMED_UNIT ( * ) SI_UNIT ( $, .STERADIAN. ) SOLID_ANGLE_UNIT ( ) );
#421 = CARTESIAN_POINT ( 'NONE',  ( 0.4476844067672737792, 1.099000000000000199, 1.485522138053218200 ) ) ;
#422 = SURFACE_STYLE_USAGE ( .BOTH. , #772 ) ;
#423 = CARTESIAN_POINT ( 'NONE',  ( 0.3819282446988216395, 1.099000000000005750, 0.9407241030508045609 ) ) ;
#424 = CARTESIAN_POINT ( 'NONE',  ( 0.4456915704350478680, 1.099000000000000421, 0.1160659393855699439 ) ) ;
#425 = CARTESIAN_POINT ( 'NONE',  ( 0.4614899772944155432, 1.099499999999995259, 1.466602368792765843 ) ) ;
#426 = STYLED_ITEM ( 'NONE', ( #1008 ), #833 ) ;
#427 = CARTESIAN_POINT ( 'NONE',  ( 0.4422705320332383505, 1.099999999999996092, -1.463569176806350569 ) ) ;
#428 = CARTESIAN_POINT ( 'NONE',  ( -1.426603875381218245, 1.098999999999999089, 0.2587085837678691491 ) ) ;
#429 = VERTEX_POINT ( 'NONE', #3119 ) ;
#430 = MECHANICAL_DESIGN_GEOMETRIC_PRESENTATION_REPRESENTATION (  '', ( #1535 ), #2806 ) ;
#431 = CARTESIAN_POINT ( 'NONE',  ( -1.859999999999999210, 1.100000000000000089, 1.197867965644033195 ) ) ;
#432 = ADVANCED_FACE ( 'NONE', ( #759 ), #1897, .F. ) ;
#433 = CARTESIAN_POINT ( 'NONE',  ( 1.288448779940592814, 1.099000000000000199, -1.397485152529598595 ) ) ;
#434 = CARTESIAN_POINT ( 'NONE',  ( 0.3621798918612417206, 1.099000000000000199, 1.466679791529564847 ) ) ;
#435 = VECTOR ( 'NONE', #4055, 1000.000000000000114 ) ;
#436 = ORIENTED_EDGE ( 'NONE', *, *, #1456, .T. ) ;
#437 = CARTESIAN_POINT ( 'NONE',  ( 0.4208649772944155210, 1.099999999999999867, 0.9341804937927657981 ) ) ;
#438 = CARTESIAN_POINT ( 'NONE',  ( 0.3621798918612417206, 1.100000000000001643, 1.466679791529564847 ) ) ;
#439 = SURFACE_STYLE_FILL_AREA ( #796 ) ;
#440 = CARTESIAN_POINT ( 'NONE',  ( 0.4650781720875900582, 1.099000000000000199, 0.7982422045996204751 ) ) ;
#441 = CARTESIAN_POINT ( 'NONE',  ( 0.4732144049405928032, 1.099000000000000199, -1.453149215029598151 ) ) ;
#442 = ORIENTED_EDGE ( 'NONE', *, *, #922, .T. ) ;
#443 = UNCERTAINTY_MEASURE_WITH_UNIT (LENGTH_MEASURE( 1.000000000000000082E-05 ), #832, 'distance_accuracy_value', 'NONE');
#444 = VERTEX_POINT ( 'NONE', #3187 ) ;
#445 = ADVANCED_FACE ( 'NONE', ( #4317 ), #2601, .T. ) ;
#446 = CARTESIAN_POINT ( 'NONE',  ( 2.010000000000000231, 0.0000000000000000000, 1.259999999999999787 ) ) ;
#447 = CARTESIAN_POINT ( 'NONE',  ( -1.239781828137123565, 1.099000000000000199, -0.1325670067833148169 ) ) ;
#448 = EDGE_CURVE ( 'NONE', #948, #299, #3260, .T. ) ;
#449 = ORIENTED_EDGE ( 'NONE', *, *, #1994, .F. ) ;
#450 = ORIENTED_EDGE ( 'NONE', *, *, #246, .T. ) ;
#451 = DIRECTION ( 'NONE',  ( 0.9096111022939517010, 0.0000000000000000000, 0.4154607593787674746 ) ) ;
#452 = DIRECTION ( 'NONE',  ( -0.0000000000000000000, -1.000000000000000000, -0.0000000000000000000 ) ) ;
#453 = CARTESIAN_POINT ( 'NONE',  ( -1.124982458058385593, 1.099000000000000199, -0.2805714162321333860 ) ) ;
#454 = AXIS2_PLACEMENT_3D ( 'NONE', #2327, #340, #2728 ) ;
#455 = ORIENTED_EDGE ( 'NONE', *, *, #448, .F. ) ;
#456 = FACE_OUTER_BOUND ( 'NONE', #3407, .T. ) ;
#457 = SURFACE_STYLE_USAGE ( .BOTH. , #124 ) ;
#458 = CARTESIAN_POINT ( 'NONE',  ( 1.220325462251159898, 1.099000000000000199, 1.302001786690940577 ) ) ;
#459 = ADVANCED_FACE ( 'NONE', ( #1631 ), #2498, .T. ) ;
#460 = FACE_OUTER_BOUND ( 'NONE', #1846, .T. ) ;
#461 = CARTESIAN_POINT ( 'NONE',  ( -1.209744032861531648, 1.100000000000000089, 0.3468282688072377717 ) ) ;
#462 = ORIENTED_EDGE ( 'NONE', *, *, #2461, .T. ) ;
#463 = CARTESIAN_POINT ( 'NONE',  ( -0.6144117493969669663, 1.099499999999999922, 0.03437472550014940981 ) ) ;
#464 = LINE ( 'NONE', #763, #411 ) ;
#465 = FACE_OUTER_BOUND ( 'NONE', #3635, .T. ) ;
#466 = LINE ( 'NONE', #633, #3067 ) ;
#467 = DIRECTION ( 'NONE',  ( -0.9052872276365776516, 0.0000000000000000000, -0.4247999946775884439 ) ) ;
#468 = CARTESIAN_POINT ( 'NONE',  ( -1.505269072231613992, 1.099000000000000199, -0.4055452744998473968 ) ) ;
#469 = EDGE_CURVE ( 'NONE', #3082, #339, #3254, .T. ) ;
#470 = ADVANCED_FACE ( 'NONE', ( #2529 ), #817, .T. ) ;
#471 = COLOUR_RGB ( '',0.1882352941176470562, 0.2039215686274509776, 0.2039215686274509776 ) ;
#472 = CARTESIAN_POINT ( 'NONE',  ( 0.4786761986085023013, 1.099000000000000421, 0.7813013170742892921 ) ) ;
#473 =( LENGTH_UNIT ( ) NAMED_UNIT ( * ) SI_UNIT ( .MILLI., .METRE. ) );
#474 = COLOUR_RGB ( '',1.000000000000000000, 1.000000000000000000, 1.000000000000000000 ) ;
#475 = EDGE_CURVE ( 'NONE', #812, #887, #4144, .T. ) ;
#476 = CARTESIAN_POINT ( 'NONE',  ( 0.4395754937286294739, 1.098999999999999977, -0.8500492593674128239 ) ) ;
#477 = CARTESIAN_POINT ( 'NONE',  ( 0.4618862799405928365, 1.100000000000000089, -0.8599851525295982846 ) ) ;
#478 = CARTESIAN_POINT ( 'NONE',  ( 0.4349869646416301139, 1.100000000000000311, -0.9740777554782827918 ) ) ;
#479 = CARTESIAN_POINT ( 'NONE',  ( 1.283379587518902021, 1.100000000000000755, -1.346231262517279648 ) ) ;
#480 = EDGE_CURVE ( 'NONE', #3676, #2252, #4204, .T. ) ;
#481 = CARTESIAN_POINT ( 'NONE',  ( 1.251656488536639689, 1.099000000000000421, 0.01157246410973892560 ) ) ;
#482 = CARTESIAN_POINT ( 'NONE',  ( 0.4085205959838505430, 1.099999999999999867, 0.9342951393173994923 ) ) ;
#483 = CARTESIAN_POINT ( 'NONE',  ( 1.273068428772991645, 1.099999999999999867, -0.9352786916062694189 ) ) ;
#484 = ORIENTED_EDGE ( 'NONE', *, *, #1482, .F. ) ;
#485 = DIRECTION ( 'NONE',  ( -1.000000000000000000, 2.519732554954289192E-13, 0.0000000000000000000 ) ) ;
#486 = CARTESIAN_POINT ( 'NONE',  ( 1.256596449867177556, 1.099999999999999867, -0.04826703352790460977 ) ) ;
#487 = CARTESIAN_POINT ( 'NONE',  ( 1.775000000000003908, -3.257362503981463965E-31, 0.7749999999999999112 ) ) ;
#488 = MECHANICAL_DESIGN_GEOMETRIC_PRESENTATION_REPRESENTATION (  '', ( #1502 ), #1721 ) ;
#489 = EDGE_LOOP ( 'NONE', ( #3238, #1798, #3759, #781 ) ) ;
#490 = ADVANCED_FACE ( 'NONE', ( #493 ), #1861, .T. ) ;
#491 = CARTESIAN_POINT ( 'NONE',  ( 1.266773821457273463, 1.098999999999999977, -1.457756556014308202 ) ) ;
#492 = CARTESIAN_POINT ( 'NONE',  ( 1.230482533266555212, 1.099000000000000421, 0.7065372595330374761 ) ) ;
#493 = FACE_OUTER_BOUND ( 'NONE', #3718, .T. ) ;
#494 = MECHANICAL_DESIGN_GEOMETRIC_PRESENTATION_REPRESENTATION (  '', ( #639 ), #132 ) ;
#495 = ORIENTED_EDGE ( 'NONE', *, *, #296, .F. ) ;
#496 = CARTESIAN_POINT ( 'NONE',  ( 1.237719227571475233, 1.099000000000000199, 0.6147218532373425193 ) ) ;
#497 = CARTESIAN_POINT ( 'NONE',  ( 1.255768980152451642, 1.098999999999999977, -0.01501099108394800610 ) ) ;
#498 = COLOUR_RGB ( '',1.000000000000000000, 1.000000000000000000, 1.000000000000000000 ) ;
#499 = DIRECTION ( 'NONE',  ( -4.336808689942018722E-16, -1.000000000000000000, 0.0000000000000000000 ) ) ;
#500 = ORIENTED_EDGE ( 'NONE', *, *, #1178, .T. ) ;
#501 = CARTESIAN_POINT ( 'NONE',  ( 0.3908346353647464411, 1.099999999999999867, 0.2646069886810794580 ) ) ;
#502 = DIRECTION ( 'NONE',  ( -0.0000000000000000000, -1.000000000000000000, 0.0000000000000000000 ) ) ;
#503 = B_SPLINE_CURVE_WITH_KNOTS ( 'NONE', 3,
 ( #1398, #372, #2078, #3392, #3079, #35, #3066, #2757, #16, #1372, #3769 ),
 .UNSPECIFIED., .F., .F.,
 ( 4, 1, 1, 1, 1, 1, 1, 1, 4 ),
 ( 0.0000000000000000000, 8.049091060184390510E-06, 1.540639744144546472E-05, 2.236614589943521886E-05, 3.014738122861753325E-05, 3.906123661729570071E-05, 5.006903600148958843E-05, 6.317725360296784433E-05, 7.900863951492431985E-05 ),
 .UNSPECIFIED. ) ;
#504 = CARTESIAN_POINT ( 'NONE',  ( 1.255112992891791901, 1.100000000000000089, -0.07255808021625564930 ) ) ;
#505 = CARTESIAN_POINT ( 'NONE',  ( 0.4398159674405927588, 1.099000000000000199, -0.9779539025295983512 ) ) ;
#506 = ORIENTED_EDGE ( 'NONE', *, *, #1093, .T. ) ;
#507 = UNCERTAINTY_MEASURE_WITH_UNIT (LENGTH_MEASURE( 1.000000000000000082E-05 ), #1967, 'distance_accuracy_value', 'NONE');
#508 = ORIENTED_EDGE ( 'NONE', *, *, #2486, .F. ) ;
#509 = CARTESIAN_POINT ( 'NONE',  ( 1.244800954787380398, 1.099999999999997424, -0.09455603755426025825 ) ) ;
#510 = EDGE_LOOP ( 'NONE', ( #2954, #3164, #3447, #2791 ) ) ;
#511 = VECTOR ( 'NONE', #2408, 999.9999999999998863 ) ;
#512 = CARTESIAN_POINT ( 'NONE',  ( 1.288448779940593036, 1.099000000000000421, -1.397485152529598817 ) ) ;
#513 = CARTESIAN_POINT ( 'NONE',  ( -0.7750000000000001332, 1.050000000000000044, 2.009999999999999787 ) ) ;
#514 = EDGE_CURVE ( 'NONE', #1015, #3782, #707, .T. ) ;
#515 = SURFACE_STYLE_FILL_AREA ( #1761 ) ;
#516 = FILL_AREA_STYLE_COLOUR ( '', #3971 ) ;
#517 = EDGE_LOOP ( 'NONE', ( #1219, #191, #256, #2553, #941, #3776, #1098, #4020, #4325, #1034, #3528 ) ) ;
#518 = STYLED_ITEM ( 'NONE', ( #2502 ), #1772 ) ;
#519 = CARTESIAN_POINT ( 'NONE',  ( 1.279080963196098875, 1.099999999999998979, -0.8952803638689494914 ) ) ;
#520 = LINE ( 'NONE', #34, #2496 ) ;
#521 = LINE ( 'NONE', #3787, #3161 ) ;
#522 = CARTESIAN_POINT ( 'NONE',  ( 0.3817415484380849988, 1.098999999999999977, 0.7883735751938515390 ) ) ;
#523 = SURFACE_STYLE_FILL_AREA ( #1854 ) ;
#524 = SURFACE_SIDE_STYLE ('',( #3999 ) ) ;
#525 = DIRECTION ( 'NONE',  ( -0.01908049524388675047, 0.0000000000000000000, 0.9998179507796646215 ) ) ;
#526 = ORIENTED_EDGE ( 'NONE', *, *, #4255, .T. ) ;
#527 = ORIENTED_EDGE ( 'NONE', *, *, #2849, .F. ) ;
#528 = PLANE ( 'NONE',  #355 ) ;
#529 = STYLED_ITEM ( 'NONE', ( #795 ), #2858 ) ;
#530 = CARTESIAN_POINT ( 'NONE',  ( 0.7624722174405927921, 1.100000000000000089, -1.155102340029598107 ) ) ;
#531 = DIRECTION ( 'NONE',  ( -0.7071067811865487940, 0.0000000000000000000, 0.7071067811865463515 ) ) ;
#532 = CARTESIAN_POINT ( 'NONE',  ( 1.256456281768593364, 1.099000000000000643, -1.454071110200688466 ) ) ;
#533 = FACE_OUTER_BOUND ( 'NONE', #3016, .T. ) ;
#534 = CARTESIAN_POINT ( 'NONE',  ( 1.256192820433418733, 1.098999999999999977, -0.02670213870560309011 ) ) ;
#535 = CARTESIAN_POINT ( 'NONE',  ( -0.7506845053024792103, 1.099000000000000199, -0.3394659044211119636 ) ) ;
#536 = EDGE_CURVE ( 'NONE', #3529, #4160, #3822, .T. ) ;
#537 = FILL_AREA_STYLE ('',( #1510 ) ) ;
#538 = CARTESIAN_POINT ( 'NONE',  ( 0.4246440873493090296, 1.098999999999999977, 0.9342566616343909169 ) ) ;
#539 = B_SPLINE_CURVE_WITH_KNOTS ( 'NONE', 3,
 ( #125, #3168, #1879, #113 ),
 .UNSPECIFIED., .F., .F.,
 ( 4, 4 ),
 ( 0.0000000000000000000, 0.0005732902620442771819 ),
 .UNSPECIFIED. ) ;
#540 = CARTESIAN_POINT ( 'NONE',  ( 1.252664533861986396, 1.099000000000000421, -0.08149856741796955573 ) ) ;
#541 = CARTESIAN_POINT ( 'NONE',  ( 0.3913727004349613625, 1.099000000000003752, 0.7965038605482668288 ) ) ;
#542 = CARTESIAN_POINT ( 'NONE',  ( 0.5124774926147315224, 1.099000000000000199, 0.2636974353391679515 ) ) ;
#543 = EDGE_CURVE ( 'NONE', #1474, #3224, #3720, .T. ) ;
#544 = DIRECTION ( 'NONE',  ( -0.9052872276365776516, 0.0000000000000000000, -0.4247999946775884439 ) ) ;
#545 = CARTESIAN_POINT ( 'NONE',  ( 0.4179409674405927810, 1.099000000000000199, -0.9084226525295984178 ) ) ;
#546 = SURFACE_STYLE_USAGE ( .BOTH. , #3251 ) ;
#547 = CARTESIAN_POINT ( 'NONE',  ( 1.282146158214902076, 1.098999999999999977, -1.452833881130499494 ) ) ;
#548 = STYLED_ITEM ( 'NONE', ( #3520 ), #33 ) ;
#549 = VERTEX_POINT ( 'NONE', #2301 ) ;
#550 = VERTEX_POINT ( 'NONE', #950 ) ;
#551 = CARTESIAN_POINT ( 'NONE',  ( 1.197867965644033417, 1.100000000000000089, 1.859999999999999654 ) ) ;
#552 = LINE ( 'NONE', #403, #2640 ) ;
#553 = CARTESIAN_POINT ( 'NONE',  ( 1.278683154940592814, 1.099999999999999423, -0.8787351525295984400 ) ) ;
#554 = ORIENTED_EDGE ( 'NONE', *, *, #4135, .T. ) ;
#555 = FACE_OUTER_BOUND ( 'NONE', #3195, .T. ) ;
#556 = CARTESIAN_POINT ( 'NONE',  ( 1.238551775422630952, 1.098999999999999977, 0.6257291608372792524 ) ) ;
#557 = CARTESIAN_POINT ( 'NONE',  ( -1.259999999999999343, -2.168404344971008868E-16, 2.009999999999999787 ) ) ;
#558 = CARTESIAN_POINT ( 'NONE',  ( 0.4466519049405928143, 1.099000000000107669, -1.342992965029598196 ) ) ;
#559 = CARTESIAN_POINT ( 'NONE',  ( 0.4456915704350478125, 1.099499999999996147, 0.1160659393855699439 ) ) ;
#560 = CARTESIAN_POINT ( 'NONE',  ( 0.4288652623324113455, 1.099000000000000199, -1.367743631766648482 ) ) ;
#561 = ORIENTED_EDGE ( 'NONE', *, *, #2768, .T. ) ;
#562 = CARTESIAN_POINT ( 'NONE',  ( 1.220325462251159898, 1.100000000000001643, 1.302001786690940577 ) ) ;
#563 = ORIENTED_EDGE ( 'NONE', *, *, #1252, .F. ) ;
#564 = EDGE_LOOP ( 'NONE', ( #3322, #2846, #2750 ) ) ;
#565 = CARTESIAN_POINT ( 'NONE',  ( 0.0000000000000000000, 0.0000000000000000000, -0.7749999999999999112 ) ) ;
#566 = B_SPLINE_CURVE_WITH_KNOTS ( 'NONE', 3,
 ( #2921, #2308, #585, #889 ),
 .UNSPECIFIED., .F., .F.,
 ( 4, 4 ),
 ( 0.0000000000000000000, 0.0004068329317708387462 ),
 .UNSPECIFIED. ) ;
#567 = ORIENTED_EDGE ( 'NONE', *, *, #3450, .F. ) ;
#568 = B_SPLINE_CURVE_WITH_KNOTS ( 'NONE', 3,
 ( #593, #3666, #3943, #907, #3613, #608, #2982, #1940, #4296, #2290, #2624 ),
 .UNSPECIFIED., .F., .F.,
 ( 4, 1, 1, 1, 1, 1, 1, 1, 4 ),
 ( 0.0000000000000000000, 1.138750426848438389E-05, 2.163798607607764335E-05, 3.115615646321473736E-05, 4.035339689447956012E-05, 4.925277496492220614E-05, 5.818885165732924658E-05, 6.744451434848519004E-05, 7.710721182800750581E-05 ),
 .UNSPECIFIED. ) ;
#569 = ORIENTED_EDGE ( 'NONE', *, *, #2213, .T. ) ;
#570 = DIRECTION ( 'NONE',  ( 0.9998221880029836139, -0.0000000000000000000, 0.01885715718041001618 ) ) ;
#571 = LINE ( 'NONE', #924, #671 ) ;
#572 = CARTESIAN_POINT ( 'NONE',  ( 0.4422705320332383505, 1.100000000000000089, -1.463569176806350569 ) ) ;
#573 = CARTESIAN_POINT ( 'NONE',  ( 0.4151050290423118905, 1.099000000000005750, 0.2483395199198996928 ) ) ;
#574 =( NAMED_UNIT ( * ) PLANE_ANGLE_UNIT ( ) SI_UNIT ( $, .RADIAN. ) );
#575 = CARTESIAN_POINT ( 'NONE',  ( 0.5212512563673545873, 1.099999999999997868, -0.4275450916139406643 ) ) ;
#576 = EDGE_CURVE ( 'NONE', #4115, #1581, #1724, .T. ) ;
#577 = ORIENTED_EDGE ( 'NONE', *, *, #2054, .T. ) ;
#578 = PRESENTATION_STYLE_ASSIGNMENT (( #120 ) ) ;
#579 = CARTESIAN_POINT ( 'NONE',  ( -2.009999999999999343, 1.050000000000000044, 1.259999999999997122 ) ) ;
#580 = MECHANICAL_DESIGN_GEOMETRIC_PRESENTATION_REPRESENTATION (  '', ( #3699 ), #4068 ) ;
#581 = CARTESIAN_POINT ( 'NONE',  ( 1.278161461003053168, 1.100000000000004308, -0.8608714527792582505 ) ) ;
#582 = VECTOR ( 'NONE', #2437, 1000.000000000000000 ) ;
#583 = CARTESIAN_POINT ( 'NONE',  ( 0.4192499301053080329, 1.099000000000000865, -0.9396483547824356908 ) ) ;
#584 =( GEOMETRIC_REPRESENTATION_CONTEXT ( 3 ) GLOBAL_UNCERTAINTY_ASSIGNED_CONTEXT ( ( #1119 ) ) GLOBAL_UNIT_ASSIGNED_CONTEXT ( ( #1666, #3724, #3365 ) ) REPRESENTATION_CONTEXT ( 'NONE', 'WORKASPACE' ) );
#585 = CARTESIAN_POINT ( 'NONE',  ( -1.343507182467833294, 1.098999999999998423, -0.2505449595392202355 ) ) ;
#586 = FILL_AREA_STYLE_COLOUR ( '', #3794 ) ;
#587 = CARTESIAN_POINT ( 'NONE',  ( 0.8452847174405927477, 1.099000000000000199, -1.074828902529598285 ) ) ;
#588 = CARTESIAN_POINT ( 'NONE',  ( 0.4370864447665455121, 1.099000000000000421, -1.349454452622509182 ) ) ;
#589 = UNCERTAINTY_MEASURE_WITH_UNIT (LENGTH_MEASURE( 1.000000000000000082E-05 ), #2582, 'distance_accuracy_value', 'NONE');
#590 = PRODUCT ( 'Coilcraft-LPD4012', 'Coilcraft-LPD4012', '', ( #3317 ) ) ;
#591 = DIRECTION ( 'NONE',  ( 0.8522411767943786076, 0.0000000000000000000, 0.5231490959335900470 ) ) ;
#592 = B_SPLINE_CURVE_WITH_KNOTS ( 'NONE', 3,
 ( #1284, #3949, #4321, #3292, #3661, #1301, #2311, #3671, #4333, #3617, #265 ),
 .UNSPECIFIED., .F., .F.,
 ( 4, 1, 1, 1, 1, 1, 1, 1, 4 ),
 ( 0.0000000000000000000, 1.461816103347291762E-05, 2.526692846864699574E-05, 3.291036051115657366E-05, 3.991841547594626965E-05, 4.876091386059553534E-05, 6.070033638716048870E-05, 7.638914816803322528E-05, 9.674488493463568207E-05 ),
 .UNSPECIFIED. ) ;
#593 = CARTESIAN_POINT ( 'NONE',  ( 0.4382587426147316889, 1.099499999999997923, 0.2469005603391679626 ) ) ;
#594 = EDGE_CURVE ( 'NONE', #2940, #2749, #3033, .T. ) ;
#595 = ORIENTED_EDGE ( 'NONE', *, *, #1186, .F. ) ;
#596 = CARTESIAN_POINT ( 'NONE',  ( 0.4689896960228402412, 1.099000000000153854, -1.455524954162896067 ) ) ;
#597 = CARTESIAN_POINT ( 'NONE',  ( 0.4303377645644696492, 1.100000000000004308, -1.359837466690414942 ) ) ;
#598 = CARTESIAN_POINT ( 'NONE',  ( -2.010000000000000675, 0.2499999999999997780, -0.7749999999999998002 ) ) ;
#599 = CARTESIAN_POINT ( 'NONE',  ( 0.4594316179899413655, 1.100000000000000089, -0.4403032052728049206 ) ) ;
#600 = ORIENTED_EDGE ( 'NONE', *, *, #3884, .F. ) ;
#601 = PRESENTATION_LAYER_ASSIGNMENT (  '', '', ( #548 ) ) ;
#602 = FACE_OUTER_BOUND ( 'NONE', #949, .T. ) ;
#603 = ORIENTED_EDGE ( 'NONE', *, *, #3366, .F. ) ;
#604 = CARTESIAN_POINT ( 'NONE',  ( 1.276826848068437936, 1.100000000000004974, -0.8458328698429069537 ) ) ;
#605 = VECTOR ( 'NONE', #3524, 1000.000000000000000 ) ;
#606 = VERTEX_POINT ( 'NONE', #287 ) ;
#607 = B_SPLINE_CURVE_WITH_KNOTS ( 'NONE', 3,
 ( #3304, #3948, #2295, #914, #894, #2937, #1968, #2280, #1256, #1586, #559 ),
 .UNSPECIFIED., .F., .F.,
 ( 4, 1, 1, 1, 1, 1, 1, 1, 4 ),
 ( 0.0000000000000000000, 5.990629783739060827E-06, 1.171634798006138441E-05, 1.770697776380040882E-05, 2.459813761062693130E-05, 3.232280489649461548E-05, 4.116896029168350232E-05, 5.126262736219143050E-05, 6.249168459772244623E-05 ),
 .UNSPECIFIED. ) ;
#608 = CARTESIAN_POINT ( 'NONE',  ( 0.4780135864458996964, 1.099000000000000199, 0.2513238695879550511 ) ) ;
#609 = CARTESIAN_POINT ( 'NONE',  ( 0.4433081266244827678, 1.100000000000003642, -0.4402647275897962342 ) ) ;
#610 = DIRECTION ( 'NONE',  ( 0.7071067811865462405, 0.0000000000000000000, 0.7071067811865489050 ) ) ;
#611 = ORIENTED_EDGE ( 'NONE', *, *, #1929, .F. ) ;
#612 = DIRECTION ( 'NONE',  ( -0.8502286315406450967, 0.0000000000000000000, -0.5264135960521173496 ) ) ;
#613 = CARTESIAN_POINT ( 'NONE',  ( 0.4274736477042572202, 1.099000000000000421, -1.391564821339002389 ) ) ;
#614 = ORIENTED_EDGE ( 'NONE', *, *, #1555, .T. ) ;
#615 = EDGE_CURVE ( 'NONE', #1202, #267, #1270, .T. ) ;
#616 = VERTEX_POINT ( 'NONE', #2661 ) ;
#617 = CARTESIAN_POINT ( 'NONE',  ( 1.266773821457273463, 1.099000000000003530, -1.457756556014308202 ) ) ;
#618 = LINE ( 'NONE', #2086, #3216 ) ;
#619 = CARTESIAN_POINT ( 'NONE',  ( -1.343507182467833294, 1.100000000000000089, -0.2505449595392202355 ) ) ;
#620 = EDGE_CURVE ( 'NONE', #1161, #1960, #252, .T. ) ;
#621 = ORIENTED_EDGE ( 'NONE', *, *, #1645, .T. ) ;
#622 = CARTESIAN_POINT ( 'NONE',  ( -1.727737733648935459, 1.099000000000000199, -0.3016781878856730770 ) ) ;
#623 = LINE ( 'NONE', #2019, #1755 ) ;
#624 = FACE_OUTER_BOUND ( 'NONE', #791, .T. ) ;
#625 = CARTESIAN_POINT ( 'NONE',  ( 0.4281337032331724024, 1.099000000000154298, -1.424706969738833928 ) ) ;
#626 = CARTESIAN_POINT ( 'NONE',  ( -1.853318206089877407, 1.100000000000000089, 0.1348137806182634069 ) ) ;
#627 = LINE ( 'NONE', #3572, #2354 ) ;
#628 = ORIENTED_EDGE ( 'NONE', *, *, #2838, .T. ) ;
#629 = CARTESIAN_POINT ( 'NONE',  ( 0.3739789351146451946, 1.099000000000003308, 1.483783794001864109 ) ) ;
#630 = EDGE_CURVE ( 'NONE', #2056, #3898, #1945, .T. ) ;
#631 = ORIENTED_EDGE ( 'NONE', *, *, #475, .T. ) ;
#632 = VECTOR ( 'NONE', #295, 1000.000000000000000 ) ;
#633 = CARTESIAN_POINT ( 'NONE',  ( -0.7750000000000001332, 0.2500000000000000000, -1.775000000000001465 ) ) ;
#634 = MECHANICAL_DESIGN_GEOMETRIC_PRESENTATION_REPRESENTATION (  '', ( #4350 ), #1315 ) ;
#635 = VECTOR ( 'NONE', #1775, 1000.000000000000000 ) ;
#636 = CARTESIAN_POINT ( 'NONE',  ( 0.0000000000000000000, 1.050000000000000044, -2.009999999999999787 ) ) ;
#637 = DIRECTION ( 'NONE',  ( -0.0000000000000000000, -1.000000000000000000, -0.0000000000000000000 ) ) ;
#638 = DIRECTION ( 'NONE',  ( 1.000000000000000000, -7.787954291162158718E-32, -1.795779995835204083E-16 ) ) ;
#639 = STYLED_ITEM ( 'NONE', ( #2772 ), #3808 ) ;
#640 = CARTESIAN_POINT ( 'NONE',  ( 0.4159256466951637976, 1.099000000000003974, 0.1120041619459170024 ) ) ;
#641 = CARTESIAN_POINT ( 'NONE',  ( 0.4960699639288183027, 1.099000000000000199, 0.09402138362069099864 ) ) ;
#642 = UNCERTAINTY_MEASURE_WITH_UNIT (LENGTH_MEASURE( 1.000000000000000082E-05 ), #2962, 'distance_accuracy_value', 'NONE');
#643 = CARTESIAN_POINT ( 'NONE',  ( 0.3623867254486268230, 1.099000000000003530, 1.470330483930387011 ) ) ;
#644 = SURFACE_SIDE_STYLE ('',( #1388 ) ) ;
#645 = CARTESIAN_POINT ( 'NONE',  ( 1.282146158214902076, 1.099000000000003530, -1.452833881130499272 ) ) ;
#646 = CARTESIAN_POINT ( 'NONE',  ( -1.343507182467833294, 1.099000000000000199, -0.2505449595392202355 ) ) ;
#647 = ORIENTED_EDGE ( 'NONE', *, *, #710, .T. ) ;
#648 =( LENGTH_UNIT ( ) NAMED_UNIT ( * ) SI_UNIT ( .MILLI., .METRE. ) );
#649 = EDGE_CURVE ( 'NONE', #38, #2758, #243, .T. ) ;
#650 = LINE ( 'NONE', #2076, #993 ) ;
#651 = CARTESIAN_POINT ( 'NONE',  ( 0.4068260172365112393, 1.100000000000003642, -0.4150511250544166586 ) ) ;
#652 = ORIENTED_EDGE ( 'NONE', *, *, #4060, .T. ) ;
#653 = CARTESIAN_POINT ( 'NONE',  ( 0.4062384454350477236, 1.099000000000001753, -0.4067856231144299506 ) ) ;
#654 =( NAMED_UNIT ( * ) SI_UNIT ( $, .STERADIAN. ) SOLID_ANGLE_UNIT ( ) );
#655 = ORIENTED_EDGE ( 'NONE', *, *, #1410, .T. ) ;
#656 = PRESENTATION_LAYER_ASSIGNMENT (  '', '', ( #286 ) ) ;
#657 = CARTESIAN_POINT ( 'NONE',  ( -0.6144117493969668553, 1.100000000000000089, 0.03437472550014940981 ) ) ;
#658 = VECTOR ( 'NONE', #2029, 999.9999999999998863 ) ;
#659 = ORIENTED_EDGE ( 'NONE', *, *, #3766, .T. ) ;
#660 = CARTESIAN_POINT ( 'NONE',  ( 1.272192155811584957, 1.099999999999993650, -1.331791385286216656 ) ) ;
#661 = AXIS2_PLACEMENT_3D ( 'NONE', #2580, #2203, #2911 ) ;
#662 = EDGE_LOOP ( 'NONE', ( #4326, #676, #567, #1007, #396, #2478, #442, #2602, #2371, #3603, #3257, #384, #3406, #3734, #823, #21 ) ) ;
#663 = ORIENTED_EDGE ( 'NONE', *, *, #2089, .F. ) ;
#664 = FILL_AREA_STYLE_COLOUR ( '', #50 ) ;
#665 = FACE_OUTER_BOUND ( 'NONE', #1169, .T. ) ;
#666 = SURFACE_STYLE_USAGE ( .BOTH. , #2090 ) ;
#667 = CARTESIAN_POINT ( 'NONE',  ( 0.4866962426147316001, 1.099000000000000199, 0.3699474353391679626 ) ) ;
#668 = CARTESIAN_POINT ( 'NONE',  ( 0.3889398718378253017, 1.099999999999997424, 0.9377551464403922621 ) ) ;
#669 = DIRECTION ( 'NONE',  ( 0.9096111022939517010, 0.0000000000000000000, 0.4154607593787673081 ) ) ;
#670 = EDGE_LOOP ( 'NONE', ( #3936, #2153, #3055, #2055 ) ) ;
#671 = VECTOR ( 'NONE', #999, 1000.000000000000000 ) ;
#672 = PLANE ( 'NONE',  #1359 ) ;
#673 = VECTOR ( 'NONE', #1094, 1000.000000000000000 ) ;
#674 = COLOUR_RGB ( '',0.1882352941176470562, 0.2039215686274509776, 0.2039215686274509776 ) ;
#675 = DIRECTION ( 'NONE',  ( 0.4880701678338526528, -0.0000000000000000000, 0.8728043946215182647 ) ) ;
#676 = ORIENTED_EDGE ( 'NONE', *, *, #3117, .F. ) ;
#677 = FILL_AREA_STYLE ('',( #1314 ) ) ;
#678 = EDGE_CURVE ( 'NONE', #205, #3370, #4313, .T. ) ;
#679 = FACE_OUTER_BOUND ( 'NONE', #517, .T. ) ;
#680 = VECTOR ( 'NONE', #1127, 1000.000000000000000 ) ;
#681 = DIRECTION ( 'NONE',  ( -0.7071067811865489050, 0.0000000000000000000, -0.7071067811865462405 ) ) ;
#682 =( LENGTH_UNIT ( ) NAMED_UNIT ( * ) SI_UNIT ( .MILLI., .METRE. ) );
#683 = CARTESIAN_POINT ( 'NONE',  ( -0.7173263950662560617, 1.100000000000002975, 0.6850014971536929620 ) ) ;
#684 = VECTOR ( 'NONE', #4290, 1000.000000000000000 ) ;
#685 = CARTESIAN_POINT ( 'NONE',  ( -1.239662773019015063, 1.098999999999997979, -0.3970243296179595260 ) ) ;
#686 = CARTESIAN_POINT ( 'NONE',  ( 0.5125890894614824056, 1.099999999999999867, -0.4307704418292063187 ) ) ;
#687 = EDGE_CURVE ( 'NONE', #775, #812, #920, .T. ) ;
#688 = VECTOR ( 'NONE', #983, 1000.000000000000000 ) ;
#689 = CARTESIAN_POINT ( 'NONE',  ( 0.3620759147944154765, 1.099000000000000199, 1.464844556292765887 ) ) ;
#690 = CARTESIAN_POINT ( 'NONE',  ( 0.4227989373780280946, 1.099000000000000199, -0.9597961795455132172 ) ) ;
#691 = DIRECTION ( 'NONE',  ( 3.620439659733559842E-16, -0.0000000000000000000, 1.000000000000000000 ) ) ;
#692 = CARTESIAN_POINT ( 'NONE',  ( 0.4179409674405927810, 1.099500000000000144, -0.9084226525295984178 ) ) ;
#693 = CARTESIAN_POINT ( 'NONE',  ( 1.259542529940592459, 1.098999999999815902, -0.9476804650295981292 ) ) ;
#694 =( LENGTH_UNIT ( ) NAMED_UNIT ( * ) SI_UNIT ( .MILLI., .METRE. ) );
#695 = CARTESIAN_POINT ( 'NONE',  ( -1.209744032861531648, 1.100000000000000089, 0.3468282688072377717 ) ) ;
#696 = CARTESIAN_POINT ( 'NONE',  ( 1.249419592062173345, 1.098999999999999977, -0.08874261168608112149 ) ) ;
#697 = CARTESIAN_POINT ( 'NONE',  ( 0.4693695245547701012, 1.099999999999999867, 0.9406431828351846658 ) ) ;
#698 = EDGE_CURVE ( 'NONE', #4047, #4222, #2737, .T. ) ;
#699 = ORIENTED_EDGE ( 'NONE', *, *, #2324, .F. ) ;
#700 = CARTESIAN_POINT ( 'NONE',  ( 1.238375214832135862, 1.099999999999996314, 0.6722689423696501798 ) ) ;
#701 = DIRECTION ( 'NONE',  ( -0.0000000000000000000, -1.000000000000000000, -0.0000000000000000000 ) ) ;
#702 = COLOUR_RGB ( '',0.1882352941176470562, 0.2039215686274509776, 0.2039215686274509776 ) ;
#703 = EDGE_CURVE ( 'NONE', #3224, #550, #13, .T. ) ;
#704 = ORIENTED_EDGE ( 'NONE', *, *, #3672, .T. ) ;
#705 = CARTESIAN_POINT ( 'NONE',  ( 1.237222884201608419, 1.100000000000000311, -0.8323617905389003591 ) ) ;
#706 = PLANE ( 'NONE',  #4323 ) ;
#707 = LINE ( 'NONE', #2853, #4269 ) ;
#708 = EDGE_LOOP ( 'NONE', ( #3031, #4071, #1282 ) ) ;
#709 = CARTESIAN_POINT ( 'NONE',  ( 1.279080963196098875, 1.098999999999999533, -0.8952803638689494914 ) ) ;
#710 = EDGE_CURVE ( 'NONE', #1581, #3584, #3629, .T. ) ;
#711 = CARTESIAN_POINT ( 'NONE',  ( 1.225305919643279395, 1.099000000000000199, 0.7113118867426136971 ) ) ;
#712 = CARTESIAN_POINT ( 'NONE',  ( -1.582193796641059969, 1.099000000000000199, -0.1489474792242583556 ) ) ;
#713 = VECTOR ( 'NONE', #637, 1000.000000000000000 ) ;
#714 = FILL_AREA_STYLE_COLOUR ( '', #1303 ) ;
#715 = CARTESIAN_POINT ( 'NONE',  ( -2.010000000000000231, 1.050000000000000044, -1.259999999999998899 ) ) ;
#716 = ORIENTED_EDGE ( 'NONE', *, *, #2740, .T. ) ;
#717 = ORIENTED_EDGE ( 'NONE', *, *, #318, .F. ) ;
#718 = CARTESIAN_POINT ( 'NONE',  ( 1.236784164428215593, 1.099999999999996758, 0.6875880764151386382 ) ) ;
#719 = VERTEX_POINT ( 'NONE', #1634 ) ;
#720 = ADVANCED_FACE ( 'NONE', ( #3507 ), #2315, .T. ) ;
#721 = DIRECTION ( 'NONE',  ( 1.000000000000000000, 0.0000000000000000000, -2.157616263652745752E-16 ) ) ;
#722 = EDGE_LOOP ( 'NONE', ( #886, #4097, #2289, #3684 ) ) ;
#723 = VECTOR ( 'NONE', #3444, 1000.000000000000000 ) ;
#724 = CARTESIAN_POINT ( 'NONE',  ( 1.278683154940592814, 1.100000000000000311, -0.8787351525295984400 ) ) ;
#725 = DIRECTION ( 'NONE',  ( 0.0000000000000000000, -0.0000000000000000000, 1.000000000000000000 ) ) ;
#726 = CARTESIAN_POINT ( 'NONE',  ( 0.4556525079350478014, 1.099000000000000199, -0.4403793731144300394 ) ) ;
#727 = VECTOR ( 'NONE', #2634, 1000.000000000000000 ) ;
#728 = FACE_OUTER_BOUND ( 'NONE', #2597, .T. ) ;
#729 = CARTESIAN_POINT ( 'NONE',  ( 1.238799055113102510, 1.099000000000000199, 0.6605777947479949397 ) ) ;
#730 = VERTEX_POINT ( 'NONE', #3297 ) ;
#731 = CARTESIAN_POINT ( 'NONE',  ( 0.4951953241411662932, 1.098999999999999977, 0.2565094916243915169 ) ) ;
#732 = CARTESIAN_POINT ( 'NONE',  ( 0.4318249699044150458, 1.099000000000000199, 0.9344013920913615268 ) ) ;
#733 = LINE ( 'NONE', #103, #48 ) ;
#734 = LINE ( 'NONE', #3214, #3222 ) ;
#735 = CARTESIAN_POINT ( 'NONE',  ( 1.234262723216323021, 1.099999999999996092, 0.6988523975633367247 ) ) ;
#736 = ORIENTED_EDGE ( 'NONE', *, *, #1519, .T. ) ;
#737 = VERTEX_POINT ( 'NONE', #322 ) ;
#738 = CARTESIAN_POINT ( 'NONE',  ( 0.4303377645644696492, 1.099000000000135424, -1.359837466690414942 ) ) ;
#739 = LINE ( 'NONE', #1274, #3226 ) ;
#740 = CARTESIAN_POINT ( 'NONE',  ( 1.278161461003053168, 1.100000000000000089, -0.8608714527792582505 ) ) ;
#741 = EDGE_CURVE ( 'NONE', #3298, #157, #4225, .T. ) ;
#742 = CARTESIAN_POINT ( 'NONE',  ( 0.4237274024784574711, 1.099000000000000421, -0.4368047204668039085 ) ) ;
#743 = LINE ( 'NONE', #1693, #4247 ) ;
#744 = CARTESIAN_POINT ( 'NONE',  ( 0.3997380334563268578, 1.100000000000001643, 1.490242793065526428 ) ) ;
#745 = CARTESIAN_POINT ( 'NONE',  ( 0.4951953241411662932, 1.099999999999999867, 0.2565094916243915169 ) ) ;
#746 = CARTESIAN_POINT ( 'NONE',  ( 0.4950837272944154654, 1.100000000000000089, 0.9509773687927658425 ) ) ;
#747 = AXIS2_PLACEMENT_3D ( 'NONE', #3315, #4003, #2995 ) ;
#748 = CARTESIAN_POINT ( 'NONE',  ( 1.204274367614731833, 1.098999999999895172, 0.7066661853391680292 ) ) ;
#749 = DIRECTION ( 'NONE',  ( -0.0000000000000000000, -1.000000000000000000, -0.0000000000000000000 ) ) ;
#750 = AXIS2_PLACEMENT_3D ( 'NONE', #2767, #721, #1076 ) ;
#751 = ADVANCED_FACE ( 'NONE', ( #4198 ), #331, .T. ) ;
#752 = CARTESIAN_POINT ( 'NONE',  ( -1.293413599470953912, 1.099000000000000199, 1.353745634738269477 ) ) ;
#753 = CARTESIAN_POINT ( 'NONE',  ( 0.4282978051147317000, 1.099499999999996147, 0.8033458728391679182 ) ) ;
#754 = PLANE ( 'NONE',  #3533 ) ;
#755 = ORIENTED_EDGE ( 'NONE', *, *, #394, .T. ) ;
#756 = FILL_AREA_STYLE ('',( #2816 ) ) ;
#757 = CARTESIAN_POINT ( 'NONE',  ( 1.201257197272949329, 1.100000000000000311, 1.399497094786805285 ) ) ;
#758 = EDGE_CURVE ( 'NONE', #1591, #2807, #1629, .T. ) ;
#759 = FACE_OUTER_BOUND ( 'NONE', #1993, .T. ) ;
#760 = ORIENTED_EDGE ( 'NONE', *, *, #2664, .F. ) ;
#761 = CARTESIAN_POINT ( 'NONE',  ( -0.6189623005780672260, 1.100000000000001865, 0.3630821270749530760 ) ) ;
#762 = DIRECTION ( 'NONE',  ( -0.0000000000000000000, -1.000000000000000000, -0.0000000000000000000 ) ) ;
#763 = CARTESIAN_POINT ( 'NONE',  ( 0.4693024772944154877, 1.099000000000000199, 1.057227368792765798 ) ) ;
#764 = EDGE_CURVE ( 'NONE', #3731, #1739, #2043, .T. ) ;
#765 = ORIENTED_EDGE ( 'NONE', *, *, #2336, .F. ) ;
#766 = CARTESIAN_POINT ( 'NONE',  ( 1.232980029940592859, 1.099000000000000199, -0.8347898400295982180 ) ) ;
#767 = ORIENTED_EDGE ( 'NONE', *, *, #1377, .F. ) ;
#768 = CARTESIAN_POINT ( 'NONE',  ( 0.8452847174405927477, 1.100000000000000089, -1.074828902529598285 ) ) ;
#769 = CARTESIAN_POINT ( 'NONE',  ( 0.4618862799405928365, 1.100000000000000089, -0.8599851525295982846 ) ) ;
#770 = EDGE_LOOP ( 'NONE', ( #17, #262, #2801, #1646 ) ) ;
#771 = AXIS2_PLACEMENT_3D ( 'NONE', #3591, #2274, #4259 ) ;
#772 = SURFACE_SIDE_STYLE ('',( #225 ) ) ;
#773 = CARTESIAN_POINT ( 'NONE',  ( 0.4159256466951637976, 1.099000000000000421, 0.1120041619459170024 ) ) ;
#774 = CARTESIAN_POINT ( 'NONE',  ( 0.4243893689333082531, 1.099000000000003974, 0.8032118067541257345 ) ) ;
#775 = VERTEX_POINT ( 'NONE', #2367 ) ;
#776 = FACE_OUTER_BOUND ( 'NONE', #564, .T. ) ;
#777 = ADVANCED_FACE ( 'NONE', ( #1037 ), #1344, .F. ) ;
#778 =( GEOMETRIC_REPRESENTATION_CONTEXT ( 3 ) GLOBAL_UNCERTAINTY_ASSIGNED_CONTEXT ( ( #2186 ) ) GLOBAL_UNIT_ASSIGNED_CONTEXT ( ( #3695, #2711, #654 ) ) REPRESENTATION_CONTEXT ( 'NONE', 'WORKASPACE' ) );
#779 = CARTESIAN_POINT ( 'NONE',  ( 1.775000000000003908, -1.019150042136372319E-16, -0.7750000000000002442 ) ) ;
#780 = UNCERTAINTY_MEASURE_WITH_UNIT (LENGTH_MEASURE( 1.000000000000000082E-05 ), #682, 'distance_accuracy_value', 'NONE');
#781 = ORIENTED_EDGE ( 'NONE', *, *, #1864, .F. ) ;
#782 = LINE ( 'NONE', #289, #4164 ) ;
#783 = CARTESIAN_POINT ( 'NONE',  ( 0.4338923715699125605, 1.100000000000000977, 0.2469411119785401842 ) ) ;
#784 = CARTESIAN_POINT ( 'NONE',  ( 0.4255671909736432612, 1.099000000000000421, -0.9665115789528940793 ) ) ;
#785 = VERTEX_POINT ( 'NONE', #4351 ) ;
#786 = PRESENTATION_STYLE_ASSIGNMENT (( #2743 ) ) ;
#787 = CARTESIAN_POINT ( 'NONE',  ( 0.3739789351146451946, 1.099999999999999867, 1.483783794001864331 ) ) ;
#788 = FACE_OUTER_BOUND ( 'NONE', #1374, .T. ) ;
#789 = SHAPE_DEFINITION_REPRESENTATION ( #3332, #2936 ) ;
#790 = DIRECTION ( 'NONE',  ( 0.5112876267147997700, 0.0000000000000000000, -0.8594096594572042669 ) ) ;
#791 = EDGE_LOOP ( 'NONE', ( #659, #409, #600 ) ) ;
#792 = EDGE_CURVE ( 'NONE', #206, #2749, #2910, .T. ) ;
#793 = ADVANCED_FACE ( 'NONE', ( #2242 ), #2651, .F. ) ;
#794 = CARTESIAN_POINT ( 'NONE',  ( 0.3684047411851410492, 1.100000000000002087, 1.480091653380008365 ) ) ;
#795 = PRESENTATION_STYLE_ASSIGNMENT (( #1061 ) ) ;
#796 = FILL_AREA_STYLE ('',( #3821 ) ) ;
#797 = CARTESIAN_POINT ( 'NONE',  ( 1.199630593666895173, 1.098999999999999755, 1.272893824678938079 ) ) ;
#798 = VECTOR ( 'NONE', #701, 1000.000000000000000 ) ;
#799 = LINE ( 'NONE', #2344, #973 ) ;
#800 = CARTESIAN_POINT ( 'NONE',  ( -2.009999999999999787, 1.050000000000000044, -0.7749999999999996891 ) ) ;
#801 = DIRECTION ( 'NONE',  ( 0.6128916609699273099, 0.0000000000000000000, -0.7901669519244168827 ) ) ;
#802 = ADVANCED_FACE ( 'NONE', ( #218 ), #4036, .F. ) ;
#803 = CARTESIAN_POINT ( 'NONE',  ( 1.272192155811584957, 1.099000000000000421, -1.331791385286216656 ) ) ;
#804 = EDGE_CURVE ( 'NONE', #2007, #1702, #3006, .T. ) ;
#805 = CARTESIAN_POINT ( 'NONE',  ( 0.3623867254486268230, 1.099000000000000199, 1.470330483930387233 ) ) ;
#806 = CARTESIAN_POINT ( 'NONE',  ( 1.244698779940592859, 1.100000000000000089, -1.447875777529598063 ) ) ;
#807 = CARTESIAN_POINT ( 'NONE',  ( 0.4417831342536244765, 1.100000000000000089, 0.1159318733005276075 ) ) ;
#808 = DIRECTION ( 'NONE',  ( 1.000000000000000000, 0.0000000000000000000, -0.0000000000000000000 ) ) ;
#809 = CARTESIAN_POINT ( 'NONE',  ( -0.7750000000000001332, -1.019150042136366526E-16, -1.775000000000001688 ) ) ;
#810 = ADVANCED_FACE ( 'NONE', ( #1112 ), #404, .T. ) ;
#811 = FILL_AREA_STYLE ('',( #3531 ) ) ;
#812 = VERTEX_POINT ( 'NONE', #3757 ) ;
#813 = CARTESIAN_POINT ( 'NONE',  ( -1.426603875381218245, 1.100000000000001421, 0.2587085837678691491 ) ) ;
#814 = CARTESIAN_POINT ( 'NONE',  ( 0.4476844067672737792, 1.100000000000000533, 1.485522138053218200 ) ) ;
#815 = ORIENTED_EDGE ( 'NONE', *, *, #594, .F. ) ;
#816 = CARTESIAN_POINT ( 'NONE',  ( -1.505269072231613992, 1.100000000000000089, -0.4055452744998473968 ) ) ;
#817 = PLANE ( 'NONE',  #2062 ) ;
#818 = CARTESIAN_POINT ( 'NONE',  ( 0.4786761986085023013, 1.100000000000000089, 0.7813013170742892921 ) ) ;
#819 = DIRECTION ( 'NONE',  ( -1.000000000000000000, 0.0000000000000000000, 3.620439659733559842E-16 ) ) ;
#820 = ORIENTED_EDGE ( 'NONE', *, *, #4366, .T. ) ;
#821 = EDGE_LOOP ( 'NONE', ( #3115, #1459, #3777, #1898 ) ) ;
#822 = SURFACE_STYLE_USAGE ( .BOTH. , #1234 ) ;
#823 = ORIENTED_EDGE ( 'NONE', *, *, #514, .T. ) ;
#824 = CARTESIAN_POINT ( 'NONE',  ( -1.293413599470953912, 1.099499999999999922, 1.127099222808359169 ) ) ;
#825 = CARTESIAN_POINT ( 'NONE',  ( 0.3794696801147315890, 1.099000000000000199, 0.7775646228391679404 ) ) ;
#826 = EDGE_CURVE ( 'NONE', #3768, #4371, #1248, .T. ) ;
#827 = EDGE_LOOP ( 'NONE', ( #1427, #1011, #2288, #4200, #4311, #1687, #2997, #3467, #147, #1847, #1421, #1488, #3140, #1328, #1515, #2070 ) ) ;
#828 = ORIENTED_EDGE ( 'NONE', *, *, #1244, .T. ) ;
#829 = ORIENTED_EDGE ( 'NONE', *, *, #81, .F. ) ;
#830 = CARTESIAN_POINT ( 'NONE',  ( 1.217024358987211174, 1.098999999999999977, 0.5856138912253400219 ) ) ;
#831 = CARTESIAN_POINT ( 'NONE',  ( 1.256433757935047524, 1.100000000000000089, -0.03334812311443004912 ) ) ;
#832 =( LENGTH_UNIT ( ) NAMED_UNIT ( * ) SI_UNIT ( .MILLI., .METRE. ) );
#833 = ADVANCED_FACE ( 'NONE', ( #3697 ), #1033, .F. ) ;
#834 = VERTEX_POINT ( 'NONE', #2739 ) ;
#835 = LINE ( 'NONE', #398, #3210 ) ;
#836 =( LENGTH_UNIT ( ) NAMED_UNIT ( * ) SI_UNIT ( .MILLI., .METRE. ) );
#837 = CARTESIAN_POINT ( 'NONE',  ( 0.3797804907689429910, 1.100000000000000311, 0.7830505504767899527 ) ) ;
#838 = CARTESIAN_POINT ( 'NONE',  ( 1.256433757935047524, 1.099000000000000199, -0.03334812311443004912 ) ) ;
#839 = CARTESIAN_POINT ( 'NONE',  ( 0.4109040397944155876, 1.099499999999995925, 1.490625806292765754 ) ) ;
#840 = UNCERTAINTY_MEASURE_WITH_UNIT (LENGTH_MEASURE( 1.000000000000000082E-05 ), #1752, 'distance_accuracy_value', 'NONE');
#841 = PLANE ( 'NONE',  #1728 ) ;
#842 = PRESENTATION_STYLE_ASSIGNMENT (( #3000 ) ) ;
#843 =( GEOMETRIC_REPRESENTATION_CONTEXT ( 3 ) GLOBAL_UNCERTAINTY_ASSIGNED_CONTEXT ( ( #3929 ) ) GLOBAL_UNIT_ASSIGNED_CONTEXT ( ( #375, #3041, #3416 ) ) REPRESENTATION_CONTEXT ( 'NONE', 'WORKASPACE' ) );
#844 = CARTESIAN_POINT ( 'NONE',  ( 0.3889398718378253017, 1.100000000000000089, 0.9377551464403922621 ) ) ;
#845 = ORIENTED_EDGE ( 'NONE', *, *, #3853, .T. ) ;
#846 = CARTESIAN_POINT ( 'NONE',  ( 1.221668132935047613, 1.098999999999895172, 0.01938625188556994394 ) ) ;
#847 = VECTOR ( 'NONE', #2263, 1000.000000000000000 ) ;
#848 = CARTESIAN_POINT ( 'NONE',  ( 1.237719227571475233, 1.100000000000000089, 0.6147218532373425193 ) ) ;
#849 = DIRECTION ( 'NONE',  ( -0.7071067811865483499, 0.0000000000000000000, 0.7071067811865465735 ) ) ;
#850 = CARTESIAN_POINT ( 'NONE',  ( -0.7506845053024792103, 1.100000000000000089, -0.3394659044211119636 ) ) ;
#851 = EDGE_CURVE ( 'NONE', #4150, #2836, #618, .T. ) ;
#852 = CARTESIAN_POINT ( 'NONE',  ( 0.4151050290423118905, 1.099000000000000199, 0.2483395199198996928 ) ) ;
#853 = B_SPLINE_CURVE_WITH_KNOTS ( 'NONE', 3,
 ( #3865, #1865, #3199, #1195, #976, #298, #389, #2072, #995, #1405, #2879 ),
 .UNSPECIFIED., .F., .F.,
 ( 4, 1, 1, 1, 1, 1, 1, 1, 4 ),
 ( 0.0000000000000000000, 1.133812775071885992E-05, 2.154416319981734734E-05, 3.102106255002351032E-05, 4.017842350507993003E-05, 4.903921363833835262E-05, 5.793654326737191390E-05, 6.715207316186526181E-05, 7.677287293118597027E-05 ),
 .UNSPECIFIED. ) ;
#854 = CARTESIAN_POINT ( 'NONE',  ( 1.239008847429949434, 1.099000000000000421, -0.09934366101520127057 ) ) ;
#855 = CARTESIAN_POINT ( 'NONE',  ( 0.3819282446988216950, 1.098999999999999755, 0.9407241030508046720 ) ) ;
#856 =( NAMED_UNIT ( * ) SI_UNIT ( $, .STERADIAN. ) SOLID_ANGLE_UNIT ( ) );
#857 = EDGE_CURVE ( 'NONE', #1584, #267, #316, .T. ) ;
#858 = CARTESIAN_POINT ( 'NONE',  ( 0.4499670368908927354, 1.099000000000000199, -0.8540120948820907332 ) ) ;
#859 = ADVANCED_FACE ( 'NONE', ( #2713 ), #3987, .T. ) ;
#860 = DIRECTION ( 'NONE',  ( -0.0000000000000000000, 0.0000000000000000000, -1.000000000000000000 ) ) ;
#861 = CARTESIAN_POINT ( 'NONE',  ( 0.3794696801147315890, 1.099499999999999478, 0.7775646228391679404 ) ) ;
#862 = EDGE_CURVE ( 'NONE', #2940, #1573, #1799, .T. ) ;
#863 = PLANE ( 'NONE',  #4149 ) ;
#864 = CARTESIAN_POINT ( 'NONE',  ( -0.9057358438851574878, 1.100000000000000089, -0.4946457469407954943 ) ) ;
#865 = CARTESIAN_POINT ( 'NONE',  ( 1.278827208874943500, 1.099000000000000199, -0.8847264881922133339 ) ) ;
#866 = EDGE_LOOP ( 'NONE', ( #563, #4155, #3348, #3309 ) ) ;
#867 = CARTESIAN_POINT ( 'NONE',  ( 0.3864599279281504818, 1.098999999999999977, 0.9388854851378076738 ) ) ;
#868 = CARTESIAN_POINT ( 'NONE',  ( 0.4650781720875900582, 1.099999999999996536, 0.7982422045996204751 ) ) ;
#869 = CARTESIAN_POINT ( 'NONE',  ( 0.3795736571815578886, 1.099000000000003974, 0.7793998580759667894 ) ) ;
#870 =( LENGTH_UNIT ( ) NAMED_UNIT ( * ) SI_UNIT ( .MILLI., .METRE. ) );
#871 = CARTESIAN_POINT ( 'NONE',  ( -1.293413599470953912, 1.100000000000000089, 1.353745634738269477 ) ) ;
#872 = ORIENTED_EDGE ( 'NONE', *, *, #2687, .F. ) ;
#873 = DIRECTION ( 'NONE',  ( -0.0000000000000000000, 0.0000000000000000000, -1.000000000000000000 ) ) ;
#874 = CARTESIAN_POINT ( 'NONE',  ( 0.4575580726787104036, 1.099000000000000199, -0.8578161698703986593 ) ) ;
#875 = CARTESIAN_POINT ( 'NONE',  ( 0.4510992760573022675, 1.099999999999995648, -1.463159300486943204 ) ) ;
#876 = CARTESIAN_POINT ( 'NONE',  ( 0.3985318813748476297, 1.100000000000000089, 0.7992840953995150599 ) ) ;
#877 = VECTOR ( 'NONE', #1811, 999.9999999999998863 ) ;
#878 = ORIENTED_EDGE ( 'NONE', *, *, #394, .F. ) ;
#879 = CARTESIAN_POINT ( 'NONE',  ( 1.221808919226545997, 1.100000000000001865, 1.326292833379291602 ) ) ;
#880 = ORIENTED_EDGE ( 'NONE', *, *, #329, .T. ) ;
#881 = CARTESIAN_POINT ( 'NONE',  ( 1.261332734588613835, 1.099000000000000199, -0.9464863799515444986 ) ) ;
#882 = CARTESIAN_POINT ( 'NONE',  ( 0.4243893689333082531, 1.099000000000000421, 0.8032118067541257345 ) ) ;
#883 = B_SPLINE_CURVE_WITH_KNOTS ( 'NONE', 3,
 ( #1827, #774, #2574, #2260, #2223, #541, #2916, #2240, #885, #869, #2883 ),
 .UNSPECIFIED., .F., .F.,
 ( 4, 1, 1, 1, 1, 1, 1, 1, 4 ),
 ( 0.0000000000000000000, 1.176561547524018718E-05, 2.184755635866741466E-05, 3.059084586591522426E-05, 3.822895424916698299E-05, 4.485606079538567871E-05, 5.054917065020625303E-05, 5.600489061252140213E-05, 6.152004663787896373E-05 ),
 .UNSPECIFIED. ) ;
#884 = CARTESIAN_POINT ( 'NONE',  ( 1.252664533861986396, 1.100000000000000089, -0.08149856741796955573 ) ) ;
#885 = CARTESIAN_POINT ( 'NONE',  ( 0.3797804907689429910, 1.099000000000003974, 0.7830505504767899527 ) ) ;
#886 = ORIENTED_EDGE ( 'NONE', *, *, #3388, .F. ) ;
#887 = VERTEX_POINT ( 'NONE', #2332 ) ;
#888 = CARTESIAN_POINT ( 'NONE',  ( 1.255945540742946731, 1.099999999999997202, -0.06155077261631866636 ) ) ;
#889 = CARTESIAN_POINT ( 'NONE',  ( -1.239781828137123565, 1.099000000000000199, -0.1325670067833148169 ) ) ;
#890 = CARTESIAN_POINT ( 'NONE',  ( 0.4306728810147195108, 1.100000000000000311, -0.8491051813517925817 ) ) ;
#891 = DIRECTION ( 'NONE',  ( -0.0000000000000000000, -1.000000000000000000, -0.0000000000000000000 ) ) ;
#892 = VERTEX_POINT ( 'NONE', #1657 ) ;
#893 = FACE_OUTER_BOUND ( 'NONE', #3687, .T. ) ;
#894 = CARTESIAN_POINT ( 'NONE',  ( 0.4883313302524090460, 1.098999999999999977, 0.1074201081426413157 ) ) ;
#895 = CARTESIAN_POINT ( 'NONE',  ( 0.3817415484380849988, 1.099999999999999867, 0.7883735751938515390 ) ) ;
#896 = EDGE_CURVE ( 'NONE', #2277, #144, #400, .T. ) ;
#897 = ORIENTED_EDGE ( 'NONE', *, *, #3065, .T. ) ;
#898 = VECTOR ( 'NONE', #1297, 999.9999999999998863 ) ;
#899 = CARTESIAN_POINT ( 'NONE',  ( 0.4062384454350477236, 1.100000000000000089, -0.4067856231144299506 ) ) ;
#900 = VERTEX_POINT ( 'NONE', #3265 ) ;
#901 =( GEOMETRIC_REPRESENTATION_CONTEXT ( 3 ) GLOBAL_UNCERTAINTY_ASSIGNED_CONTEXT ( ( #3612 ) ) GLOBAL_UNIT_ASSIGNED_CONTEXT ( ( #975, #2319, #2649 ) ) REPRESENTATION_CONTEXT ( 'NONE', 'WORKASPACE' ) );
#902 = UNCERTAINTY_MEASURE_WITH_UNIT (LENGTH_MEASURE( 1.000000000000000082E-05 ), #648, 'distance_accuracy_value', 'NONE');
#903 = VECTOR ( 'NONE', #1197, 1000.000000000000000 ) ;
#904 = DIRECTION ( 'NONE',  ( -0.0000000000000000000, -1.000000000000000000, -0.0000000000000000000 ) ) ;
#905 = CARTESIAN_POINT ( 'NONE',  ( 0.4390604809170822187, 1.099999999999996758, 0.8033332873679761565 ) ) ;
#906 = ORIENTED_EDGE ( 'NONE', *, *, #3944, .F. ) ;
#907 = CARTESIAN_POINT ( 'NONE',  ( 0.4595105061459484053, 1.098999999999999977, 0.2481726915731989336 ) ) ;
#908 = LINE ( 'NONE', #2468, #227 ) ;
#909 = STYLED_ITEM ( 'NONE', ( #4240 ), #2831 ) ;
#910 = CARTESIAN_POINT ( 'NONE',  ( 0.4689896960228402412, 1.099999999999999867, -1.455524954162895845 ) ) ;
#911 = CARTESIAN_POINT ( 'NONE',  ( -1.124982458058385593, 1.100000000000000089, -0.2805714162321333860 ) ) ;
#912 = DIRECTION ( 'NONE',  ( 0.0000000000000000000, 1.000000000000000000, -0.0000000000000000000 ) ) ;
#913 = PRESENTATION_STYLE_ASSIGNMENT (( #2706 ) ) ;
#914 = CARTESIAN_POINT ( 'NONE',  ( 0.4930045802871497185, 1.099000000000000643, 0.1032940885640233203 ) ) ;
#915 = CARTESIAN_POINT ( 'NONE',  ( 0.4276117779687664266, 1.098999999999999977, -1.378041193257830699 ) ) ;
#916 = FACE_OUTER_BOUND ( 'NONE', #2014, .T. ) ;
#917 = FACE_OUTER_BOUND ( 'NONE', #3818, .T. ) ;
#918 = CARTESIAN_POINT ( 'NONE',  ( 0.4398159674405927588, 1.100000000000000089, -0.9779539025295983512 ) ) ;
#919 = DIRECTION ( 'NONE',  ( -0.0000000000000000000, -1.000000000000000000, -0.0000000000000000000 ) ) ;
#920 = B_SPLINE_CURVE_WITH_KNOTS ( 'NONE', 3,
 ( #3608, #4327, #1937, #3633 ),
 .UNSPECIFIED., .F., .F.,
 ( 4, 4 ),
 ( 0.0000000000000000000, 0.001015710538537600979 ),
 .UNSPECIFIED. ) ;
#921 = B_SPLINE_CURVE_WITH_KNOTS ( 'NONE', 3,
 ( #2448, #217, #3574, #509, #235, #4227, #3124, #888, #1251, #1928, #1891 ),
 .UNSPECIFIED., .F., .F.,
 ( 4, 1, 1, 1, 1, 1, 1, 1, 4 ),
 ( 0.0000000000000000000, 8.049091060184461661E-06, 1.540639744144563412E-05, 2.236614589943540859E-05, 3.014738122861773992E-05, 3.906123661729604630E-05, 5.006903600149002211E-05, 6.317725360296846775E-05, 7.900863951492506523E-05 ),
 .UNSPECIFIED. ) ;
#922 = EDGE_CURVE ( 'NONE', #2246, #2229, #1231, .T. ) ;
#923 = CARTESIAN_POINT ( 'NONE',  ( 0.4510992760573022675, 1.098999999999999977, -1.463159300486943204 ) ) ;
#924 = CARTESIAN_POINT ( 'NONE',  ( -2.010000000000000231, 0.0000000000000000000, 0.0000000000000000000 ) ) ;
#925 = CARTESIAN_POINT ( 'NONE',  ( 0.4499670368908927354, 1.099000000000000199, -0.8540120948820907332 ) ) ;
#926 = PLANE ( 'NONE',  #4044 ) ;
#927 = CARTESIAN_POINT ( 'NONE',  ( 0.4954073517662157533, 1.100000000000000311, -0.4359560638656428955 ) ) ;
#928 = UNCERTAINTY_MEASURE_WITH_UNIT (LENGTH_MEASURE( 1.000000000000000082E-05 ), #3025, 'distance_accuracy_value', 'NONE');
#929 = STYLED_ITEM ( 'NONE', ( #2105 ), #58 ) ;
#930 = ORIENTED_EDGE ( 'NONE', *, *, #4025, .T. ) ;
#931 = DIRECTION ( 'NONE',  ( -0.7071067811865489050, 0.0000000000000000000, -0.7071067811865460184 ) ) ;
#932 = VECTOR ( 'NONE', #919, 1000.000000000000000 ) ;
#933 = CARTESIAN_POINT ( 'NONE',  ( 1.254679152380771878, 1.100000000000004530, -0.8237084471316190593 ) ) ;
#934 = STYLED_ITEM ( 'NONE', ( #842 ), #2188 ) ;
#935 = ORIENTED_EDGE ( 'NONE', *, *, #3112, .T. ) ;
#936 = CARTESIAN_POINT ( 'NONE',  ( 0.4183830270234220050, 1.099000000000000199, -0.9251668828591607108 ) ) ;
#937 = VECTOR ( 'NONE', #2181, 1000.000000000000000 ) ;
#938 = CARTESIAN_POINT ( 'NONE',  ( 1.239202684546861999, 1.098999999999999977, 0.6390128999256934339 ) ) ;
#939 = CARTESIAN_POINT ( 'NONE',  ( -2.009999999999999343, 0.2500000000000000000, 2.009999999999999787 ) ) ;
#940 =( NAMED_UNIT ( * ) PLANE_ANGLE_UNIT ( ) SI_UNIT ( $, .RADIAN. ) );
#941 = ORIENTED_EDGE ( 'NONE', *, *, #2894, .T. ) ;
#942 = DIRECTION ( 'NONE',  ( -0.7071067811865489050, 0.0000000000000000000, 0.7071067811865462405 ) ) ;
#943 = CARTESIAN_POINT ( 'NONE',  ( 0.4303377645644696492, 1.100000000000000311, -1.359837466690414942 ) ) ;
#944 = EDGE_CURVE ( 'NONE', #2297, #4213, #2012, .T. ) ;
#945 = ORIENTED_EDGE ( 'NONE', *, *, #792, .F. ) ;
#946 = CARTESIAN_POINT ( 'NONE',  ( 0.9236050299405927921, 1.099000000000000199, -1.145922652529598240 ) ) ;
#947 = EDGE_LOOP ( 'NONE', ( #95, #3701, #2943 ) ) ;
#948 = VERTEX_POINT ( 'NONE', #1266 ) ;
#949 = EDGE_LOOP ( 'NONE', ( #2337, #2857 ) ) ;
#950 = CARTESIAN_POINT ( 'NONE',  ( 0.4693024772944154877, 1.099000000000000199, 1.057227368792765798 ) ) ;
#951 = EDGE_CURVE ( 'NONE', #4213, #3472, #2551, .T. ) ;
#952 = VERTEX_POINT ( 'NONE', #2975 ) ;
#953 = CARTESIAN_POINT ( 'NONE',  ( 0.4381488432805755728, 1.099000000000000421, -0.9766157342439187872 ) ) ;
#954 = LINE ( 'NONE', #667, #3647 ) ;
#955 = FILL_AREA_STYLE ('',( #4367 ) ) ;
#956 = CARTESIAN_POINT ( 'NONE',  ( 0.7750000000000002442, 0.0000000000000000000, -1.775000000000000133 ) ) ;
#957 = VERTEX_POINT ( 'NONE', #557 ) ;
#958 = DIRECTION ( 'NONE',  ( 0.7071067811865462405, -0.0000000000000000000, 0.7071067811865489050 ) ) ;
#959 = CARTESIAN_POINT ( 'NONE',  ( 0.4450277330202477288, 1.100000000000000311, -1.344101270810187376 ) ) ;
#960 = EDGE_CURVE ( 'NONE', #3412, #2123, #782, .T. ) ;
#961 = FACE_OUTER_BOUND ( 'NONE', #4373, .T. ) ;
#962 = FACE_OUTER_BOUND ( 'NONE', #1999, .T. ) ;
#963 = ORIENTED_EDGE ( 'NONE', *, *, #2146, .T. ) ;
#964 = COLOUR_RGB ( '',0.1882352941176470562, 0.2039215686274509776, 0.2039215686274509776 ) ;
#965 = PRESENTATION_STYLE_ASSIGNMENT (( #2976 ) ) ;
#966 = CARTESIAN_POINT ( 'NONE',  ( 1.244698779940592859, 1.099000000000007971, -1.447875777529598063 ) ) ;
#967 = VECTOR ( 'NONE', #155, 1000.000000000000000 ) ;
#968 = AXIS2_PLACEMENT_3D ( 'NONE', #441, #3151, #2869 ) ;
#969 = LINE ( 'NONE', #263, #3803 ) ;
#970 = SURFACE_SIDE_STYLE ('',( #2638 ) ) ;
#971 = LINE ( 'NONE', #3256, #1815 ) ;
#972 = B_SPLINE_CURVE_WITH_KNOTS ( 'NONE', 3,
 ( #4233, #1894, #2564, #4251 ),
 .UNSPECIFIED., .F., .F.,
 ( 4, 4 ),
 ( 1.084202172485504434E-19, 0.0005732858354024353634 ),
 .UNSPECIFIED. ) ;
#973 = VECTOR ( 'NONE', #3263, 1000.000000000000000 ) ;
#974 = DIRECTION ( 'NONE',  ( -0.9052872276365776516, 0.0000000000000000000, -0.4247999946775884439 ) ) ;
#975 =( LENGTH_UNIT ( ) NAMED_UNIT ( * ) SI_UNIT ( .MILLI., .METRE. ) );
#976 = CARTESIAN_POINT ( 'NONE',  ( 0.4690281314063543538, 1.099999999999997868, 0.2495333986187597830 ) ) ;
#977 =( NAMED_UNIT ( * ) SI_UNIT ( $, .STERADIAN. ) SOLID_ANGLE_UNIT ( ) );
#978 = CARTESIAN_POINT ( 'NONE',  ( 0.4111986623566004639, 1.099000000000007304, -0.4292348935671640442 ) ) ;
#979 = CARTESIAN_POINT ( 'NONE',  ( 0.4274977092940881462, 1.100000000000000533, -1.401719109535412011 ) ) ;
#980 = FACE_OUTER_BOUND ( 'NONE', #3186, .T. ) ;
#981 = CARTESIAN_POINT ( 'NONE',  ( -0.7173263950662560617, 1.100000000000000089, 0.6850014971536929620 ) ) ;
#982 = CARTESIAN_POINT ( 'NONE',  ( -1.239781828137123565, 1.100000000000000089, -0.1325670067833147892 ) ) ;
#983 = DIRECTION ( 'NONE',  ( 0.0000000000000000000, -0.0000000000000000000, 1.000000000000000000 ) ) ;
#984 = EDGE_CURVE ( 'NONE', #1083, #1591, #2491, .T. ) ;
#985 = VERTEX_POINT ( 'NONE', #4318 ) ;
#986 = CARTESIAN_POINT ( 'NONE',  ( 0.3971742560892590479, 1.099000000000003752, 0.09577061702319174252 ) ) ;
#987 = CARTESIAN_POINT ( 'NONE',  ( 0.4382587426147316889, 1.099499999999997923, 0.2469005603391679626 ) ) ;
#988 = B_SPLINE_SURFACE_WITH_KNOTS ( 'NONE', 3, 1, ( 
 ( #1227, #1905 ),
 ( #2557, #2882 ),
 ( #854, #182 ),
 ( #2259, #1262 ),
 ( #3610, #1598 ),
 ( #540, #884 ),
 ( #1249, #504 ),
 ( #1579, #3926 ),
 ( #2607, #486 ),
 ( #3556, #2868 ),
 ( #838, #3193 ) ),
 .UNSPECIFIED., .F., .F., .F.,
 ( 4, 1, 1, 1, 1, 1, 1, 1, 4 ),
 ( 2, 2 ),
 ( 0.0000000000000000000, 0.1018760873443967097, 0.1949963641449021234, 0.2830848124553561607, 0.3815706916826832606, 0.4943919659560421231, 0.6337159620630066215, 0.7996246232164775369, 0.9999999999999998890 ),
 ( 0.0000000000000000000, 1.000000000000000000 ),
 .UNSPECIFIED. ) ;
#989 = DIRECTION ( 'NONE',  ( -0.0000000000000000000, 0.0000000000000000000, -1.000000000000000000 ) ) ;
#990 = CARTESIAN_POINT ( 'NONE',  ( 0.3764111317159681835, 1.100000000000000089, 0.9453249733400321819 ) ) ;
#991 = ORIENTED_EDGE ( 'NONE', *, *, #536, .F. ) ;
#992 = PRESENTATION_LAYER_ASSIGNMENT (  '', '', ( #426 ) ) ;
#993 = VECTOR ( 'NONE', #2088, 1000.000000000000000 ) ;
#994 = ORIENTED_EDGE ( 'NONE', *, *, #448, .T. ) ;
#995 = CARTESIAN_POINT ( 'NONE',  ( 0.5038574910470384749, 1.099999999999998535, 0.2597348418396576153 ) ) ;
#996 = CARTESIAN_POINT ( 'NONE',  ( 1.273068428772991645, 1.099999999999995204, -0.9352786916062694189 ) ) ;
#997 = ORIENTED_EDGE ( 'NONE', *, *, #1404, .T. ) ;
#998 = CARTESIAN_POINT ( 'NONE',  ( 0.4417831342536244765, 1.099000000000003974, 0.1159318733005276075 ) ) ;
#999 = DIRECTION ( 'NONE',  ( 0.0000000000000000000, -0.0000000000000000000, 1.000000000000000000 ) ) ;
#1000 = EDGE_LOOP ( 'NONE', ( #3644, #4172, #4121, #3277, #3403, #997, #349, #1057 ) ) ;
#1001 = CARTESIAN_POINT ( 'NONE',  ( 0.3734408700444303286, 1.099999999999996980, 0.9518869221346770715 ) ) ;
#1002 = CARTESIAN_POINT ( 'NONE',  ( 0.5298712579350476348, 1.099000000000000199, -0.4235824981144300505 ) ) ;
#1003 = VERTEX_POINT ( 'NONE', #911 ) ;
#1004 = ORIENTED_EDGE ( 'NONE', *, *, #826, .T. ) ;
#1005 = VECTOR ( 'NONE', #4133, 1000.000000000000114 ) ;
#1006 = CARTESIAN_POINT ( 'NONE',  ( -0.4241087572709806852, 1.099000000000000199, 0.3892062215631412747 ) ) ;
#1007 = ORIENTED_EDGE ( 'NONE', *, *, #369, .F. ) ;
#1008 = PRESENTATION_STYLE_ASSIGNMENT (( #1433 ) ) ;
#1009 = CARTESIAN_POINT ( 'NONE',  ( -1.582193796641059969, 1.100000000000000089, -0.1489474792242583556 ) ) ;
#1010 = EDGE_CURVE ( 'NONE', #2375, #957, #3363, .T. ) ;
#1011 = ORIENTED_EDGE ( 'NONE', *, *, #2793, .F. ) ;
#1012 =( NAMED_UNIT ( * ) SI_UNIT ( $, .STERADIAN. ) SOLID_ANGLE_UNIT ( ) );
#1013 = LINE ( 'NONE', #2860, #903 ) ;
#1014 = SURFACE_STYLE_USAGE ( .BOTH. , #2679 ) ;
#1015 = VERTEX_POINT ( 'NONE', #2947 ) ;
#1016 = CARTESIAN_POINT ( 'NONE',  ( 0.4556525079350477458, 1.099499999999997923, -0.4403793731144299839 ) ) ;
#1017 = CARTESIAN_POINT ( 'NONE',  ( 1.220981449511819417, 1.099999999999999867, 1.359548875823247682 ) ) ;
#1018 = AXIS2_PLACEMENT_3D ( 'NONE', #752, #3468, #1803 ) ;
#1019 = VECTOR ( 'NONE', #801, 1000.000000000000114 ) ;
#1020 = PRESENTATION_STYLE_ASSIGNMENT (( #4378 ) ) ;
#1021 = CARTESIAN_POINT ( 'NONE',  ( -0.6189623005780672260, 1.100000000000000089, 0.3630821270749530760 ) ) ;
#1022 = PRESENTATION_STYLE_ASSIGNMENT (( #3954 ) ) ;
#1023 = AXIS2_PLACEMENT_3D ( 'NONE', #4022, #7, #4065 ) ;
#1024 = DIRECTION ( 'NONE',  ( -0.7071067811865489050, 0.0000000000000000000, -0.7071067811865462405 ) ) ;
#1025 = CARTESIAN_POINT ( 'NONE',  ( 1.236784164428215593, 1.100000000000000311, 0.6875880764151386382 ) ) ;
#1026 = CARTESIAN_POINT ( 'NONE',  ( 0.4824719374079061707, 1.100000000000000089, 0.1109622711460223621 ) ) ;
#1027 = B_SPLINE_SURFACE_WITH_KNOTS ( 'NONE', 3, 1, ( 
 ( #3523, #3843 ),
 ( #2236, #138 ),
 ( #2554, #1528 ),
 ( #3501, #501 ),
 ( #3870, #3229 ),
 ( #3905, #4243 ),
 ( #1903, #1838 ),
 ( #852, #3180 ),
 ( #4256, #1500 ),
 ( #1876, #3211 ),
 ( #4188, #1205 ) ),
 .UNSPECIFIED., .F., .F., .F.,
 ( 4, 1, 1, 1, 1, 1, 1, 1, 4 ),
 ( 2, 2 ),
 ( 0.0000000000000000000, 0.1236068938263152617, 0.2322503210105519023, 0.3323442578780407830, 0.4255126411585591351, 0.5331790718045247290, 0.6573545666612784499, 0.8124698955084863616, 1.000000000000000000 ),
 ( 0.0000000000000000000, 1.000000000000000000 ),
 .UNSPECIFIED. ) ;
#1028 = DIRECTION ( 'NONE',  ( 0.7071067811865487940, 0.0000000000000000000, -0.7071067811865463515 ) ) ;
#1029 = CARTESIAN_POINT ( 'NONE',  ( -0.7750000000000001332, 0.2500000000000000000, 2.009999999999999787 ) ) ;
#1030 = EDGE_CURVE ( 'NONE', #1914, #2852, #2238, .T. ) ;
#1031 = CARTESIAN_POINT ( 'NONE',  ( -0.4359386785308242418, 1.099000000000000199, 0.02057944990959716808 ) ) ;
#1032 = PLANE ( 'NONE',  #308 ) ;
#1033 = PLANE ( 'NONE',  #3374 ) ;
#1034 = ORIENTED_EDGE ( 'NONE', *, *, #3781, .T. ) ;
#1035 = CARTESIAN_POINT ( 'NONE',  ( -1.627281670656810286, 1.100000000000000089, -0.3817115737124471830 ) ) ;
#1036 = EDGE_CURVE ( 'NONE', #892, #1511, #1696, .T. ) ;
#1037 = FACE_OUTER_BOUND ( 'NONE', #264, .T. ) ;
#1038 = DIRECTION ( 'NONE',  ( 0.0000000000000000000, 1.000000000000000000, 0.0000000000000000000 ) ) ;
#1039 = CARTESIAN_POINT ( 'NONE',  ( -2.010000000000000231, 0.2499999999999998335, 0.7750000000000004663 ) ) ;
#1040 = ORIENTED_EDGE ( 'NONE', *, *, #698, .T. ) ;
#1041 = B_SPLINE_SURFACE_WITH_KNOTS ( 'NONE', 3, 1, ( 
 ( #3729, #1719 ),
 ( #2034, #1672 ),
 ( #315, #1017 ),
 ( #3357, #4035 ),
 ( #2695, #3343 ),
 ( #4370, #2370 ),
 ( #3708, #412 ),
 ( #2107, #757 ),
 ( #1426, #3081 ),
 ( #3743, #2745 ),
 ( #1794, #3069 ) ),
 .UNSPECIFIED., .F., .F., .F.,
 ( 4, 1, 1, 1, 1, 1, 1, 1, 4 ),
 ( 2, 2 ),
 ( 0.0000000000000000000, 0.2427798894104192806, 0.4270812797719608089, 0.5620045124085548682, 0.6619942185371293641, 0.7362647077122096428, 0.8085686940455031335, 0.8944825010737383897, 1.000000000000000000 ),
 ( 0.0000000000000000000, 1.000000000000000000 ),
 .UNSPECIFIED. ) ;
#1042 = DIRECTION ( 'NONE',  ( -0.0000000000000000000, -1.000000000000000000, -0.0000000000000000000 ) ) ;
#1043 = FILL_AREA_STYLE_COLOUR ( '', #4075 ) ;
#1044 = LINE ( 'NONE', #3827, #605 ) ;
#1045 = CARTESIAN_POINT ( 'NONE',  ( 1.221158010102314062, 1.100000000000000089, 1.313009094290877199 ) ) ;
#1046 = ADVANCED_FACE ( 'NONE', ( #4334 ), #1650, .F. ) ;
#1047 = CARTESIAN_POINT ( 'NONE',  ( 1.859999999999999210, 1.100000000000000089, -1.197867965644032529 ) ) ;
#1048 = ORIENTED_EDGE ( 'NONE', *, *, #3665, .T. ) ;
#1049 = CARTESIAN_POINT ( 'NONE',  ( 0.4038536932484665942, 1.098999999999999977, 0.2516055516842096162 ) ) ;
#1050 =( GEOMETRIC_REPRESENTATION_CONTEXT ( 3 ) GLOBAL_UNCERTAINTY_ASSIGNED_CONTEXT ( ( #507 ) ) GLOBAL_UNIT_ASSIGNED_CONTEXT ( ( #1967, #1585, #2653 ) ) REPRESENTATION_CONTEXT ( 'NONE', 'WORKASPACE' ) );
#1051 = VERTEX_POINT ( 'NONE', #2613 ) ;
#1052 = ORIENTED_EDGE ( 'NONE', *, *, #4029, .T. ) ;
#1053 = CARTESIAN_POINT ( 'NONE',  ( 0.4111986623566004639, 1.099000000000000421, -0.4292348935671640442 ) ) ;
#1054 = ORIENTED_EDGE ( 'NONE', *, *, #4106, .F. ) ;
#1055 = CARTESIAN_POINT ( 'NONE',  ( -1.426603875381218245, 1.100000000000000089, 0.2587085837678691491 ) ) ;
#1056 = CARTESIAN_POINT ( 'NONE',  ( 0.3968634454350477014, 1.099000000000000199, 0.09028468938556993839 ) ) ;
#1057 = ORIENTED_EDGE ( 'NONE', *, *, #3712, .T. ) ;
#1058 = COLOUR_RGB ( '',0.1882352941176470562, 0.2039215686274509776, 0.2039215686274509776 ) ;
#1059 = CARTESIAN_POINT ( 'NONE',  ( 1.199630593666895395, 1.099999999999999867, 1.272893824678938079 ) ) ;
#1060 = FACE_OUTER_BOUND ( 'NONE', #2814, .T. ) ;
#1061 = SURFACE_STYLE_USAGE ( .BOTH. , #2068 ) ;
#1062 = B_SPLINE_SURFACE_WITH_KNOTS ( 'NONE', 3, 1, ( 
 ( #1893, #2209 ),
 ( #2922, #2526 ),
 ( #858, #4250 ),
 ( #476, #2245 ),
 ( #3596, #890 ),
 ( #168, #2904 ),
 ( #1213, #3250 ),
 ( #220, #3217 ),
 ( #4265, #1882 ),
 ( #3915, #2592 ),
 ( #545, #4230 ) ),
 .UNSPECIFIED., .F., .F., .F.,
 ( 4, 1, 1, 1, 1, 1, 1, 1, 4 ),
 ( 2, 2 ),
 ( 0.0000000000000000000, 0.1505253039816490390, 0.2639991341357021959, 0.3471426743099221279, 0.4180687980808386328, 0.5051242501385608819, 0.6228117853018980687, 0.7871347271637942900, 0.9999999999999998890 ),
 ( 0.0000000000000000000, 1.000000000000000000 ),
 .UNSPECIFIED. ) ;
#1063 = UNCERTAINTY_MEASURE_WITH_UNIT (LENGTH_MEASURE( 1.000000000000000082E-05 ), #473, 'distance_accuracy_value', 'NONE');
#1064 = ORIENTED_EDGE ( 'NONE', *, *, #3575, .F. ) ;
#1065 = DIRECTION ( 'NONE',  ( -1.000000000000000000, 2.519732554953542993E-13, 0.0000000000000000000 ) ) ;
#1066 = EDGE_CURVE ( 'NONE', #3203, #2738, #1550, .T. ) ;
#1067 = LINE ( 'NONE', #3595, #2861 ) ;
#1068 =( LENGTH_UNIT ( ) NAMED_UNIT ( * ) SI_UNIT ( .MILLI., .METRE. ) );
#1069 = VECTOR ( 'NONE', #808, 1000.000000000000000 ) ;
#1070 = CARTESIAN_POINT ( 'NONE',  ( 0.4433081266244827678, 1.100000000000000311, -0.4402647275897962342 ) ) ;
#1071 = DIRECTION ( 'NONE',  ( 0.7071067811865462405, 0.0000000000000000000, 0.7071067811865489050 ) ) ;
#1072 = PLANE ( 'NONE',  #2780 ) ;
#1073 = CARTESIAN_POINT ( 'NONE',  ( -1.293413599470953912, 1.099000000000000199, 1.353745634738269477 ) ) ;
#1074 = DIRECTION ( 'NONE',  ( 0.4247999946775884994, 0.0000000000000000000, -0.9052872276365777626 ) ) ;
#1075 = VECTOR ( 'NONE', #2023, 1000.000000000000114 ) ;
#1076 = DIRECTION ( 'NONE',  ( -2.157616263652745752E-16, 0.0000000000000000000, -1.000000000000000000 ) ) ;
#1077 = AXIS2_PLACEMENT_3D ( 'NONE', #598, #3627, #2655 ) ;
#1078 = CARTESIAN_POINT ( 'NONE',  ( 1.278494905366423184, 1.099000000000000199, -0.8722891625935129678 ) ) ;
#1079 = CARTESIAN_POINT ( 'NONE',  ( 0.4069956036129920851, 1.099999999999999867, 1.490491740207723348 ) ) ;
#1080 = CARTESIAN_POINT ( 'NONE',  ( 1.221646227294415077, 1.099499999999945521, 1.341211743792765976 ) ) ;
#1081 = FILL_AREA_STYLE_COLOUR ( '', #2391 ) ;
#1082 = EDGE_CURVE ( 'NONE', #1573, #4047, #571, .T. ) ;
#1083 = VERTEX_POINT ( 'NONE', #2731 ) ;
#1084 = ADVANCED_FACE ( 'NONE', ( #961 ), #1129, .T. ) ;
#1085 = CARTESIAN_POINT ( 'NONE',  ( -2.010000000000000675, 0.0000000000000000000, 0.0000000000000000000 ) ) ;
#1086 = CARTESIAN_POINT ( 'NONE',  ( 0.4274736477042572202, 1.099000000000135646, -1.391564821339002389 ) ) ;
#1087 = EDGE_CURVE ( 'NONE', #2123, #3042, #1430, .T. ) ;
#1088 = VERTEX_POINT ( 'NONE', #1039 ) ;
#1089 = CARTESIAN_POINT ( 'NONE',  ( 0.4956640537180487249, 1.099999999999997202, 0.09789163897898403577 ) ) ;
#1090 = CARTESIAN_POINT ( 'NONE',  ( 0.3997380334563268578, 1.100000000000000089, 1.490242793065526428 ) ) ;
#1091 = LINE ( 'NONE', #3107, #194 ) ;
#1092 = ORIENTED_EDGE ( 'NONE', *, *, #3884, .T. ) ;
#1093 = EDGE_CURVE ( 'NONE', #3594, #887, #3609, .T. ) ;
#1094 = DIRECTION ( 'NONE',  ( -0.0000000000000000000, 1.000000000000000000, 0.0000000000000000000 ) ) ;
#1095 = FACE_OUTER_BOUND ( 'NONE', #2355, .T. ) ;
#1096 =( NAMED_UNIT ( * ) SI_UNIT ( $, .STERADIAN. ) SOLID_ANGLE_UNIT ( ) );
#1097 = CARTESIAN_POINT ( 'NONE',  ( 0.4421167408256323483, 1.100000000000000089, 0.9354526250267969356 ) ) ;
#1098 = ORIENTED_EDGE ( 'NONE', *, *, #3054, .T. ) ;
#1099 = ORIENTED_EDGE ( 'NONE', *, *, #1896, .T. ) ;
#1100 =( GEOMETRIC_REPRESENTATION_CONTEXT ( 3 ) GLOBAL_UNCERTAINTY_ASSIGNED_CONTEXT ( ( #2956 ) ) GLOBAL_UNIT_ASSIGNED_CONTEXT ( ( #1139, #65, #1773 ) ) REPRESENTATION_CONTEXT ( 'NONE', 'WORKASPACE' ) );
#1101 = CARTESIAN_POINT ( 'NONE',  ( -1.757921040735550333, 1.099000000000000199, -0.1967603926100836564 ) ) ;
#1102 = EDGE_LOOP ( 'NONE', ( #1521, #2341 ) ) ;
#1103 = CARTESIAN_POINT ( 'NONE',  ( 0.3716550076784452816, 1.099000000000000199, 0.9649032242430133355 ) ) ;
#1104 = B_SPLINE_SURFACE_WITH_KNOTS ( 'NONE', 3, 1, ( 
 ( #3765, #382 ),
 ( #362, #4117 ),
 ( #732, #80 ),
 ( #1116, #1097 ),
 ( #3458, #3396 ),
 ( #67, #37 ),
 ( #1451, #697 ),
 ( #3094, #2449 ),
 ( #1400, #2785 ),
 ( #3802, #2142 ),
 ( #2418, #746 ) ),
 .UNSPECIFIED., .F., .F., .F.,
 ( 4, 1, 1, 1, 1, 1, 1, 1, 4 ),
 ( 2, 2 ),
 ( 0.0000000000000000000, 0.1476840362725723999, 0.2806220788315175185, 0.4040628071562295531, 0.5233414091601490403, 0.6387570474572938917, 0.7546486285501172731, 0.8746849062435876343, 1.000000000000000000 ),
 ( 0.0000000000000000000, 1.000000000000000000 ),
 .UNSPECIFIED. ) ;
#1105 = ORIENTED_EDGE ( 'NONE', *, *, #3920, .T. ) ;
#1106 = FACE_OUTER_BOUND ( 'NONE', #1901, .T. ) ;
#1107 = DIRECTION ( 'NONE',  ( -4.336808689942018722E-16, -1.000000000000000000, 0.0000000000000000000 ) ) ;
#1108 = SURFACE_STYLE_USAGE ( .BOTH. , #3130 ) ;
#1109 = PRESENTATION_LAYER_ASSIGNMENT (  '', '', ( #407 ) ) ;
#1110 = CARTESIAN_POINT ( 'NONE',  ( 0.4082284006850626090, 1.100000000000000089, -0.4226729447725184330 ) ) ;
#1111 = ORIENTED_EDGE ( 'NONE', *, *, #703, .T. ) ;
#1112 = FACE_OUTER_BOUND ( 'NONE', #2991, .T. ) ;
#1113 = EDGE_LOOP ( 'NONE', ( #76, #3826, #991, #1339, #4231, #4289, #1892, #3272 ) ) ;
#1114 = CARTESIAN_POINT ( 'NONE',  ( 1.197867965644033195, 1.100000000000000089, -1.859999999999999654 ) ) ;
#1115 = CARTESIAN_POINT ( 'NONE',  ( 0.4709375649320929891, 1.099999999999999867, 0.7947000415962391928 ) ) ;
#1116 = CARTESIAN_POINT ( 'NONE',  ( 0.4421167408256323483, 1.099000000000000199, 0.9354526250267969356 ) ) ;
#1117 = LINE ( 'NONE', #3150, #2810 ) ;
#1118 = LINE ( 'NONE', #4241, #967 ) ;
#1119 = UNCERTAINTY_MEASURE_WITH_UNIT (LENGTH_MEASURE( 1.000000000000000082E-05 ), #1666, 'distance_accuracy_value', 'NONE');
#1120 = VERTEX_POINT ( 'NONE', #3706 ) ;
#1121 = LINE ( 'NONE', #4183, #2719 ) ;
#1122 = B_SPLINE_SURFACE_WITH_KNOTS ( 'NONE', 3, 1, ( 
 ( #3540, #4203 ),
 ( #881, #1157 ),
 ( #159, #3889 ),
 ( #2220, #2536 ),
 ( #1171, #483 ),
 ( #2866, #2519 ),
 ( #179, #2570 ),
 ( #1885, #2257 ),
 ( #2189, #519 ),
 ( #865, #2584 ),
 ( #1564, #4275 ) ),
 .UNSPECIFIED., .F., .F., .F.,
 ( 4, 1, 1, 1, 1, 1, 1, 1, 4 ),
 ( 2, 2 ),
 ( 0.0000000000000000000, 0.08533581626849162660, 0.1621858797471672220, 0.2397283001256602375, 0.3290050394197014949, 0.4380862773036938718, 0.5810907967307695765, 0.7621891970475959122, 1.000000000000000000 ),
 ( 0.0000000000000000000, 1.000000000000000000 ),
 .UNSPECIFIED. ) ;
#1123 = ADVANCED_FACE ( 'NONE', ( #1601 ), #3026, .F. ) ;
#1124 = CARTESIAN_POINT ( 'NONE',  ( 1.280486865091531756, 1.100000000000000533, -1.339865093364403181 ) ) ;
#1125 = EDGE_CURVE ( 'NONE', #1552, #3095, #954, .T. ) ;
#1126 = DIRECTION ( 'NONE',  ( 0.0000000000000000000, 1.000000000000000000, 0.0000000000000000000 ) ) ;
#1127 = DIRECTION ( 'NONE',  ( -1.000000000000000000, -0.0000000000000000000, 0.0000000000000000000 ) ) ;
#1128 = FILL_AREA_STYLE ('',( #1449 ) ) ;
#1129 = B_SPLINE_SURFACE_WITH_KNOTS ( 'NONE', 3, 1, ( 
 ( #3726, #1717 ),
 ( #641, #4046 ),
 ( #2369, #1348 ),
 ( #2001, #2361 ),
 ( #3015, #1335 ),
 ( #327, #1026 ),
 ( #3694, #3051 ),
 ( #3680, #5 ),
 ( #1669, #3383 ),
 ( #2723, #1680 ),
 ( #4032, #2709 ) ),
 .UNSPECIFIED., .F., .F., .F.,
 ( 4, 1, 1, 1, 1, 1, 1, 1, 4 ),
 ( 2, 2 ),
 ( 0.0000000000000000000, 0.09586283074784310299, 0.1874865120932968920, 0.2833493428411394399, 0.3936225718505182991, 0.5172336944437667672, 0.6587910144637697529, 0.8203111772739718477, 1.000000000000000000 ),
 ( 0.0000000000000000000, 1.000000000000000000 ),
 .UNSPECIFIED. ) ;
#1130 = CARTESIAN_POINT ( 'NONE',  ( 0.4087664657552774194, 1.098999999999999977, 0.1092239270946689655 ) ) ;
#1131 = CARTESIAN_POINT ( 'NONE',  ( -1.582193796641059969, 1.100000000000000089, -0.1489474792242583556 ) ) ;
#1132 = STYLED_ITEM ( 'NONE', ( #1428 ), #1458 ) ;
#1133 = ADVANCED_FACE ( 'NONE', ( #893 ), #4024, .F. ) ;
#1134 = DIRECTION ( 'NONE',  ( -0.0000000000000000000, -1.000000000000000000, -0.0000000000000000000 ) ) ;
#1135 = CARTESIAN_POINT ( 'NONE',  ( -0.7506845053024792103, 1.098999999999995980, -0.3394659044211119636 ) ) ;
#1136 = DIRECTION ( 'NONE',  ( 0.0000000000000000000, -0.0000000000000000000, 1.000000000000000000 ) ) ;
#1137 = CARTESIAN_POINT ( 'NONE',  ( 0.3811381160545314617, 1.100000000000000089, 1.486564028853113006 ) ) ;
#1138 = CARTESIAN_POINT ( 'NONE',  ( 0.4612824332881860778, 1.099000000000000199, 1.468581250527886795 ) ) ;
#1139 =( LENGTH_UNIT ( ) NAMED_UNIT ( * ) SI_UNIT ( .MILLI., .METRE. ) );
#1140 =( NAMED_UNIT ( * ) SI_UNIT ( $, .STERADIAN. ) SOLID_ANGLE_UNIT ( ) );
#1141 = CARTESIAN_POINT ( 'NONE',  ( 0.4398159674405927588, 1.098999999999970445, -0.9779539025295983512 ) ) ;
#1142 = ADVANCED_FACE ( 'NONE', ( #2008 ), #4051, .F. ) ;
#1143 = ORIENTED_EDGE ( 'NONE', *, *, #2146, .F. ) ;
#1144 = DIRECTION ( 'NONE',  ( -0.0000000000000000000, -1.000000000000000000, -0.0000000000000000000 ) ) ;
#1145 = CARTESIAN_POINT ( 'NONE',  ( 0.4275112799405929032, 1.099500000000067645, -1.407446090029598196 ) ) ;
#1146 = CARTESIAN_POINT ( 'NONE',  ( 0.4381488432805755728, 1.100000000000000089, -0.9766157342439190092 ) ) ;
#1147 = EDGE_CURVE ( 'NONE', #1373, #2174, #503, .T. ) ;
#1148 = B_SPLINE_SURFACE_WITH_KNOTS ( 'NONE', 3, 1, ( 
 ( #2604, #3589 ),
 ( #1247, #2927 ),
 ( #1922, #1575 ),
 ( #3258, #4291 ),
 ( #2271, #1260 ),
 ( #1936, #229 ),
 ( #248, #572 ),
 ( #923, #3931 ),
 ( #2291, #2625 ),
 ( #1930, #910 ),
 ( #201, #4282 ) ),
 .UNSPECIFIED., .F., .F., .F.,
 ( 4, 1, 1, 1, 1, 1, 1, 1, 4 ),
 ( 2, 2 ),
 ( 0.0000000000000000000, 0.1996341672456869165, 0.3577849346510734163, 0.4810162973629024674, 0.5693223667761715401, 0.6438786382766480410, 0.7278869590651322330, 0.8441232858657092830, 1.000000000000000000 ),
 ( 0.0000000000000000000, 1.000000000000000000 ),
 .UNSPECIFIED. ) ;
#1149 = CARTESIAN_POINT ( 'NONE',  ( 1.266964404940592814, 1.100000000000000533, -1.329321090029598196 ) ) ;
#1150 = CARTESIAN_POINT ( 'NONE',  ( 0.3620759147944154765, 1.100000000000000089, 1.464844556292765887 ) ) ;
#1151 = FILL_AREA_STYLE_COLOUR ( '', #2020 ) ;
#1152 = FACE_BOUND ( 'NONE', #1358, .T. ) ;
#1153 = CARTESIAN_POINT ( 'NONE',  ( 0.4208649772944155210, 1.099000000000000199, 0.9341804937927657981 ) ) ;
#1154 = ORIENTED_EDGE ( 'NONE', *, *, #2251, .T. ) ;
#1155 = MECHANICAL_DESIGN_GEOMETRIC_PRESENTATION_REPRESENTATION (  '', ( #929 ), #3797 ) ;
#1156 = ADVANCED_FACE ( 'NONE', ( #2545 ), #3951, .T. ) ;
#1157 = CARTESIAN_POINT ( 'NONE',  ( 1.261332734588613835, 1.099999999999999423, -0.9464863799515444986 ) ) ;
#1158 = CARTESIAN_POINT ( 'NONE',  ( 0.4171317987766430258, 1.099000000000000421, 0.8029628596119289252 ) ) ;
#1159 = CARTESIAN_POINT ( 'NONE',  ( 0.4576608047253808431, 1.099000000000000421, 0.8006735414465170342 ) ) ;
#1160 = CARTESIAN_POINT ( 'NONE',  ( -2.009999999999999787, -1.626303258728256651E-16, 1.259999999999997122 ) ) ;
#1161 = VERTEX_POINT ( 'NONE', #2416 ) ;
#1162 = ORIENTED_EDGE ( 'NONE', *, *, #1330, .F. ) ;
#1163 = MECHANICAL_DESIGN_GEOMETRIC_PRESENTATION_REPRESENTATION (  '', ( #3275 ), #778 ) ;
#1164 = ORIENTED_EDGE ( 'NONE', *, *, #1688, .F. ) ;
#1165 = CARTESIAN_POINT ( 'NONE',  ( -1.582193796641059969, 1.099000000000000199, -0.1489474792242583556 ) ) ;
#1166 = CARTESIAN_POINT ( 'NONE',  ( 1.288294794389030828, 1.099000000000000421, -1.391233548538874043 ) ) ;
#1167 = COLOUR_RGB ( '',1.000000000000000000, 1.000000000000000000, 1.000000000000000000 ) ;
#1168 = CARTESIAN_POINT ( 'NONE',  ( 0.4216667155967661063, 1.100000000000000533, 1.490613220821573881 ) ) ;
#1169 = EDGE_LOOP ( 'NONE', ( #3310, #1291, #663, #1908, #3268, #4010 ) ) ;
#1170 = EDGE_CURVE ( 'NONE', #1660, #4041, #39, .T. ) ;
#1171 = CARTESIAN_POINT ( 'NONE',  ( 1.273068428772991645, 1.099000000000000643, -0.9352786916062694189 ) ) ;
#1172 = FACE_OUTER_BOUND ( 'NONE', #2951, .T. ) ;
#1173 = LINE ( 'NONE', #3859, #3484 ) ;
#1174 = CARTESIAN_POINT ( 'NONE',  ( 0.4070014475993835590, 1.098999999999999977, 0.8017271964288761321 ) ) ;
#1175 = LINE ( 'NONE', #2195, #1973 ) ;
#1176 = CARTESIAN_POINT ( 'NONE',  ( 0.4490084562654641509, 1.098999999999999977, 0.8023916434462078362 ) ) ;
#1177 = CARTESIAN_POINT ( 'NONE',  ( 1.217877003221353949, 1.098999999999999977, 1.293061299489226101 ) ) ;
#1178 = EDGE_CURVE ( 'NONE', #2174, #1633, #2929, .T. ) ;
#1179 = VECTOR ( 'NONE', #3631, 1000.000000000000000 ) ;
#1180 = CARTESIAN_POINT ( 'NONE',  ( 1.285203196375933610, 1.098999999999999977, -1.445511487914636906 ) ) ;
#1181 = ADVANCED_FACE ( 'NONE', ( #1106 ), #672, .T. ) ;
#1182 = SURFACE_STYLE_FILL_AREA ( #3299 ) ;
#1183 = CARTESIAN_POINT ( 'NONE',  ( -1.757921040735550333, 1.099500000000000144, -0.1967603926100836564 ) ) ;
#1184 = DIRECTION ( 'NONE',  ( 0.01885715718041001618, 0.0000000000000000000, -0.9998221880029836139 ) ) ;
#1185 = CARTESIAN_POINT ( 'NONE',  ( 0.4208649772944155210, 1.099499999999997701, 0.9341804937927656871 ) ) ;
#1186 = EDGE_CURVE ( 'NONE', #2912, #2111, #1647, .T. ) ;
#1187 = VECTOR ( 'NONE', #2033, 1000.000000000000114 ) ;
#1188 = CARTESIAN_POINT ( 'NONE',  ( 1.224314122780405967, 1.098999999999999977, 0.02053283340396308554 ) ) ;
#1189 = CARTESIAN_POINT ( 'NONE',  ( 0.4608765230774166111, 1.100000000000000311, 1.472451505886179790 ) ) ;
#1190 =( NAMED_UNIT ( * ) SI_UNIT ( $, .STERADIAN. ) SOLID_ANGLE_UNIT ( ) );
#1191 = DIRECTION ( 'NONE',  ( 0.8612254267256904683, 0.0000000000000000000, 0.5082231442596374382 ) ) ;
#1192 = CARTESIAN_POINT ( 'NONE',  ( -1.259999999999996900, 0.0000000000000000000, -2.009999999999999787 ) ) ;
#1193 = CARTESIAN_POINT ( 'NONE',  ( 0.4216667155967661063, 1.099000000000000199, 1.490613220821573881 ) ) ;
#1194 = CARTESIAN_POINT ( 'NONE',  ( 0.3714509147944154988, 1.099000000000001753, 0.9677742437927661090 ) ) ;
#1195 = CARTESIAN_POINT ( 'NONE',  ( 0.4595105061459484608, 1.099999999999998312, 0.2481726915731989336 ) ) ;
#1196 = CARTESIAN_POINT ( 'NONE',  ( 1.282146158214902076, 1.099999999999999867, -1.452833881130499494 ) ) ;
#1197 = DIRECTION ( 'NONE',  ( -0.0000000000000000000, -1.000000000000000000, -0.0000000000000000000 ) ) ;
#1198 = VERTEX_POINT ( 'NONE', #1031 ) ;
#1199 = MECHANICAL_DESIGN_GEOMETRIC_PRESENTATION_REPRESENTATION (  '', ( #407 ), #1346 ) ;
#1200 = B_SPLINE_SURFACE_WITH_KNOTS ( 'NONE', 3, 1, ( 
 ( #2716, #657 ),
 ( #305, #1021 ),
 ( #3360, #2036 ),
 ( #3710, #1 ) ),
 .UNSPECIFIED., .F., .F., .F.,
 ( 4, 4 ),
 ( 2, 2 ),
 ( 0.7272727272727274039, 0.8181818181818183433 ),
 ( 0.0000000000000000000, 1.000000000000000000 ),
 .UNSPECIFIED. ) ;
#1201 = CARTESIAN_POINT ( 'NONE',  ( 1.214625930114731522, 1.100000000000000089, 0.5844005603391679848 ) ) ;
#1202 = VERTEX_POINT ( 'NONE', #3097 ) ;
#1203 = CARTESIAN_POINT ( 'NONE',  ( -0.6126089147512974176, 1.100000000000000089, -0.09607755796441845575 ) ) ;
#1204 = ADVANCED_FACE ( 'NONE', ( #456 ), #4069, .F. ) ;
#1205 = CARTESIAN_POINT ( 'NONE',  ( 0.4382587426147316889, 1.100000000000000089, 0.2469005603391679626 ) ) ;
#1206 = VECTOR ( 'NONE', #2586, 1000.000000000000000 ) ;
#1207 = CARTESIAN_POINT ( 'NONE',  ( 1.239097521804846780, 1.100000000000000089, 0.6486563623052302718 ) ) ;
#1208 = B_SPLINE_CURVE_WITH_KNOTS ( 'NONE', 3,
 ( #301, #1369, #2733, #1683 ),
 .UNSPECIFIED., .F., .F.,
 ( 4, 4 ),
 ( 0.0000000000000000000, 0.0008126831671563489005 ),
 .UNSPECIFIED. ) ;
#1209 = CARTESIAN_POINT ( 'NONE',  ( 0.3968634454350477014, 1.099000000000000199, 0.09028468938556993839 ) ) ;
#1210 = VERTEX_POINT ( 'NONE', #2777 ) ;
#1211 = CARTESIAN_POINT ( 'NONE',  ( 0.3889398718378253017, 1.099000000000006416, 0.9377551464403921511 ) ) ;
#1212 = LINE ( 'NONE', #3075, #2378 ) ;
#1213 = CARTESIAN_POINT ( 'NONE',  ( 0.4199882641362773783, 1.099000000000000421, -0.8618597926969954193 ) ) ;
#1214 = EDGE_LOOP ( 'NONE', ( #2158, #449, #1686 ) ) ;
#1215 = CARTESIAN_POINT ( 'NONE',  ( 0.4689896960228402412, 1.099999999999995870, -1.455524954162895845 ) ) ;
#1216 = CARTESIAN_POINT ( 'NONE',  ( 1.221668132935047613, 1.100000000000000089, 0.01938625188556994394 ) ) ;
#1217 = EDGE_CURVE ( 'NONE', #2297, #3472, #4223, .T. ) ;
#1218 = B_SPLINE_SURFACE_WITH_KNOTS ( 'NONE', 3, 1, ( 
 ( #3435, #3771 ),
 ( #365, #2751 ),
 ( #1767, #4070 ),
 ( #9, #2399 ),
 ( #351, #2736 ),
 ( #690, #1723 ),
 ( #784, #4148 ),
 ( #130, #1444 ),
 ( #2805, #3788 ),
 ( #2822, #1146 ),
 ( #2844, #104 ) ),
 .UNSPECIFIED., .F., .F., .F.,
 ( 4, 1, 1, 1, 1, 1, 1, 1, 4 ),
 ( 2, 2 ),
 ( 0.0000000000000000000, 0.2332198318820154770, 0.4186097267534145683, 0.5644433253807625839, 0.6793549647782480827, 0.7688972335166114336, 0.8423731264503698801, 0.9168900520324240189, 1.000000000000000000 ),
 ( 0.0000000000000000000, 1.000000000000000000 ),
 .UNSPECIFIED. ) ;
#1219 = ORIENTED_EDGE ( 'NONE', *, *, #687, .T. ) ;
#1220 = ORIENTED_EDGE ( 'NONE', *, *, #1546, .F. ) ;
#1221 = CARTESIAN_POINT ( 'NONE',  ( 0.4608765230774166111, 1.100000000000000755, 1.472451505886179790 ) ) ;
#1222 =( GEOMETRIC_REPRESENTATION_CONTEXT ( 3 ) GLOBAL_UNCERTAINTY_ASSIGNED_CONTEXT ( ( #4063 ) ) GLOBAL_UNIT_ASSIGNED_CONTEXT ( ( #3715, #2996, #2692 ) ) REPRESENTATION_CONTEXT ( 'NONE', 'WORKASPACE' ) );
#1223 = ORIENTED_EDGE ( 'NONE', *, *, #4084, .T. ) ;
#1224 = LINE ( 'NONE', #1845, #723 ) ;
#1225 = SURFACE_SIDE_STYLE ('',( #1961 ) ) ;
#1226 = CARTESIAN_POINT ( 'NONE',  ( 0.4318249699044149903, 1.098999999999999977, 0.9344013920913614157 ) ) ;
#1227 = CARTESIAN_POINT ( 'NONE',  ( 1.232019695435048190, 1.099000000000000421, -0.1028793731144300450 ) ) ;
#1228 = CARTESIAN_POINT ( 'NONE',  ( 1.221668132935047613, 1.100000000000000089, 0.01938625188556994394 ) ) ;
#1229 = B_SPLINE_CURVE_WITH_KNOTS ( 'NONE', 3,
 ( #3295, #3286, #2285, #285, #2621, #3997, #4052, #3022, #2009, #2353, #3028 ),
 .UNSPECIFIED., .F., .F.,
 ( 4, 1, 1, 1, 1, 1, 1, 1, 4 ),
 ( 2.168404344971008868E-19, 1.876218802835891909E-05, 3.305571745199209754E-05, 4.371942997402411747E-05, 5.225218901757223804E-05, 5.897951761061963441E-05, 6.453224020058325795E-05, 6.996336826618857483E-05, 7.590452709706712155E-05 ),
 .UNSPECIFIED. ) ;
#1230 = DIRECTION ( 'NONE',  ( 0.0000000000000000000, -0.0000000000000000000, 1.000000000000000000 ) ) ;
#1231 = LINE ( 'NONE', #939, #2389 ) ;
#1232 = STYLED_ITEM ( 'NONE', ( #578 ), #3144 ) ;
#1233 = CARTESIAN_POINT ( 'NONE',  ( 0.4732144049405928032, 1.099000000000000199, -1.453149215029598151 ) ) ;
#1234 = SURFACE_SIDE_STYLE ('',( #2175 ) ) ;
#1235 = ORIENTED_EDGE ( 'NONE', *, *, #3730, .F. ) ;
#1236 = CARTESIAN_POINT ( 'NONE',  ( -1.582193796641059969, 1.099500000000000144, -0.1489474792242583556 ) ) ;
#1237 = CARTESIAN_POINT ( 'NONE',  ( 1.234262723216323021, 1.098999999999999977, 0.6988523975633368357 ) ) ;
#1238 = FACE_OUTER_BOUND ( 'NONE', #1886, .T. ) ;
#1239 = VECTOR ( 'NONE', #2266, 1000.000000000000000 ) ;
#1240 = FACE_OUTER_BOUND ( 'NONE', #2234, .T. ) ;
#1241 = VERTEX_POINT ( 'NONE', #1816 ) ;
#1242 =( NAMED_UNIT ( * ) PLANE_ANGLE_UNIT ( ) SI_UNIT ( $, .RADIAN. ) );
#1243 = SURFACE_SIDE_STYLE ('',( #3061 ) ) ;
#1244 = EDGE_CURVE ( 'NONE', #3837, #444, #1743, .T. ) ;
#1245 = LINE ( 'NONE', #238, #3223 ) ;
#1246 = UNCERTAINTY_MEASURE_WITH_UNIT (LENGTH_MEASURE( 1.000000000000000082E-05 ), #3599, 'distance_accuracy_value', 'NONE');
#1247 = CARTESIAN_POINT ( 'NONE',  ( 0.4277341947191959370, 1.099000000000000643, -1.413627904278438985 ) ) ;
#1248 = B_SPLINE_CURVE_WITH_KNOTS ( 'NONE', 3,
 ( #3104, #1376, #1089, #368, #2792, #2098, #1406, #10, #61, #3722, #3747 ),
 .UNSPECIFIED., .F., .F.,
 ( 4, 1, 1, 1, 1, 1, 1, 1, 4 ),
 ( 0.0000000000000000000, 5.963880216887530440E-06, 1.166403173872075747E-05, 1.762791195560825403E-05, 2.448830115766757005E-05, 3.217847599258627094E-05, 4.098513122941703041E-05, 5.103372770938161571E-05, 6.221264457102125252E-05 ),
 .UNSPECIFIED. ) ;
#1249 = CARTESIAN_POINT ( 'NONE',  ( 1.255112992891791901, 1.099000000000000421, -0.07255808021625564930 ) ) ;
#1250 = LINE ( 'NONE', #2732, #1561 ) ;
#1251 = CARTESIAN_POINT ( 'NONE',  ( 1.256596449867177556, 1.099999999999997202, -0.04826703352790460977 ) ) ;
#1252 = EDGE_CURVE ( 'NONE', #3850, #429, #3313, .T. ) ;
#1253 = CARTESIAN_POINT ( 'NONE',  ( 1.204274367614731833, 1.100000000000000089, 0.7066661853391680292 ) ) ;
#1254 = FILL_AREA_STYLE_COLOUR ( '', #1058 ) ;
#1255 = CARTESIAN_POINT ( 'NONE',  ( 0.4395754937286294184, 1.098999999999999977, -0.8500492593674128239 ) ) ;
#1256 = CARTESIAN_POINT ( 'NONE',  ( 0.4564542462373982201, 1.099000000000000199, 0.1160533539143780712 ) ) ;
#1257 = CARTESIAN_POINT ( 'NONE',  ( 1.236784164428215815, 1.099000000000000643, 0.6875880764151387492 ) ) ;
#1258 = B_SPLINE_SURFACE_WITH_KNOTS ( 'NONE', 3, 1, ( 
 ( #453, #2865 ),
 ( #2837, #3839 ),
 ( #2851, #2517 ),
 ( #468, #816 ) ),
 .UNSPECIFIED., .F., .F., .F.,
 ( 4, 4 ),
 ( 2, 2 ),
 ( 0.3636363636363636465, 0.4545454545454545858 ),
 ( 0.0000000000000000000, 1.000000000000000000 ),
 .UNSPECIFIED. ) ;
#1259 = FILL_AREA_STYLE_COLOUR ( '', #3171 ) ;
#1260 = CARTESIAN_POINT ( 'NONE',  ( 0.4317262611585562238, 1.099999999999999867, -1.450800453957566738 ) ) ;
#1261 = CARTESIAN_POINT ( 'NONE',  ( 1.224314122780405967, 1.099000000000000199, 0.02053283340396308554 ) ) ;
#1262 = CARTESIAN_POINT ( 'NONE',  ( 1.244800954787380398, 1.100000000000000089, -0.09455603755426025825 ) ) ;
#1263 = PRESENTATION_LAYER_ASSIGNMENT (  '', '', ( #934 ) ) ;
#1264 = ORIENTED_EDGE ( 'NONE', *, *, #2168, .F. ) ;
#1265 = DIRECTION ( 'NONE',  ( 0.0000000000000000000, 1.000000000000000000, -0.0000000000000000000 ) ) ;
#1266 = CARTESIAN_POINT ( 'NONE',  ( 0.4208649772944155210, 1.099499999999997701, 0.9341804937927656871 ) ) ;
#1267 = CARTESIAN_POINT ( 'NONE',  ( 1.259999999999997566, 1.050000000000000044, 2.009999999999999787 ) ) ;
#1268 = CARTESIAN_POINT ( 'NONE',  ( 0.4179284620432054398, 1.100000000000003864, -0.9015919728991658166 ) ) ;
#1269 = FILL_AREA_STYLE_COLOUR ( '', #43 ) ;
#1270 = LINE ( 'NONE', #3958, #3139 ) ;
#1271 = ORIENTED_EDGE ( 'NONE', *, *, #1410, .F. ) ;
#1272 = UNCERTAINTY_MEASURE_WITH_UNIT (LENGTH_MEASURE( 1.000000000000000082E-05 ), #1878, 'distance_accuracy_value', 'NONE');
#1273 = EDGE_CURVE ( 'NONE', #1210, #274, #3056, .T. ) ;
#1274 = CARTESIAN_POINT ( 'NONE',  ( 0.0000000000000000000, 1.050000000000000044, 1.859999999999999654 ) ) ;
#1275 = CARTESIAN_POINT ( 'NONE',  ( 0.8454800299405926811, 1.099000000000000199, -1.224633590029598151 ) ) ;
#1276 = B_SPLINE_CURVE_WITH_KNOTS ( 'NONE', 3,
 ( #2578, #240, #3935, #1257, #1237, #492, #3239, #1559, #3899, #3600, #4252 ),
 .UNSPECIFIED., .F., .F.,
 ( 4, 1, 1, 1, 1, 1, 1, 1, 4 ),
 ( 0.0000000000000000000, 1.995763853813331025E-05, 3.510807187856941115E-05, 4.619939049600866644E-05, 5.441901040478430197E-05, 6.052439079937217063E-05, 6.646811549424000030E-05, 7.353063088737396785E-05, 8.220466112987971142E-05 ),
 .UNSPECIFIED. ) ;
#1277 = EDGE_LOOP ( 'NONE', ( #1852, #880, #3358, #3463 ) ) ;
#1278 = ORIENTED_EDGE ( 'NONE', *, *, #1087, .F. ) ;
#1279 = B_SPLINE_CURVE_WITH_KNOTS ( 'NONE', 3,
 ( #1080, #392, #4136, #1747, #3077, #2137, #51, #1730, #2401, #3425, #2742 ),
 .UNSPECIFIED., .F., .F.,
 ( 4, 1, 1, 1, 1, 1, 1, 1, 4 ),
 ( 0.0000000000000000000, 1.995763853813262923E-05, 3.510807187856840826E-05, 4.619939049600723665E-05, 5.441901040478272988E-05, 6.052439079937042913E-05, 6.646811549423810295E-05, 7.353063088737186721E-05, 8.220466112987740749E-05 ),
 .UNSPECIFIED. ) ;
#1280 = ORIENTED_EDGE ( 'NONE', *, *, #480, .F. ) ;
#1281 = CARTESIAN_POINT ( 'NONE',  ( 0.4179409674405927810, 1.098999999999895616, -0.9084226525295984178 ) ) ;
#1282 = ORIENTED_EDGE ( 'NONE', *, *, #480, .T. ) ;
#1283 = PLANE ( 'NONE',  #3900 ) ;
#1284 = CARTESIAN_POINT ( 'NONE',  ( 1.244698779940592859, 1.100000000000000089, -1.447875777529598063 ) ) ;
#1285 = EDGE_CURVE ( 'NONE', #2123, #2795, #835, .T. ) ;
#1286 = ORIENTED_EDGE ( 'NONE', *, *, #3500, .F. ) ;
#1287 = LINE ( 'NONE', #3510, #4330 ) ;
#1288 = CARTESIAN_POINT ( 'NONE',  ( 1.221158010102314062, 1.100000000000001421, 1.313009094290877199 ) ) ;
#1289 = MECHANICAL_DESIGN_GEOMETRIC_PRESENTATION_REPRESENTATION (  '', ( #286 ), #1222 ) ;
#1290 = CARTESIAN_POINT ( 'NONE',  ( -0.6646435604205906955, 1.099000000000000199, -0.4946457469407961605 ) ) ;
#1291 = ORIENTED_EDGE ( 'NONE', *, *, #2768, .F. ) ;
#1292 = CARTESIAN_POINT ( 'NONE',  ( 0.4349869646416300584, 1.099000000000000643, -0.9740777554782826808 ) ) ;
#1293 = LINE ( 'NONE', #3963, #2440 ) ;
#1294 = LINE ( 'NONE', #3852, #2396 ) ;
#1295 = STYLED_ITEM ( 'NONE', ( #2138 ), #3497 ) ;
#1296 = CARTESIAN_POINT ( 'NONE',  ( 0.4950837272944154654, 1.099000000000000199, 0.9509773687927658425 ) ) ;
#1297 = DIRECTION ( 'NONE',  ( 0.01885715718041011679, 0.0000000000000000000, -0.9998221880029836139 ) ) ;
#1298 = CARTESIAN_POINT ( 'NONE',  ( 0.4235877988662916094, 1.098999999999999977, -0.8534249519555185959 ) ) ;
#1299 = FACE_OUTER_BOUND ( 'NONE', #1327, .T. ) ;
#1300 = CARTESIAN_POINT ( 'NONE',  ( 0.4109040397944155876, 1.099499999999995925, 1.490625806292765754 ) ) ;
#1301 = CARTESIAN_POINT ( 'NONE',  ( 1.282146158214902076, 1.100000000000000533, -1.452833881130499494 ) ) ;
#1302 = FACE_OUTER_BOUND ( 'NONE', #253, .T. ) ;
#1303 = COLOUR_RGB ( '',0.1882352941176470562, 0.2039215686274509776, 0.2039215686274509776 ) ;
#1304 = DIRECTION ( 'NONE',  ( 1.000000000000000000, 0.0000000000000000000, -0.0000000000000000000 ) ) ;
#1305 = EDGE_CURVE ( 'NONE', #3538, #274, #2435, .T. ) ;
#1306 = CARTESIAN_POINT ( 'NONE',  ( 0.4616146471128156348, 1.099000000000153854, -1.459672267657536882 ) ) ;
#1307 = CARTESIAN_POINT ( 'NONE',  ( 0.4370864447665455121, 1.100000000000004530, -1.349454452622509182 ) ) ;
#1308 = SURFACE_SIDE_STYLE ('',( #2558 ) ) ;
#1309 = CARTESIAN_POINT ( 'NONE',  ( -1.859999999999999876, 1.050000000000000044, -1.197867965644034971 ) ) ;
#1310 = CARTESIAN_POINT ( 'NONE',  ( 0.4769042714662646287, 1.100000000000000089, -0.4391072418803991240 ) ) ;
#1311 = EDGE_CURVE ( 'NONE', #2056, #737, #210, .T. ) ;
#1312 = VERTEX_POINT ( 'NONE', #84 ) ;
#1313 = CARTESIAN_POINT ( 'NONE',  ( 0.5124774926147315224, 1.099000000000000199, 0.2636974353391679515 ) ) ;
#1314 = FILL_AREA_STYLE_COLOUR ( '', #702 ) ;
#1315 =( GEOMETRIC_REPRESENTATION_CONTEXT ( 3 ) GLOBAL_UNCERTAINTY_ASSIGNED_CONTEXT ( ( #4381 ) ) GLOBAL_UNIT_ASSIGNED_CONTEXT ( ( #2254, #3207, #1873 ) ) REPRESENTATION_CONTEXT ( 'NONE', 'WORKASPACE' ) );
#1316 = ORIENTED_EDGE ( 'NONE', *, *, #1305, .F. ) ;
#1317 = B_SPLINE_CURVE_WITH_KNOTS ( 'NONE', 3,
 ( #1300, #3252, #2381, #3670, #314, #629, #1659, #4064, #643, #3356, #4021 ),
 .UNSPECIFIED., .F., .F.,
 ( 4, 1, 1, 1, 1, 1, 1, 1, 4 ),
 ( 0.0000000000000000000, 1.176561547524061577E-05, 2.184755635866821087E-05, 3.059084586591633557E-05, 3.822895424916841279E-05, 4.485606079538735245E-05, 5.054917065020813005E-05, 5.600489061252337402E-05, 6.152004663788114569E-05 ),
 .UNSPECIFIED. ) ;
#1318 = CARTESIAN_POINT ( 'NONE',  ( 0.0000000000000000000, 1.050000000000000044, -1.859999999999999654 ) ) ;
#1319 = CARTESIAN_POINT ( 'NONE',  ( 0.3991353137584011668, 1.099000000000003752, 0.1010936417402536064 ) ) ;
#1320 = DIRECTION ( 'NONE',  ( -0.7071067811865487940, 0.0000000000000000000, 0.7071067811865463515 ) ) ;
#1321 = DIRECTION ( 'NONE',  ( 1.000000000000000000, 0.0000000000000000000, 0.0000000000000000000 ) ) ;
#1322 = EDGE_LOOP ( 'NONE', ( #2473, #346, #1457, #3459 ) ) ;
#1323 = DIRECTION ( 'NONE',  ( 0.4247999946775884994, 0.0000000000000000000, -0.9052872276365777626 ) ) ;
#1324 = LINE ( 'NONE', #3405, #302 ) ;
#1325 = EDGE_LOOP ( 'NONE', ( #2230, #1280, #2901 ) ) ;
#1326 = CARTESIAN_POINT ( 'NONE',  ( 0.4556525079350477458, 1.099499999999997923, -0.4403793731144299839 ) ) ;
#1327 = EDGE_LOOP ( 'NONE', ( #3389, #4314, #2351, #4014 ) ) ;
#1328 = ORIENTED_EDGE ( 'NONE', *, *, #4197, .F. ) ;
#1329 = CARTESIAN_POINT ( 'NONE',  ( -0.4409824580583844300, 1.099000000000000199, -0.1365525185943403941 ) ) ;
#1330 = EDGE_CURVE ( 'NONE', #3830, #3408, #2235, .T. ) ;
#1331 = EDGE_LOOP ( 'NONE', ( #1004, #4040, #1092, #2559, #1463, #1432, #2386, #462, #2530, #1737 ) ) ;
#1332 = CARTESIAN_POINT ( 'NONE',  ( 0.7750000000000002442, -1.203706215242022408E-32, -1.775000000000000355 ) ) ;
#1333 = LINE ( 'NONE', #3462, #2064 ) ;
#1334 = SURFACE_STYLE_USAGE ( .BOTH. , #3341 ) ;
#1335 = CARTESIAN_POINT ( 'NONE',  ( 0.4883313302524090460, 1.099999999999999867, 0.1074201081426413157 ) ) ;
#1336 = CARTESIAN_POINT ( 'NONE',  ( 0.4324987943626281139, 1.099000000000007082, -0.4389404135336982815 ) ) ;
#1337 = EDGE_CURVE ( 'NONE', #4041, #3516, #1287, .T. ) ;
#1338 = COLOUR_RGB ( '',0.8274509803921568096, 0.8392156862745098200, 0.8274509803921568096 ) ;
#1339 = ORIENTED_EDGE ( 'NONE', *, *, #2089, .T. ) ;
#1340 = LINE ( 'NONE', #800, #3013 ) ;
#1341 = CARTESIAN_POINT ( 'NONE',  ( 1.197232164794415521, 1.099499999999965061, 1.271680493792765931 ) ) ;
#1342 = AXIS2_PLACEMENT_3D ( 'NONE', #3557, #2275, #525 ) ;
#1343 = ORIENTED_EDGE ( 'NONE', *, *, #2542, .F. ) ;
#1344 = PLANE ( 'NONE',  #1754 ) ;
#1345 = COLOUR_RGB ( '',1.000000000000000000, 1.000000000000000000, 1.000000000000000000 ) ;
#1346 =( GEOMETRIC_REPRESENTATION_CONTEXT ( 3 ) GLOBAL_UNCERTAINTY_ASSIGNED_CONTEXT ( ( #2249 ) ) GLOBAL_UNIT_ASSIGNED_CONTEXT ( ( #3800, #2884, #3215 ) ) REPRESENTATION_CONTEXT ( 'NONE', 'WORKASPACE' ) );
#1347 = CARTESIAN_POINT ( 'NONE',  ( 0.4031922718257732186, 1.099000000000003752, 0.1055317864728117783 ) ) ;
#1348 = CARTESIAN_POINT ( 'NONE',  ( 0.4956640537180487249, 1.099999999999999867, 0.09789163897898403577 ) ) ;
#1349 = CARTESIAN_POINT ( 'NONE',  ( 0.4164986062495964481, 1.099999999999997202, 0.9342210454321382418 ) ) ;
#1350 = CARTESIAN_POINT ( 'NONE',  ( -1.582193796641059969, 1.099000000000000199, -0.1489474792242583556 ) ) ;
#1351 = CARTESIAN_POINT ( 'NONE',  ( -0.4359386785308242418, 1.100000000000000089, 0.02057944990959716808 ) ) ;
#1352 = DIRECTION ( 'NONE',  ( 0.7071067811865487940, 0.0000000000000000000, 0.7071067811865463515 ) ) ;
#1353 = EDGE_CURVE ( 'NONE', #2652, #775, #1947, .T. ) ;
#1354 = PLANE ( 'NONE',  #2832 ) ;
#1355 = DIRECTION ( 'NONE',  ( 0.0000000000000000000, 1.000000000000000000, 0.0000000000000000000 ) ) ;
#1356 = CARTESIAN_POINT ( 'NONE',  ( 0.3764111317159681835, 1.099999999999997424, 0.9453249733400321819 ) ) ;
#1357 =( NAMED_UNIT ( * ) SI_UNIT ( $, .STERADIAN. ) SOLID_ANGLE_UNIT ( ) );
#1358 = EDGE_LOOP ( 'NONE', ( #3969, #2187, #2333, #506, #2484, #4340, #1154, #4372, #3096, #2227, #2654 ) ) ;
#1359 = AXIS2_PLACEMENT_3D ( 'NONE', #3745, #1074, #3733 ) ;
#1360 = CARTESIAN_POINT ( 'NONE',  ( -1.207517891129247234, 1.100000000000000089, 0.5512005522718045336 ) ) ;
#1361 = VECTOR ( 'NONE', #1304, 1000.000000000000000 ) ;
#1362 = ORIENTED_EDGE ( 'NONE', *, *, #118, .T. ) ;
#1363 = DIRECTION ( 'NONE',  ( 0.9096111022939517010, 0.0000000000000000000, 0.4154607593787674746 ) ) ;
#1364 = STYLED_ITEM ( 'NONE', ( #965 ), #3478 ) ;
#1365 = PLANE ( 'NONE',  #3347 ) ;
#1366 = CARTESIAN_POINT ( 'NONE',  ( -1.207517891129247234, 1.099000000000000199, 0.5512005522718045336 ) ) ;
#1367 = EDGE_LOOP ( 'NONE', ( #1111, #4212, #4335, #3355 ) ) ;
#1368 = PLANE ( 'NONE',  #3131 ) ;
#1369 = CARTESIAN_POINT ( 'NONE',  ( -0.6189623005780672260, 1.098999999999998867, 0.3630821270749530760 ) ) ;
#1370 = VERTEX_POINT ( 'NONE', #2197 ) ;
#1371 = ORIENTED_EDGE ( 'NONE', *, *, #475, .F. ) ;
#1372 = CARTESIAN_POINT ( 'NONE',  ( 1.239097521804846780, 1.100000000000001865, 0.6486563623052302718 ) ) ;
#1373 = VERTEX_POINT ( 'NONE', #3784 ) ;
#1374 = EDGE_LOOP ( 'NONE', ( #352, #402, #2539, #1809 ) ) ;
#1375 = VECTOR ( 'NONE', #1320, 1000.000000000000000 ) ;
#1376 = CARTESIAN_POINT ( 'NONE',  ( 0.4960699639288183027, 1.099999999999997424, 0.09402138362069099864 ) ) ;
#1377 = EDGE_CURVE ( 'NONE', #2749, #2292, #3783, .T. ) ;
#1378 = CARTESIAN_POINT ( 'NONE',  ( 2.009999999999999343, 0.0000000000000000000, -1.259999999999996678 ) ) ;
#1379 = CARTESIAN_POINT ( 'NONE',  ( 0.7750000000000001332, 0.2500000000000000000, 1.775000000000001465 ) ) ;
#1380 = SURFACE_STYLE_FILL_AREA ( #3643 ) ;
#1381 = DIRECTION ( 'NONE',  ( -0.0000000000000000000, -1.000000000000000000, -0.0000000000000000000 ) ) ;
#1382 = DIRECTION ( 'NONE',  ( -0.01908049524388675047, 0.0000000000000000000, 0.9998179507796646215 ) ) ;
#1383 = ORIENTED_EDGE ( 'NONE', *, *, #2721, .T. ) ;
#1384 = CARTESIAN_POINT ( 'NONE',  ( 1.256433757935047302, 1.099499999999945521, -0.03334812311443004912 ) ) ;
#1385 = DIRECTION ( 'NONE',  ( -0.7071067811865487940, 0.0000000000000000000, 0.7071067811865463515 ) ) ;
#1386 = PRESENTATION_LAYER_ASSIGNMENT (  '', '', ( #158 ) ) ;
#1387 = PRESENTATION_STYLE_ASSIGNMENT (( #1334 ) ) ;
#1388 = SURFACE_STYLE_FILL_AREA ( #2024 ) ;
#1389 = FILL_AREA_STYLE ('',( #3057 ) ) ;
#1390 = FACE_OUTER_BOUND ( 'NONE', #3597, .T. ) ;
#1391 = STYLED_ITEM ( 'NONE', ( #162 ), #2403 ) ;
#1392 = UNCERTAINTY_MEASURE_WITH_UNIT (LENGTH_MEASURE( 1.000000000000000082E-05 ), #2154, 'distance_accuracy_value', 'NONE');
#1393 = FACE_OUTER_BOUND ( 'NONE', #1412, .T. ) ;
#1394 = CARTESIAN_POINT ( 'NONE',  ( 1.270198056838148348, 1.099000000000000865, -0.8269799803377330116 ) ) ;
#1395 = CARTESIAN_POINT ( 'NONE',  ( 1.278683154940592814, 1.099500000000000144, -0.8787351525295984400 ) ) ;
#1396 = CARTESIAN_POINT ( 'NONE',  ( 0.4167157753394540309, 1.098999999999999755, -0.4338357638563909435 ) ) ;
#1397 = DIRECTION ( 'NONE',  ( 0.0000000000000000000, -0.0000000000000000000, 1.000000000000000000 ) ) ;
#1398 = CARTESIAN_POINT ( 'NONE',  ( 1.214625930114731522, 1.099499999999965061, 0.5844005603391679848 ) ) ;
#1399 = CARTESIAN_POINT ( 'NONE',  ( 1.239008847429949434, 1.099000000000000199, -0.09934366101520125669 ) ) ;
#1400 = CARTESIAN_POINT ( 'NONE',  ( 0.4864637257267224180, 1.099000000000000421, 0.9470147752932557284 ) ) ;
#1401 = EDGE_CURVE ( 'NONE', #1633, #3515, #3413, .T. ) ;
#1402 = CARTESIAN_POINT ( 'NONE',  ( 1.220325462251159898, 1.099000000000000421, 1.302001786690940577 ) ) ;
#1403 = PLANE ( 'NONE',  #3650 ) ;
#1404 = EDGE_CURVE ( 'NONE', #3835, #188, #1224, .T. ) ;
#1405 = CARTESIAN_POINT ( 'NONE',  ( 0.5095632384103899737, 1.099999999999998312, 0.2623577598558912705 ) ) ;
#1406 = CARTESIAN_POINT ( 'NONE',  ( 0.4750545700456968445, 1.099999999999997202, 0.1133936079929190460 ) ) ;
#1407 = ORIENTED_EDGE ( 'NONE', *, *, #254, .F. ) ;
#1408 =( NAMED_UNIT ( * ) PLANE_ANGLE_UNIT ( ) SI_UNIT ( $, .RADIAN. ) );
#1409 = CARTESIAN_POINT ( 'NONE',  ( 0.4237274024784574711, 1.100000000000000533, -0.4368047204668039085 ) ) ;
#1410 = EDGE_CURVE ( 'NONE', #1573, #2292, #1333, .T. ) ;
#1411 = DIRECTION ( 'NONE',  ( 0.0000000000000000000, 1.000000000000000000, 0.0000000000000000000 ) ) ;
#1412 = EDGE_LOOP ( 'NONE', ( #3763, #4295, #897, #561 ) ) ;
#1413 = VECTOR ( 'NONE', #502, 1000.000000000000000 ) ;
#1414 = AXIS2_PLACEMENT_3D ( 'NONE', #3053, #19, #1385 ) ;
#1415 = ORIENTED_EDGE ( 'NONE', *, *, #32, .F. ) ;
#1416 = SURFACE_STYLE_USAGE ( .BOTH. , #57 ) ;
#1417 = EDGE_LOOP ( 'NONE', ( #647, #3912, #2425, #603 ) ) ;
#1418 = FILL_AREA_STYLE_COLOUR ( '', #2121 ) ;
#1419 = FILL_AREA_STYLE_COLOUR ( '', #4050 ) ;
#1420 = MECHANICAL_DESIGN_GEOMETRIC_PRESENTATION_REPRESENTATION (  '', ( #2346 ), #1571 ) ;
#1421 = ORIENTED_EDGE ( 'NONE', *, *, #3011, .F. ) ;
#1422 = ORIENTED_EDGE ( 'NONE', *, *, #3853, .F. ) ;
#1423 = ADVANCED_FACE ( 'NONE', ( #353 ), #1780, .F. ) ;
#1424 = CARTESIAN_POINT ( 'NONE',  ( 1.276826848068437936, 1.098999999999999311, -0.8458328698429068426 ) ) ;
#1425 = CARTESIAN_POINT ( 'NONE',  ( 1.255945540742946731, 1.098999999999999977, -0.06155077261631865249 ) ) ;
#1426 = CARTESIAN_POINT ( 'NONE',  ( 1.194326983513656737, 1.099000000000000199, 1.397172844360087707 ) ) ;
#1427 = ORIENTED_EDGE ( 'NONE', *, *, #2740, .F. ) ;
#1428 = PRESENTATION_STYLE_ASSIGNMENT (( #3897 ) ) ;
#1429 = DIRECTION ( 'NONE',  ( -1.000000000000000000, 0.0000000000000000000, -0.0000000000000000000 ) ) ;
#1430 = LINE ( 'NONE', #3331, #3473 ) ;
#1431 = CARTESIAN_POINT ( 'NONE',  ( 0.4275112799405929032, 1.099500000000067645, -1.407446090029598196 ) ) ;
#1432 = ORIENTED_EDGE ( 'NONE', *, *, #272, .T. ) ;
#1433 = SURFACE_STYLE_USAGE ( .BOTH. , #4108 ) ;
#1434 = EDGE_CURVE ( 'NONE', #2250, #2957, #3940, .T. ) ;
#1435 = CARTESIAN_POINT ( 'NONE',  ( 0.3896076822790676686, 1.099000000000000421, 1.489007129882474745 ) ) ;
#1436 = VECTOR ( 'NONE', #4123, 1000.000000000000000 ) ;
#1437 = CARTESIAN_POINT ( 'NONE',  ( 0.4064425383190774510, 1.099000000000000199, -0.4096566426641825576 ) ) ;
#1438 = ORIENTED_EDGE ( 'NONE', *, *, #323, .T. ) ;
#1439 = EDGE_LOOP ( 'NONE', ( #2753, #2680 ) ) ;
#1440 = CARTESIAN_POINT ( 'NONE',  ( 1.211720748833972960, 1.099999999999999867, 0.7098929109064897602 ) ) ;
#1441 = CARTESIAN_POINT ( 'NONE',  ( -0.7506845053024792103, 1.100000000000001199, -0.3394659044211119636 ) ) ;
#1442 = PRESENTATION_STYLE_ASSIGNMENT (( #1600 ) ) ;
#1443 = DIRECTION ( 'NONE',  ( -0.0000000000000000000, -1.000000000000000000, -0.0000000000000000000 ) ) ;
#1444 = CARTESIAN_POINT ( 'NONE',  ( 0.4299464310900082964, 1.099999999999999867, -0.9709276500841007573 ) ) ;
#1445 = CARTESIAN_POINT ( 'NONE',  ( 1.285683513976429548, 1.099000000000000199, -1.354583124521669069 ) ) ;
#1446 = CARTESIAN_POINT ( 'NONE',  ( 0.3811381160545314617, 1.099000000000000199, 1.486564028853113006 ) ) ;
#1447 = CARTESIAN_POINT ( 'NONE',  ( 0.4167157753394540309, 1.099999999999999867, -0.4338357638563909435 ) ) ;
#1448 = MECHANICAL_DESIGN_GEOMETRIC_PRESENTATION_REPRESENTATION (  '', ( #14 ), #3968 ) ;
#1449 = FILL_AREA_STYLE_COLOUR ( '', #2066 ) ;
#1450 = CARTESIAN_POINT ( 'NONE',  ( 1.775000000000003908, 0.2499999999999998890, -0.7750000000000003553 ) ) ;
#1451 = CARTESIAN_POINT ( 'NONE',  ( 0.4693695245547701012, 1.098999999999999977, 0.9406431828351846658 ) ) ;
#1452 = EDGE_CURVE ( 'NONE', #4023, #1660, #1859, .T. ) ;
#1453 = ADVANCED_FACE ( 'NONE', ( #1965 ), #1062, .T. ) ;
#1454 = CARTESIAN_POINT ( 'NONE',  ( 0.4259143613041667109, 1.100000000000000977, 0.2470152058638017678 ) ) ;
#1455 = CARTESIAN_POINT ( 'NONE',  ( 0.3720384865958790699, 1.099999999999999867, 0.9595087418527792344 ) ) ;
#1456 = EDGE_CURVE ( 'NONE', #2246, #606, #397, .T. ) ;
#1457 = ORIENTED_EDGE ( 'NONE', *, *, #536, .T. ) ;
#1458 = ADVANCED_FACE ( 'NONE', ( #3842 ), #1931, .F. ) ;
#1459 = ORIENTED_EDGE ( 'NONE', *, *, #2838, .F. ) ;
#1460 = CARTESIAN_POINT ( 'NONE',  ( 2.009999999999999787, 3.913447031308985224E-32, -0.7750000000000004663 ) ) ;
#1461 = DIRECTION ( 'NONE',  ( 1.000000000000000000, 0.0000000000000000000, -0.0000000000000000000 ) ) ;
#1462 = CARTESIAN_POINT ( 'NONE',  ( -1.197867965644035193, 1.100000000000000089, 1.859999999999999654 ) ) ;
#1463 = ORIENTED_EDGE ( 'NONE', *, *, #2118, .T. ) ;
#1464 = ADVANCED_FACE ( 'NONE', ( #3957 ), #4211, .T. ) ;
#1465 = VECTOR ( 'NONE', #4169, 1000.000000000000114 ) ;
#1466 = CARTESIAN_POINT ( 'NONE',  ( 0.4031922718257732186, 1.099000000000000199, 0.1055317864728117783 ) ) ;
#1467 = CARTESIAN_POINT ( 'NONE',  ( 1.204221316789316099, 1.098999999999999533, 1.275216205891994470 ) ) ;
#1468 = SURFACE_STYLE_FILL_AREA ( #1770 ) ;
#1469 = AXIS2_PLACEMENT_3D ( 'NONE', #3798, #2815, #1791 ) ;
#1470 = DIRECTION ( 'NONE',  ( -3.620439659733559842E-16, -0.0000000000000000000, -1.000000000000000000 ) ) ;
#1471 = ORIENTED_EDGE ( 'NONE', *, *, #3789, .T. ) ;
#1472 = PLANE ( 'NONE',  #167 ) ;
#1473 = DIRECTION ( 'NONE',  ( -0.01908049524388675047, 0.0000000000000000000, 0.9998179507796646215 ) ) ;
#1474 = VERTEX_POINT ( 'NONE', #2802 ) ;
#1475 = CARTESIAN_POINT ( 'NONE',  ( -1.775000000000003464, 0.2500000000000000000, 0.7750000000000004663 ) ) ;
#1476 = ORIENTED_EDGE ( 'NONE', *, *, #4348, .F. ) ;
#1477 = COLOUR_RGB ( '',0.1882352941176470562, 0.2039215686274509776, 0.2039215686274509776 ) ;
#1478 = ADVANCED_FACE ( 'NONE', ( #143 ), #145, .F. ) ;
#1479 = CARTESIAN_POINT ( 'NONE',  ( 1.285683513976429548, 1.100000000000000533, -1.354583124521669069 ) ) ;
#1480 = CARTESIAN_POINT ( 'NONE',  ( 0.3643477831177689974, 1.100000000000000089, 1.475653508647449375 ) ) ;
#1481 = CARTESIAN_POINT ( 'NONE',  ( -1.124982458058385593, 1.100000000000000089, -0.2805714162321333860 ) ) ;
#1482 = EDGE_CURVE ( 'NONE', #2738, #3837, #853, .T. ) ;
#1483 = ORIENTED_EDGE ( 'NONE', *, *, #419, .F. ) ;
#1484 = VECTOR ( 'NONE', #610, 1000.000000000000000 ) ;
#1485 = CARTESIAN_POINT ( 'NONE',  ( 0.4693695245547701012, 1.100000000000000311, 0.9406431828351846658 ) ) ;
#1486 = CARTESIAN_POINT ( 'NONE',  ( 1.221158010102314062, 1.098999999999999977, 1.313009094290876977 ) ) ;
#1487 = DIRECTION ( 'NONE',  ( 0.0000000000000000000, 0.0000000000000000000, 1.000000000000000000 ) ) ;
#1488 = ORIENTED_EDGE ( 'NONE', *, *, #3672, .F. ) ;
#1489 = ADVANCED_FACE ( 'NONE', ( #776 ), #1027, .T. ) ;
#1490 = CARTESIAN_POINT ( 'NONE',  ( 0.3908346353647464411, 1.100000000000000755, 0.2646069886810794580 ) ) ;
#1491 = DIRECTION ( 'NONE',  ( 0.9096111022939517010, 0.0000000000000000000, 0.4154607593787674191 ) ) ;
#1492 = LINE ( 'NONE', #260, #2073 ) ;
#1493 = SURFACE_STYLE_FILL_AREA ( #156 ) ;
#1494 = LINE ( 'NONE', #2247, #1870 ) ;
#1495 = PLANE ( 'NONE',  #4173 ) ;
#1496 = EDGE_CURVE ( 'NONE', #1960, #345, #2603, .T. ) ;
#1497 = COLOUR_RGB ( '',0.1882352941176470562, 0.2039215686274509776, 0.2039215686274509776 ) ;
#1498 = CARTESIAN_POINT ( 'NONE',  ( 1.186880602294415388, 1.099000000000000199, 1.393946118792765754 ) ) ;
#1499 = CARTESIAN_POINT ( 'NONE',  ( 0.4109040397944155876, 1.100000000000000089, 1.490625806292765754 ) ) ;
#1500 = CARTESIAN_POINT ( 'NONE',  ( 0.4259143613041667109, 1.100000000000000089, 0.2470152058638017678 ) ) ;
#1501 = CARTESIAN_POINT ( 'NONE',  ( 0.4490084562654641509, 1.099999999999999645, 0.8023916434462078362 ) ) ;
#1502 = STYLED_ITEM ( 'NONE', ( #3962 ), #1204 ) ;
#1503 = ADVANCED_FACE ( 'NONE', ( #665 ), #3861, .F. ) ;
#1504 = CARTESIAN_POINT ( 'NONE',  ( 0.4616146471128156348, 1.099999999999995870, -1.459672267657536882 ) ) ;
#1505 = MECHANICAL_DESIGN_GEOMETRIC_PRESENTATION_REPRESENTATION (  '', ( #4074 ), #108 ) ;
#1506 = CARTESIAN_POINT ( 'NONE',  ( 0.3991353137584011668, 1.099999999999996536, 0.1010936417402536064 ) ) ;
#1507 = CARTESIAN_POINT ( 'NONE',  ( 1.251656488536639689, 1.100000000000000311, 0.01157246410973892560 ) ) ;
#1508 = PLANE ( 'NONE',  #3773 ) ;
#1509 = ADVANCED_FACE ( 'NONE', ( #105 ), #1122, .T. ) ;
#1510 = FILL_AREA_STYLE_COLOUR ( '', #2847 ) ;
#1511 = VERTEX_POINT ( 'NONE', #2913 ) ;
#1512 = CARTESIAN_POINT ( 'NONE',  ( -1.207517891129247234, 1.099500000000000144, 0.5512005522718045336 ) ) ;
#1513 = FILL_AREA_STYLE ('',( #92 ) ) ;
#1514 = FILL_AREA_STYLE ('',( #164 ) ) ;
#1515 = ORIENTED_EDGE ( 'NONE', *, *, #2696, .F. ) ;
#1516 = CARTESIAN_POINT ( 'NONE',  ( 0.8454800299405927921, 1.099000000000000199, -1.224633590029598151 ) ) ;
#1517 = CARTESIAN_POINT ( 'NONE',  ( 1.249007985641734209, 1.100000000000000311, -1.450146409782714585 ) ) ;
#1518 = PLANE ( 'NONE',  #4279 ) ;
#1519 = EDGE_CURVE ( 'NONE', #3412, #985, #3483, .T. ) ;
#1520 = LINE ( 'NONE', #4245, #877 ) ;
#1521 = ORIENTED_EDGE ( 'NONE', *, *, #4025, .F. ) ;
#1522 = CARTESIAN_POINT ( 'NONE',  ( 1.239202684546861777, 1.100000000000000311, 0.6390128999256934339 ) ) ;
#1523 = CARTESIAN_POINT ( 'NONE',  ( 0.0000000000000000000, 0.0000000000000000000, 2.009999999999999787 ) ) ;
#1524 = VERTEX_POINT ( 'NONE', #3243 ) ;
#1525 = DIRECTION ( 'NONE',  ( -0.7071067811865487940, 0.0000000000000000000, 0.7071067811865463515 ) ) ;
#1526 = ORIENTED_EDGE ( 'NONE', *, *, #3264, .T. ) ;
#1527 =( GEOMETRIC_REPRESENTATION_CONTEXT ( 3 ) GLOBAL_UNCERTAINTY_ASSIGNED_CONTEXT ( ( #1272 ) ) GLOBAL_UNIT_ASSIGNED_CONTEXT ( ( #1878, #2898, #2915 ) ) REPRESENTATION_CONTEXT ( 'NONE', 'WORKASPACE' ) );
#1528 = CARTESIAN_POINT ( 'NONE',  ( 0.3894322519161951268, 1.100000000000000089, 0.2722288083991814545 ) ) ;
#1529 = CARTESIAN_POINT ( 'NONE',  ( 1.239039992614731522, 1.099000000000000199, 0.6539318103391679182 ) ) ;
#1530 = CARTESIAN_POINT ( 'NONE',  ( 0.4788837426147317111, 1.099499999999995481, 0.7793224353391680070 ) ) ;
#1531 = DIRECTION ( 'NONE',  ( -1.000000000000000000, 0.0000000000000000000, 2.698225319131416536E-15 ) ) ;
#1532 = ORIENTED_EDGE ( 'NONE', *, *, #1519, .F. ) ;
#1533 = ORIENTED_EDGE ( 'NONE', *, *, #2, .F. ) ;
#1534 = FILL_AREA_STYLE ('',( #2276 ) ) ;
#1535 = STYLED_ITEM ( 'NONE', ( #1022 ), #2563 ) ;
#1536 = DIRECTION ( 'NONE',  ( -0.7071067811865463515, 0.0000000000000000000, -0.7071067811865487940 ) ) ;
#1537 = ADVANCED_FACE ( 'NONE', ( #1172 ), #1148, .T. ) ;
#1538 = EDGE_LOOP ( 'NONE', ( #2284, #1917, #3681 ) ) ;
#1539 = VECTOR ( 'NONE', #415, 1000.000000000000114 ) ;
#1540 = CARTESIAN_POINT ( 'NONE',  ( 1.287769158493794697, 1.100000000000000311, -1.432179803687375408 ) ) ;
#1541 = DIRECTION ( 'NONE',  ( 0.9096111022939517010, 0.0000000000000000000, 0.4154607593787674746 ) ) ;
#1542 = CARTESIAN_POINT ( 'NONE',  ( 1.217024358987211174, 1.099999999999999867, 0.5856138912253400219 ) ) ;
#1543 = CARTESIAN_POINT ( 'NONE',  ( 1.256433757935047524, 1.099000000000000199, -0.03334812311443004912 ) ) ;
#1544 = DIRECTION ( 'NONE',  ( -1.000000000000000000, 4.336808689942018722E-16, 0.0000000000000000000 ) ) ;
#1545 = ORIENTED_EDGE ( 'NONE', *, *, #2031, .T. ) ;
#1546 = EDGE_CURVE ( 'NONE', #1373, #2174, #3571, .T. ) ;
#1547 = CARTESIAN_POINT ( 'NONE',  ( 0.0000000000000000000, 0.0000000000000000000, 0.0000000000000000000 ) ) ;
#1548 = LINE ( 'NONE', #446, #1869 ) ;
#1549 = CARTESIAN_POINT ( 'NONE',  ( 0.4516343660860381859, 1.098999999999999533, 0.9368133320723572854 ) ) ;
#1550 = B_SPLINE_CURVE_WITH_KNOTS ( 'NONE', 3,
 ( #1625, #2961, #3316, #3980, #3668, #4004, #2279, #573, #237, #2934, #987 ),
 .UNSPECIFIED., .F., .F.,
 ( 4, 1, 1, 1, 1, 1, 1, 1, 4 ),
 ( 1.084202172485504434E-19, 8.673153922595924694E-06, 1.629636277024523107E-05, 2.331967752476176966E-05, 2.985704533570910675E-05, 3.741170103801221187E-05, 4.612475212252901936E-05, 5.700876579846758104E-05, 7.016723464293834708E-05 ),
 .UNSPECIFIED. ) ;
#1551 = CARTESIAN_POINT ( 'NONE',  ( 1.256433757935047302, 1.099499999999945521, -0.03334812311443004912 ) ) ;
#1552 = VERTEX_POINT ( 'NONE', #3280 ) ;
#1553 = ORIENTED_EDGE ( 'NONE', *, *, #2761, .F. ) ;
#1554 = PLANE ( 'NONE',  #2101 ) ;
#1555 = EDGE_CURVE ( 'NONE', #3408, #3830, #2190, .T. ) ;
#1556 = VECTOR ( 'NONE', #4302, 1000.000000000000000 ) ;
#1557 = LINE ( 'NONE', #4031, #2400 ) ;
#1558 = DIRECTION ( 'NONE',  ( 0.0000000000000000000, 1.000000000000000000, 0.0000000000000000000 ) ) ;
#1559 = CARTESIAN_POINT ( 'NONE',  ( 1.218650962593265552, 1.098999999999999977, 0.7122171613332070050 ) ) ;
#1560 = EDGE_CURVE ( 'NONE', #2717, #1956, #3854, .T. ) ;
#1561 = VECTOR ( 'NONE', #2080, 1000.000000000000000 ) ;
#1562 = CARTESIAN_POINT ( 'NONE',  ( 1.229114514154289184, 1.099000000000000199, 0.02261297745289166106 ) ) ;
#1563 = DIRECTION ( 'NONE',  ( 1.000000000000000000, 0.0000000000000000000, -0.0000000000000000000 ) ) ;
#1564 = CARTESIAN_POINT ( 'NONE',  ( 1.278683154940592814, 1.099000000000000199, -0.8787351525295984400 ) ) ;
#1565 = CARTESIAN_POINT ( 'NONE',  ( 0.3797804907689429910, 1.099000000000000421, 0.7830505504767899527 ) ) ;
#1566 = CARTESIAN_POINT ( 'NONE',  ( 1.254177929748531151, 1.099999999999996980, 0.0003081429615403099035 ) ) ;
#1567 = CARTESIAN_POINT ( 'NONE',  ( 0.3764111317159681280, 1.099000000000006416, 0.9453249733400321819 ) ) ;
#1568 = DIRECTION ( 'NONE',  ( -1.000000000000000000, 4.336808689942018722E-16, 0.0000000000000000000 ) ) ;
#1569 = CARTESIAN_POINT ( 'NONE',  ( 1.275623677516992016, 1.100000000000000311, -1.457949159081260104 ) ) ;
#1570 = CARTESIAN_POINT ( 'NONE',  ( 0.4282978051147317000, 1.099499999999996147, 0.8033458728391679182 ) ) ;
#1571 =( GEOMETRIC_REPRESENTATION_CONTEXT ( 3 ) GLOBAL_UNCERTAINTY_ASSIGNED_CONTEXT ( ( #52 ) ) GLOBAL_UNIT_ASSIGNED_CONTEXT ( ( #245, #2958, #2974 ) ) REPRESENTATION_CONTEXT ( 'NONE', 'WORKASPACE' ) );
#1572 = CARTESIAN_POINT ( 'NONE',  ( -0.7750000000000001332, 1.050000000000000044, -2.009999999999999787 ) ) ;
#1573 = VERTEX_POINT ( 'NONE', #3607 ) ;
#1574 = CARTESIAN_POINT ( 'NONE',  ( 0.3888446801147316112, 1.100000000000000089, 0.2804943103391680514 ) ) ;
#1575 = CARTESIAN_POINT ( 'NONE',  ( 0.4281337032331723469, 1.100000000000000311, -1.424706969738833928 ) ) ;
#1576 = LINE ( 'NONE', #1572, #3346 ) ;
#1577 = CARTESIAN_POINT ( 'NONE',  ( 1.254177929748531151, 1.099000000000000421, 0.0003081429615403098493 ) ) ;
#1578 = B_SPLINE_CURVE_WITH_KNOTS ( 'NONE', 3,
 ( #3780, #55, #2523, #1131 ),
 .UNSPECIFIED., .F., .F.,
 ( 4, 4 ),
 ( 0.0000000000000000000, 0.0004068234255193389532 ),
 .UNSPECIFIED. ) ;
#1579 = CARTESIAN_POINT ( 'NONE',  ( 1.255945540742946731, 1.099000000000000199, -0.06155077261631866636 ) ) ;
#1580 = DIRECTION ( 'NONE',  ( 0.8765741616178277518, 0.0000000000000000000, -0.4812668066509495635 ) ) ;
#1581 = VERTEX_POINT ( 'NONE', #4308 ) ;
#1582 = DIRECTION ( 'NONE',  ( 0.0000000000000000000, 1.000000000000000000, 0.0000000000000000000 ) ) ;
#1583 = CARTESIAN_POINT ( 'NONE',  ( 1.235270768541670838, 1.098999999999999977, 0.6057813660356285990 ) ) ;
#1584 = VERTEX_POINT ( 'NONE', #2591 ) ;
#1585 =( NAMED_UNIT ( * ) PLANE_ANGLE_UNIT ( ) SI_UNIT ( $, .RADIAN. ) );
#1586 = CARTESIAN_POINT ( 'NONE',  ( 0.4494042613191924218, 1.098999999999999977, 0.1160615979034863715 ) ) ;
#1587 = CARTESIAN_POINT ( 'NONE',  ( 0.3795736571815578886, 1.100000000000000311, 0.7793998580759667894 ) ) ;
#1588 = EDGE_CURVE ( 'NONE', #719, #2841, #3220, .T. ) ;
#1589 = FACE_BOUND ( 'NONE', #199, .T. ) ;
#1590 = UNCERTAINTY_MEASURE_WITH_UNIT (LENGTH_MEASURE( 1.000000000000000082E-05 ), #3877, 'distance_accuracy_value', 'NONE');
#1591 = VERTEX_POINT ( 'NONE', #2278 ) ;
#1592 = CARTESIAN_POINT ( 'NONE',  ( 0.4109040397944155876, 1.099499999999995925, 1.490625806292765754 ) ) ;
#1593 = ORIENTED_EDGE ( 'NONE', *, *, #2282, .F. ) ;
#1594 = AXIS2_PLACEMENT_3D ( 'NONE', #3235, #1568, #3547 ) ;
#1595 = EDGE_LOOP ( 'NONE', ( #704, #3426, #3736, #628 ) ) ;
#1596 = DIRECTION ( 'NONE',  ( -0.0000000000000000000, -1.000000000000000000, -0.0000000000000000000 ) ) ;
#1597 = CARTESIAN_POINT ( 'NONE',  ( 1.186880602294415388, 1.099000000000000199, 1.393946118792765754 ) ) ;
#1598 = CARTESIAN_POINT ( 'NONE',  ( 1.249419592062173567, 1.099999999999999867, -0.08874261168608113537 ) ) ;
#1599 = ORIENTED_EDGE ( 'NONE', *, *, #1244, .F. ) ;
#1600 = SURFACE_STYLE_USAGE ( .BOTH. , #1614 ) ;
#1601 = FACE_OUTER_BOUND ( 'NONE', #3453, .T. ) ;
#1602 = AXIS2_PLACEMENT_3D ( 'NONE', #2500, #2804, #70 ) ;
#1603 = CARTESIAN_POINT ( 'NONE',  ( 1.232025826741856900, 1.098999999999999533, 0.5985373217675169499 ) ) ;
#1604 = CARTESIAN_POINT ( 'NONE',  ( 0.3620759147944154765, 1.100000000000000089, 1.464844556292765887 ) ) ;
#1605 = CARTESIAN_POINT ( 'NONE',  ( 0.4306728810147195108, 1.099000000000000199, -0.8491051813517925817 ) ) ;
#1606 = PLANE ( 'NONE',  #3076 ) ;
#1607 = CARTESIAN_POINT ( 'NONE',  ( 0.4556525079350478014, 1.099000000000000199, -0.4403793731144300394 ) ) ;
#1608 = VERTEX_POINT ( 'NONE', #1911 ) ;
#1609 = VECTOR ( 'NONE', #749, 1000.000000000000000 ) ;
#1610 = CARTESIAN_POINT ( 'NONE',  ( 1.232980029940592859, 1.100000000000000311, -0.8347898400295982180 ) ) ;
#1611 = B_SPLINE_CURVE_WITH_KNOTS ( 'NONE', 3,
 ( #1570, #3879, #2565, #187, #876, #3185, #2924, #895, #1883, #1587, #861 ),
 .UNSPECIFIED., .F., .F.,
 ( 4, 1, 1, 1, 1, 1, 1, 1, 4 ),
 ( 0.0000000000000000000, 1.176980149152542297E-05, 2.185532936696455263E-05, 3.060172959564813215E-05, 3.824255549471093689E-05, 4.487201985858778309E-05, 5.056715523010283883E-05, 5.602481624961622170E-05, 6.154193447856494913E-05 ),
 .UNSPECIFIED. ) ;
#1612 = VECTOR ( 'NONE', #931, 1000.000000000000114 ) ;
#1613 = LINE ( 'NONE', #3705, #688 ) ;
#1614 = SURFACE_SIDE_STYLE ('',( #1182 ) ) ;
#1615 = EDGE_CURVE ( 'NONE', #3266, #1552, #1293, .T. ) ;
#1616 = DIRECTION ( 'NONE',  ( 0.0000000000000000000, 0.0000000000000000000, 1.000000000000000000 ) ) ;
#1617 = CARTESIAN_POINT ( 'NONE',  ( 0.3714509147944154988, 1.099000000000000199, 0.9677742437927659980 ) ) ;
#1618 = FILL_AREA_STYLE_COLOUR ( '', #4338 ) ;
#1619 =( NAMED_UNIT ( * ) SI_UNIT ( $, .STERADIAN. ) SOLID_ANGLE_UNIT ( ) );
#1620 = CARTESIAN_POINT ( 'NONE',  ( 0.4466519049405928143, 1.100000000000000311, -1.342992965029598196 ) ) ;
#1621 = DIRECTION ( 'NONE',  ( 0.8765741616178277518, 0.0000000000000000000, -0.4812668066509496190 ) ) ;
#1622 = STYLED_ITEM ( 'NONE', ( #3649 ), #1875 ) ;
#1623 = B_SPLINE_CURVE_WITH_KNOTS ( 'NONE', 3,
 ( #966, #1663, #1983, #617, #3308, #645, #2373, #2684, #4336, #330, #2026 ),
 .UNSPECIFIED., .F., .F.,
 ( 4, 1, 1, 1, 1, 1, 1, 1, 4 ),
 ( 0.0000000000000000000, 1.466909246621679498E-05, 2.535496148901108415E-05, 3.302502416885692816E-05, 4.005749604075876089E-05, 4.893080275422135981E-05, 6.091182366611126139E-05, 7.665529715581448507E-05, 9.708195575969225631E-05 ),
 .UNSPECIFIED. ) ;
#1624 = CARTESIAN_POINT ( 'NONE',  ( -0.7173263950662560617, 1.098999999999997979, 0.6850014971536930730 ) ) ;
#1625 = CARTESIAN_POINT ( 'NONE',  ( 0.3888446801147316112, 1.099000000000001753, 0.2804943103391680514 ) ) ;
#1626 = CARTESIAN_POINT ( 'NONE',  ( 0.0000000000000000000, 0.0000000000000000000, 0.0000000000000000000 ) ) ;
#1627 = SURFACE_STYLE_USAGE ( .BOTH. , #2949 ) ;
#1628 = CARTESIAN_POINT ( 'NONE',  ( 0.4275112799405928476, 1.099000000000000199, -1.407446090029597974 ) ) ;
#1629 = LINE ( 'NONE', #1665, #338 ) ;
#1630 = ORIENTED_EDGE ( 'NONE', *, *, #189, .F. ) ;
#1631 = FACE_OUTER_BOUND ( 'NONE', #303, .T. ) ;
#1632 = EDGE_LOOP ( 'NONE', ( #2325, #4329, #1438, #2063, #88, #2909, #2446, #500, #2693, #554 ) ) ;
#1633 = VERTEX_POINT ( 'NONE', #1253 ) ;
#1634 = CARTESIAN_POINT ( 'NONE',  ( 0.4732144049405928032, 1.099000000000144528, -1.453149215029598151 ) ) ;
#1635 = EDGE_CURVE ( 'NONE', #82, #4339, #1067, .T. ) ;
#1636 = ORIENTED_EDGE ( 'NONE', *, *, #3112, .F. ) ;
#1637 = ORIENTED_EDGE ( 'NONE', *, *, #3058, .F. ) ;
#1638 = CARTESIAN_POINT ( 'NONE',  ( 0.4277341947191959370, 1.099000000000154298, -1.413627904278438985 ) ) ;
#1639 = CARTESIAN_POINT ( 'NONE',  ( 0.4274977092940881462, 1.100000000000004530, -1.401719109535412011 ) ) ;
#1640 = EDGE_LOOP ( 'NONE', ( #4368, #1630, #1733, #1644 ) ) ;
#1641 = EDGE_LOOP ( 'NONE', ( #3249, #3461, #2097, #2383 ) ) ;
#1642 =( NAMED_UNIT ( * ) SI_UNIT ( $, .STERADIAN. ) SOLID_ANGLE_UNIT ( ) );
#1643 = CARTESIAN_POINT ( 'NONE',  ( 1.860000000000000098, 1.100000000000000089, 1.197867965644035415 ) ) ;
#1644 = ORIENTED_EDGE ( 'NONE', *, *, #1170, .F. ) ;
#1645 = EDGE_CURVE ( 'NONE', #1241, #3990, #1704, .T. ) ;
#1646 = ORIENTED_EDGE ( 'NONE', *, *, #2939, .T. ) ;
#1647 = LINE ( 'NONE', #1757, #4011 ) ;
#1648 = CARTESIAN_POINT ( 'NONE',  ( 0.0000000000000000000, 0.0000000000000000000, 0.7749999999999998002 ) ) ;
#1649 =( GEOMETRIC_REPRESENTATION_CONTEXT ( 3 ) GLOBAL_UNCERTAINTY_ASSIGNED_CONTEXT ( ( #780 ) ) GLOBAL_UNIT_ASSIGNED_CONTEXT ( ( #682, #1750, #4061 ) ) REPRESENTATION_CONTEXT ( 'NONE', 'WORKASPACE' ) );
#1650 = CYLINDRICAL_SURFACE ( 'NONE', #3620, 0.2266464119299103630 ) ;
#1651 = FACE_OUTER_BOUND ( 'NONE', #4101, .T. ) ;
#1652 = SURFACE_STYLE_USAGE ( .BOTH. , #970 ) ;
#1653 = ORIENTED_EDGE ( 'NONE', *, *, #3575, .T. ) ;
#1654 = B_SPLINE_CURVE_WITH_KNOTS ( 'NONE', 3,
 ( #2999, #1990, #2047, #1001, #1356, #2003, #668, #2694, #3342, #1349, #6 ),
 .UNSPECIFIED., .F., .F.,
 ( 4, 1, 1, 1, 1, 1, 1, 1, 4 ),
 ( 0.0000000000000000000, 8.653958354344965160E-06, 1.626029538961419724E-05, 2.326806602731685866E-05, 2.979096522729338771E-05, 3.732890084017579643E-05, 4.602266805538062834E-05, 5.688259305155814741E-05, 7.001193935432897223E-05 ),
 .UNSPECIFIED. ) ;
#1655 = STYLED_ITEM ( 'NONE', ( #1020 ), #4112 ) ;
#1656 = CARTESIAN_POINT ( 'NONE',  ( 0.3969674225018739455, 1.099000000000003752, 0.09211992462236867629 ) ) ;
#1657 = CARTESIAN_POINT ( 'NONE',  ( 0.7750000000000001332, 0.2500000000000000000, -1.775000000000000133 ) ) ;
#1658 = EDGE_LOOP ( 'NONE', ( #216, #3573, #621 ) ) ;
#1659 = CARTESIAN_POINT ( 'NONE',  ( 0.3684047411851410492, 1.099000000000003974, 1.480091653380008365 ) ) ;
#1660 = VERTEX_POINT ( 'NONE', #219 ) ;
#1661 = LINE ( 'NONE', #2892, #1612 ) ;
#1662 = LINE ( 'NONE', #1332, #56 ) ;
#1663 = CARTESIAN_POINT ( 'NONE',  ( 1.249007985641734209, 1.099000000000003974, -1.450146409782714363 ) ) ;
#1664 = LINE ( 'NONE', #2710, #4027 ) ;
#1665 = CARTESIAN_POINT ( 'NONE',  ( -0.7750000000000002442, 0.0000000000000000000, 1.775000000000000577 ) ) ;
#1666 =( LENGTH_UNIT ( ) NAMED_UNIT ( * ) SI_UNIT ( .MILLI., .METRE. ) );
#1667 = EDGE_CURVE ( 'NONE', #2886, #785, #1492, .T. ) ;
#1668 = FILL_AREA_STYLE_COLOUR ( '', #964 ) ;
#1669 = CARTESIAN_POINT ( 'NONE',  ( 0.4564542462373982201, 1.099000000000000199, 0.1160533539143780712 ) ) ;
#1670 =( LENGTH_UNIT ( ) NAMED_UNIT ( * ) SI_UNIT ( .MILLI., .METRE. ) );
#1671 = CARTESIAN_POINT ( 'NONE',  ( 0.4693024772944154877, 1.100000000000000089, 1.057227368792765798 ) ) ;
#1672 = CARTESIAN_POINT ( 'NONE',  ( 1.221405289792786508, 1.099999999999999867, 1.347857728201592664 ) ) ;
#1673 = CARTESIAN_POINT ( 'NONE',  ( 0.5041570551954022150, 1.098999999999999755, -0.4339166840720112273 ) ) ;
#1674 = CARTESIAN_POINT ( 'NONE',  ( -1.523934269082005910, 1.099000000000000199, -0.2773380304053592038 ) ) ;
#1675 = PRESENTATION_LAYER_ASSIGNMENT (  '', '', ( #1535 ) ) ;
#1676 = ORIENTED_EDGE ( 'NONE', *, *, #630, .T. ) ;
#1677 = FILL_AREA_STYLE ('',( #3691 ) ) ;
#1678 = LINE ( 'NONE', #1475, #3767 ) ;
#1679 = CARTESIAN_POINT ( 'NONE',  ( 0.4062384454350477236, 1.100000000000000089, -0.4067856231144299506 ) ) ;
#1680 = CARTESIAN_POINT ( 'NONE',  ( 0.4494042613191924218, 1.099999999999999867, 0.1160615979034863715 ) ) ;
#1681 = ORIENTED_EDGE ( 'NONE', *, *, #224, .T. ) ;
#1682 = CARTESIAN_POINT ( 'NONE',  ( 0.8454800299405927921, 1.100000000000000089, -1.224633590029597929 ) ) ;
#1683 = CARTESIAN_POINT ( 'NONE',  ( -1.209744032861531648, 1.099000000000000199, 0.3468282688072377717 ) ) ;
#1684 = COLOUR_RGB ( '',0.1882352941176470562, 0.2039215686274509776, 0.2039215686274509776 ) ;
#1685 = EDGE_LOOP ( 'NONE', ( #357, #1105, #2703, #3059, #755, #935, #141, #3895 ) ) ;
#1686 = ORIENTED_EDGE ( 'NONE', *, *, #2461, .F. ) ;
#1687 = ORIENTED_EDGE ( 'NONE', *, *, #2873, .F. ) ;
#1688 = EDGE_CURVE ( 'NONE', #2163, #2912, #566, .T. ) ;
#1689 = ORIENTED_EDGE ( 'NONE', *, *, #3758, .T. ) ;
#1690 = CARTESIAN_POINT ( 'NONE',  ( 2.010000000000000231, 1.050000000000000044, 1.259999999999999787 ) ) ;
#1691 = VECTOR ( 'NONE', #3554, 1000.000000000000000 ) ;
#1692 = DIRECTION ( 'NONE',  ( 0.0000000000000000000, -0.0000000000000000000, 1.000000000000000000 ) ) ;
#1693 = CARTESIAN_POINT ( 'NONE',  ( 1.259999999999997566, 1.050000000000000044, 2.009999999999999787 ) ) ;
#1694 =( NAMED_UNIT ( * ) PLANE_ANGLE_UNIT ( ) SI_UNIT ( $, .RADIAN. ) );
#1695 = ORIENTED_EDGE ( 'NONE', *, *, #1929, .T. ) ;
#1696 = LINE ( 'NONE', #956, #727 ) ;
#1697 = ORIENTED_EDGE ( 'NONE', *, *, #1745, .T. ) ;
#1698 = LINE ( 'NONE', #3078, #2017 ) ;
#1699 = LINE ( 'NONE', #2467, #2300 ) ;
#1700 = DIRECTION ( 'NONE',  ( -0.7071067811865483499, 0.0000000000000000000, 0.7071067811865466846 ) ) ;
#1701 = PRESENTATION_LAYER_ASSIGNMENT (  '', '', ( #1391 ) ) ;
#1702 = VERTEX_POINT ( 'NONE', #2960 ) ;
#1703 = CARTESIAN_POINT ( 'NONE',  ( 0.4693024772944154877, 1.100000000000000089, 1.057227368792765798 ) ) ;
#1704 = LINE ( 'NONE', #2933, #4073 ) ;
#1705 = COLOUR_RGB ( '',0.1882352941176470562, 0.2039215686274509776, 0.2039215686274509776 ) ;
#1706 = PLANE ( 'NONE',  #4354 ) ;
#1707 = CARTESIAN_POINT ( 'NONE',  ( 1.234262723216323021, 1.099999999999999645, 0.6988523975633367247 ) ) ;
#1708 = SURFACE_STYLE_FILL_AREA ( #2926 ) ;
#1709 = CARTESIAN_POINT ( 'NONE',  ( 0.4950837272944154654, 1.100000000000000089, 0.9509773687927658425 ) ) ;
#1710 = LINE ( 'NONE', #1379, #2672 ) ;
#1711 = CARTESIAN_POINT ( 'NONE',  ( 1.197232164794415743, 1.100000000000000089, 1.271680493792765931 ) ) ;
#1712 = CARTESIAN_POINT ( 'NONE',  ( 0.7750000000000001332, 0.0000000000000000000, -2.009999999999999787 ) ) ;
#1713 = UNCERTAINTY_MEASURE_WITH_UNIT (LENGTH_MEASURE( 1.000000000000000082E-05 ), #3404, 'distance_accuracy_value', 'NONE');
#1714 = DIRECTION ( 'NONE',  ( 0.0000000000000000000, 1.000000000000000000, 0.0000000000000000000 ) ) ;
#1715 = EDGE_CURVE ( 'NONE', #4217, #299, #1972, .T. ) ;
#1716 = SURFACE_SIDE_STYLE ('',( #3479 ) ) ;
#1717 = CARTESIAN_POINT ( 'NONE',  ( 0.4962775079350477125, 1.100000000000000089, 0.09204250188556993562 ) ) ;
#1718 = CARTESIAN_POINT ( 'NONE',  ( -0.7750000000000001332, 0.2500000000000000000, -2.009999999999999787 ) ) ;
#1719 = CARTESIAN_POINT ( 'NONE',  ( 1.221646227294415299, 1.100000000000000089, 1.341211743792765754 ) ) ;
#1720 = ORIENTED_EDGE ( 'NONE', *, *, #2328, .F. ) ;
#1721 =( GEOMETRIC_REPRESENTATION_CONTEXT ( 3 ) GLOBAL_UNCERTAINTY_ASSIGNED_CONTEXT ( ( #3276 ) ) GLOBAL_UNIT_ASSIGNED_CONTEXT ( ( #4103, #2095, #1722 ) ) REPRESENTATION_CONTEXT ( 'NONE', 'WORKASPACE' ) );
#1722 =( NAMED_UNIT ( * ) SI_UNIT ( $, .STERADIAN. ) SOLID_ANGLE_UNIT ( ) );
#1723 = CARTESIAN_POINT ( 'NONE',  ( 0.4227989373780280946, 1.100000000000000089, -0.9597961795455132172 ) ) ;
#1724 = LINE ( 'NONE', #2971, #4043 ) ;
#1725 = EDGE_LOOP ( 'NONE', ( #3209, #3102, #2588 ) ) ;
#1726 = CARTESIAN_POINT ( 'NONE',  ( 1.263246842266364300, 1.100000000000000089, -0.8233379357385387509 ) ) ;
#1727 = VECTOR ( 'NONE', #212, 1000.000000000000000 ) ;
#1728 = AXIS2_PLACEMENT_3D ( 'NONE', #4248, #1910, #3246 ) ;
#1729 = ORIENTED_EDGE ( 'NONE', *, *, #3738, .F. ) ;
#1730 = CARTESIAN_POINT ( 'NONE',  ( 1.201257197272949107, 1.099000000000000199, 1.399497094786805285 ) ) ;
#1731 = FILL_AREA_STYLE ('',( #333 ) ) ;
#1732 = CARTESIAN_POINT ( 'NONE',  ( -1.209744032861531648, 1.099000000000000199, 0.3468282688072377717 ) ) ;
#1733 = ORIENTED_EDGE ( 'NONE', *, *, #3197, .T. ) ;
#1734 = CARTESIAN_POINT ( 'NONE',  ( 0.4492187352247311027, 1.100000000000000089, 0.2471214586377634970 ) ) ;
#1735 = CARTESIAN_POINT ( 'NONE',  ( 0.7750000000000001332, 0.2500000000000000000, 2.009999999999999787 ) ) ;
#1736 = VERTEX_POINT ( 'NONE', #530 ) ;
#1737 = ORIENTED_EDGE ( 'NONE', *, *, #3618, .T. ) ;
#1738 = CARTESIAN_POINT ( 'NONE',  ( 1.239039992614731522, 1.099499999999945743, 0.6539318103391680292 ) ) ;
#1739 = VERTEX_POINT ( 'NONE', #3896 ) ;
#1740 = EDGE_LOOP ( 'NONE', ( #4382, #2688, #3502 ) ) ;
#1741 = DIRECTION ( 'NONE',  ( 0.8728043946215182647, 0.0000000000000000000, -0.4880701678338526528 ) ) ;
#1742 = ORIENTED_EDGE ( 'NONE', *, *, #3875, .F. ) ;
#1743 = LINE ( 'NONE', #2143, #1915 ) ;
#1744 =( NAMED_UNIT ( * ) PLANE_ANGLE_UNIT ( ) SI_UNIT ( $, .RADIAN. ) );
#1745 = EDGE_CURVE ( 'NONE', #2852, #719, #3634, .T. ) ;
#1746 = CARTESIAN_POINT ( 'NONE',  ( 1.278683154940592814, 1.099999999999999423, -0.8787351525295984400 ) ) ;
#1747 = CARTESIAN_POINT ( 'NONE',  ( 1.219390399107898704, 1.098999999999999977, 1.374868009868736030 ) ) ;
#1748 = CARTESIAN_POINT ( 'NONE',  ( 0.4950837272944154654, 1.098999999999986210, 0.9509773687927658425 ) ) ;
#1749 = PRESENTATION_STYLE_ASSIGNMENT (( #3372 ) ) ;
#1750 =( NAMED_UNIT ( * ) PLANE_ANGLE_UNIT ( ) SI_UNIT ( $, .RADIAN. ) );
#1751 = ORIENTED_EDGE ( 'NONE', *, *, #469, .T. ) ;
#1752 =( LENGTH_UNIT ( ) NAMED_UNIT ( * ) SI_UNIT ( .MILLI., .METRE. ) );
#1753 = DIRECTION ( 'NONE',  ( 0.0000000000000000000, 0.0000000000000000000, 1.000000000000000000 ) ) ;
#1754 = AXIS2_PLACEMENT_3D ( 'NONE', #3688, #1984, #2342 ) ;
#1755 = VECTOR ( 'NONE', #2368, 1000.000000000000000 ) ;
#1756 = SURFACE_STYLE_FILL_AREA ( #811 ) ;
#1757 = CARTESIAN_POINT ( 'NONE',  ( -1.239781828137123565, 1.099000000000000199, -0.1325670067833148169 ) ) ;
#1758 = ADVANCED_FACE ( 'NONE', ( #3654 ), #3693, .F. ) ;
#1759 = CARTESIAN_POINT ( 'NONE',  ( 0.4450277330202477288, 1.099000000000135424, -1.344101270810187376 ) ) ;
#1760 = VECTOR ( 'NONE', #2610, 1000.000000000000000 ) ;
#1761 = FILL_AREA_STYLE ('',( #1418 ) ) ;
#1762 = CARTESIAN_POINT ( 'NONE',  ( 0.0000000000000000000, 1.100000000000000089, 0.0000000000000000000 ) ) ;
#1763 = LINE ( 'NONE', #1718, #2364 ) ;
#1764 = CARTESIAN_POINT ( 'NONE',  ( 0.4109040397944155876, 1.099499999999995925, 1.490625806292765754 ) ) ;
#1765 = CARTESIAN_POINT ( 'NONE',  ( -0.9057358438851574878, 1.099499999999999922, -0.4946457469407953833 ) ) ;
#1766 = EDGE_CURVE ( 'NONE', #4371, #2052, #2302, .T. ) ;
#1767 = CARTESIAN_POINT ( 'NONE',  ( 0.4183830270234220050, 1.098999999999999977, -0.9251668828591607108 ) ) ;
#1768 = EDGE_CURVE ( 'NONE', #2717, #730, #273, .T. ) ;
#1769 = ORIENTED_EDGE ( 'NONE', *, *, #960, .T. ) ;
#1770 = FILL_AREA_STYLE ('',( #3775 ) ) ;
#1771 = EDGE_CURVE ( 'NONE', #606, #1702, #623, .T. ) ;
#1772 = ADVANCED_FACE ( 'NONE', ( #3421 ), #4331, .F. ) ;
#1773 =( NAMED_UNIT ( * ) SI_UNIT ( $, .STERADIAN. ) SOLID_ANGLE_UNIT ( ) );
#1774 = EDGE_LOOP ( 'NONE', ( #2385, #1343 ) ) ;
#1775 = DIRECTION ( 'NONE',  ( -0.0000000000000000000, -1.000000000000000000, -0.0000000000000000000 ) ) ;
#1776 = CARTESIAN_POINT ( 'NONE',  ( -1.383248914751299186, 1.100000000000001199, -0.4293808650510304581 ) ) ;
#1777 = VECTOR ( 'NONE', #1107, 1000.000000000000000 ) ;
#1778 = PRESENTATION_LAYER_ASSIGNMENT (  '', '', ( #1622 ) ) ;
#1779 = ORIENTED_EDGE ( 'NONE', *, *, #1178, .F. ) ;
#1780 = PLANE ( 'NONE',  #1902 ) ;
#1781 = CARTESIAN_POINT ( 'NONE',  ( 0.4281337032331723469, 1.099999999999996314, -1.424706969738833928 ) ) ;
#1782 = CARTESIAN_POINT ( 'NONE',  ( 0.3716550076784452816, 1.099999999999999867, 0.9649032242430133355 ) ) ;
#1783 = COLOUR_RGB ( '',1.000000000000000000, 1.000000000000000000, 1.000000000000000000 ) ;
#1784 = EDGE_LOOP ( 'NONE', ( #1271, #1963, #2431, #1415, #1850, #68, #226, #4353 ) ) ;
#1785 = ADVANCED_FACE ( 'NONE', ( #679 ), #1354, .T. ) ;
#1786 = CARTESIAN_POINT ( 'NONE',  ( 0.3968634454350477014, 1.099499999999999256, 0.09028468938556992451 ) ) ;
#1787 = DIRECTION ( 'NONE',  ( -2.157616263652745752E-16, 0.0000000000000000000, -1.000000000000000000 ) ) ;
#1788 = VERTEX_POINT ( 'NONE', #2415 ) ;
#1789 = CARTESIAN_POINT ( 'NONE',  ( 0.3620759147944154765, 1.099000000000000199, 1.464844556292765887 ) ) ;
#1790 = ORIENTED_EDGE ( 'NONE', *, *, #20, .T. ) ;
#1791 = DIRECTION ( 'NONE',  ( 0.0000000000000000000, -0.0000000000000000000, 1.000000000000000000 ) ) ;
#1792 = DIRECTION ( 'NONE',  ( 0.0000000000000000000, 0.0000000000000000000, 1.000000000000000000 ) ) ;
#1793 = CARTESIAN_POINT ( 'NONE',  ( 0.4650781720875900582, 1.099999999999999867, 0.7982422045996204751 ) ) ;
#1794 = CARTESIAN_POINT ( 'NONE',  ( 1.186880602294415388, 1.099000000000000199, 1.393946118792765754 ) ) ;
#1795 = EDGE_LOOP ( 'NONE', ( #872, #4210, #317, #3690 ) ) ;
#1796 = COLOUR_RGB ( '',0.1882352941176470562, 0.2039215686274509776, 0.2039215686274509776 ) ;
#1797 = CARTESIAN_POINT ( 'NONE',  ( -1.124982458058385593, 1.099000000000000199, -0.2805714162321333860 ) ) ;
#1798 = ORIENTED_EDGE ( 'NONE', *, *, #3206, .F. ) ;
#1799 = LINE ( 'NONE', #1192, #1375 ) ;
#1800 = CARTESIAN_POINT ( 'NONE',  ( 0.3720384865958790699, 1.099000000000000199, 0.9595087418527792344 ) ) ;
#1801 = EDGE_LOOP ( 'NONE', ( #2746, #2639 ) ) ;
#1802 = CARTESIAN_POINT ( 'NONE',  ( -0.7750000000000001332, 1.805559322863033612E-32, -1.775000000000001465 ) ) ;
#1803 = DIRECTION ( 'NONE',  ( 0.0000000000000000000, 0.0000000000000000000, 1.000000000000000000 ) ) ;
#1804 = EDGE_CURVE ( 'NONE', #2444, #3203, #1698, .T. ) ;
#1805 = VECTOR ( 'NONE', #4287, 1000.000000000000000 ) ;
#1806 = CARTESIAN_POINT ( 'NONE',  ( 1.278683154940592814, 1.099999999999999423, -0.8787351525295984400 ) ) ;
#1807 = LINE ( 'NONE', #2131, #3367 ) ;
#1808 = CARTESIAN_POINT ( 'NONE',  ( 0.4316146909451480385, 1.100000000000000311, 1.489671576899805672 ) ) ;
#1809 = ORIENTED_EDGE ( 'NONE', *, *, #3117, .T. ) ;
#1810 = FACE_OUTER_BOUND ( 'NONE', #4362, .T. ) ;
#1811 = DIRECTION ( 'NONE',  ( 0.01885715718040990169, 0.0000000000000000000, -0.9998221880029836139 ) ) ;
#1812 = CARTESIAN_POINT ( 'NONE',  ( 1.860000000000000098, 1.100000000000000089, 1.197867965644035415 ) ) ;
#1813 = PRESENTATION_LAYER_ASSIGNMENT (  '', '', ( #1132 ) ) ;
#1814 = ADVANCED_FACE ( 'NONE', ( #1238 ), #2730, .F. ) ;
#1815 = VECTOR ( 'NONE', #591, 1000.000000000000114 ) ;
#1816 = CARTESIAN_POINT ( 'NONE',  ( 0.5040900079350475460, 1.100000000000000089, -0.3173324981144300394 ) ) ;
#1817 = FACE_OUTER_BOUND ( 'NONE', #1740, .T. ) ;
#1818 = DIRECTION ( 'NONE',  ( -0.7071067811865487940, 0.0000000000000000000, 0.7071067811865463515 ) ) ;
#1819 = CARTESIAN_POINT ( 'NONE',  ( -1.124982458058385593, 1.099000000000000199, -0.2805714162321333860 ) ) ;
#1820 = PRESENTATION_LAYER_ASSIGNMENT (  '', '', ( #1364 ) ) ;
#1821 = DIRECTION ( 'NONE',  ( -0.4154607593787674746, 0.0000000000000000000, 0.9096111022939517010 ) ) ;
#1822 = CARTESIAN_POINT ( 'NONE',  ( 0.7750000000000002442, -7.703719777548943412E-31, 1.775000000000001465 ) ) ;
#1823 = CARTESIAN_POINT ( 'NONE',  ( 0.4146167306785602524, 1.098999999999999977, 1.490621464810682806 ) ) ;
#1824 = ADVANCED_FACE ( 'NONE', ( #460 ), #4045, .F. ) ;
#1825 = CARTESIAN_POINT ( 'NONE',  ( 0.3623867254486268230, 1.100000000000001643, 1.470330483930387233 ) ) ;
#1826 = PLANE ( 'NONE',  #771 ) ;
#1827 = CARTESIAN_POINT ( 'NONE',  ( 0.4282978051147317000, 1.099499999999996147, 0.8033458728391679182 ) ) ;
#1828 = DIRECTION ( 'NONE',  ( -0.7071067811865487940, 0.0000000000000000000, 0.7071067811865463515 ) ) ;
#1829 = CARTESIAN_POINT ( 'NONE',  ( -1.656591906877280307, 1.098999999999999089, 0.01500842628755501285 ) ) ;
#1830 = EDGE_CURVE ( 'NONE', #1474, #3731, #520, .T. ) ;
#1831 = ORIENTED_EDGE ( 'NONE', *, *, #1896, .F. ) ;
#1832 = ADVANCED_FACE ( 'NONE', ( #2183 ), #1365, .T. ) ;
#1833 = CARTESIAN_POINT ( 'NONE',  ( 1.276711974440236652, 1.099000000000000199, -1.335249459025501295 ) ) ;
#1834 = VECTOR ( 'NONE', #242, 1000.000000000000114 ) ;
#1835 = CARTESIAN_POINT ( 'NONE',  ( 1.221668132935047613, 1.100000000000000089, 0.01938625188556994394 ) ) ;
#1836 = ORIENTED_EDGE ( 'NONE', *, *, #1615, .F. ) ;
#1837 = CARTESIAN_POINT ( 'NONE',  ( 0.4788837426147317111, 1.099499999999995481, 0.7793224353391680070 ) ) ;
#1838 = CARTESIAN_POINT ( 'NONE',  ( 0.4063336371581414697, 1.100000000000000311, 0.2504752129867941490 ) ) ;
#1839 = VECTOR ( 'NONE', #3555, 1000.000000000000000 ) ;
#1840 = DIRECTION ( 'NONE',  ( 2.519732554954289192E-13, 1.000000000000000000, 1.791208576648072220E-14 ) ) ;
#1841 = CARTESIAN_POINT ( 'NONE',  ( 0.4756108149668333285, 1.098999999999999977, 0.7905740220176211697 ) ) ;
#1842 = CARTESIAN_POINT ( 'NONE',  ( 1.210013424146748173, 1.099000000000000199, 1.280003829352935441 ) ) ;
#1843 = ORIENTED_EDGE ( 'NONE', *, *, #1857, .T. ) ;
#1844 =( GEOMETRIC_REPRESENTATION_CONTEXT ( 3 ) GLOBAL_UNCERTAINTY_ASSIGNED_CONTEXT ( ( #1063 ) ) GLOBAL_UNIT_ASSIGNED_CONTEXT ( ( #473, #2494, #2172 ) ) REPRESENTATION_CONTEXT ( 'NONE', 'WORKASPACE' ) );
#1845 = CARTESIAN_POINT ( 'NONE',  ( -2.009999999999999343, 1.050000000000000044, 1.259999999999997122 ) ) ;
#1846 = EDGE_LOOP ( 'NONE', ( #652, #4056, #2705, #1533, #2002, #1526 ) ) ;
#1847 = ORIENTED_EDGE ( 'NONE', *, *, #4342, .F. ) ;
#1848 = ADVANCED_FACE ( 'NONE', ( #2965 ), #2641, .T. ) ;
#1849 = CARTESIAN_POINT ( 'NONE',  ( 1.244698779940592859, 1.099000000000000199, -1.447875777529598063 ) ) ;
#1850 = ORIENTED_EDGE ( 'NONE', *, *, #177, .F. ) ;
#1851 = ORIENTED_EDGE ( 'NONE', *, *, #4300, .T. ) ;
#1852 = ORIENTED_EDGE ( 'NONE', *, *, #1036, .F. ) ;
#1853 = CARTESIAN_POINT ( 'NONE',  ( 0.4159256466951637976, 1.099999999999996758, 0.1120041619459170024 ) ) ;
#1854 = FILL_AREA_STYLE ('',( #1151 ) ) ;
#1855 = FILL_AREA_STYLE_COLOUR ( '', #1705 ) ;
#1856 = UNCERTAINTY_MEASURE_WITH_UNIT (LENGTH_MEASURE( 1.000000000000000082E-05 ), #2537, 'distance_accuracy_value', 'NONE');
#1857 = EDGE_CURVE ( 'NONE', #785, #206, #4015, .T. ) ;
#1858 = ORIENTED_EDGE ( 'NONE', *, *, #184, .F. ) ;
#1859 = LINE ( 'NONE', #2128, #3003 ) ;
#1860 = SURFACE_STYLE_USAGE ( .BOTH. , #1225 ) ;
#1861 = PLANE ( 'NONE',  #2151 ) ;
#1862 = CARTESIAN_POINT ( 'NONE',  ( 0.4320104959988763649, 1.098999999999999977, 0.8033415313570844152 ) ) ;
#1863 = CARTESIAN_POINT ( 'NONE',  ( 1.221703756484530778, 1.099000000000000199, 1.335936295758828329 ) ) ;
#1864 = EDGE_CURVE ( 'NONE', #144, #142, #269, .T. ) ;
#1865 = CARTESIAN_POINT ( 'NONE',  ( 0.4420378526696251975, 1.099999999999998312, 0.2469767281807931092 ) ) ;
#1866 = ORIENTED_EDGE ( 'NONE', *, *, #1010, .F. ) ;
#1867 = CARTESIAN_POINT ( 'NONE',  ( 1.288703442923034403, 1.100000000000000089, -1.416255130709415777 ) ) ;
#1868 = CARTESIAN_POINT ( 'NONE',  ( 0.4179409674405927810, 1.100000000000000311, -0.9084226525295984178 ) ) ;
#1869 = VECTOR ( 'NONE', #1818, 1000.000000000000000 ) ;
#1870 = VECTOR ( 'NONE', #3532, 1000.000000000000000 ) ;
#1871 = EDGE_CURVE ( 'NONE', #2419, #2297, #213, .T. ) ;
#1872 = VECTOR ( 'NONE', #4349, 1000.000000000000000 ) ;
#1873 =( NAMED_UNIT ( * ) SI_UNIT ( $, .STERADIAN. ) SOLID_ANGLE_UNIT ( ) );
#1874 = DIRECTION ( 'NONE',  ( -0.6128916609699271989, 0.0000000000000000000, 0.7901669519244168827 ) ) ;
#1875 = ADVANCED_FACE ( 'NONE', ( #1060 ), #2447, .F. ) ;
#1876 = CARTESIAN_POINT ( 'NONE',  ( 0.4338923715699125605, 1.099000000000000199, 0.2469411119785401842 ) ) ;
#1877 = CARTESIAN_POINT ( 'NONE',  ( 0.4282978051147317000, 1.099000000000000199, 0.8033458728391679182 ) ) ;
#1878 =( LENGTH_UNIT ( ) NAMED_UNIT ( * ) SI_UNIT ( .MILLI., .METRE. ) );
#1879 = CARTESIAN_POINT ( 'NONE',  ( -0.5190920643575978044, 1.098999999999997979, -0.3144435422163850968 ) ) ;
#1880 = LINE ( 'NONE', #1056, #3335 ) ;
#1881 = CARTESIAN_POINT ( 'NONE',  ( 0.3977112637219958335, 1.099000000000006194, 0.9356194533734976115 ) ) ;
#1882 = CARTESIAN_POINT ( 'NONE',  ( 0.4179063030106316412, 1.100000000000000533, -0.8894882989618951852 ) ) ;
#1883 = CARTESIAN_POINT ( 'NONE',  ( 0.3797804907689429910, 1.100000000000000311, 0.7830505504767899527 ) ) ;
#1884 = CARTESIAN_POINT ( 'NONE',  ( 0.4614899772944155432, 1.099499999999995259, 1.466602368792765843 ) ) ;
#1885 = CARTESIAN_POINT ( 'NONE',  ( 1.278435520559263905, 1.099000000000000199, -0.9094151726827771620 ) ) ;
#1886 = EDGE_LOOP ( 'NONE', ( #4008, #3362, #3893, #3904 ) ) ;
#1887 = CARTESIAN_POINT ( 'NONE',  ( 0.4693695245547700456, 1.098999999999999755, 0.9406431828351846658 ) ) ;
#1888 = B_SPLINE_CURVE_WITH_KNOTS ( 'NONE', 3,
 ( #4100, #4141, #1441, #1765 ),
 .UNSPECIFIED., .F., .F.,
 ( 4, 4 ),
 ( 0.0000000000000000000, 0.0006149778856251953080 ),
 .UNSPECIFIED. ) ;
#1889 = CARTESIAN_POINT ( 'NONE',  ( 0.4490084562654641509, 1.099999999999996314, 0.8023916434462078362 ) ) ;
#1890 = DIRECTION ( 'NONE',  ( 0.4812668066509495635, -0.0000000000000000000, 0.8765741616178277518 ) ) ;
#1891 = CARTESIAN_POINT ( 'NONE',  ( 1.256433757935047302, 1.099499999999945521, -0.03334812311443004912 ) ) ;
#1892 = ORIENTED_EDGE ( 'NONE', *, *, #857, .T. ) ;
#1893 = CARTESIAN_POINT ( 'NONE',  ( 0.4618862799405928365, 1.099000000000000199, -0.8599851525295982846 ) ) ;
#1894 = CARTESIAN_POINT ( 'NONE',  ( -0.5190920643575979154, 1.100000000000001421, -0.3144435422163850968 ) ) ;
#1895 = CARTESIAN_POINT ( 'NONE',  ( -1.239781828137123565, 1.100000000000000089, -0.1325670067833147892 ) ) ;
#1896 = EDGE_CURVE ( 'NONE', #157, #2056, #1117, .T. ) ;
#1897 = CYLINDRICAL_SURFACE ( 'NONE', #1018, 0.2266464119299103630 ) ;
#1898 = ORIENTED_EDGE ( 'NONE', *, *, #184, .T. ) ;
#1899 = PLANE ( 'NONE',  #2316 ) ;
#1900 = CARTESIAN_POINT ( 'NONE',  ( 1.221405289792786508, 1.100000000000001199, 1.347857728201592664 ) ) ;
#1901 = EDGE_LOOP ( 'NONE', ( #2434, #1637, #2593, #3646 ) ) ;
#1902 = AXIS2_PLACEMENT_3D ( 'NONE', #1797, #4180, #2177 ) ;
#1903 = CARTESIAN_POINT ( 'NONE',  ( 0.4063336371581414697, 1.099000000000000421, 0.2504752129867941490 ) ) ;
#1904 = CARTESIAN_POINT ( 'NONE',  ( 0.4864637257267223625, 1.099000000000000199, 0.9470147752932556173 ) ) ;
#1905 = CARTESIAN_POINT ( 'NONE',  ( 1.232019695435048190, 1.100000000000000089, -0.1028793731144300450 ) ) ;
#1906 = CARTESIAN_POINT ( 'NONE',  ( 1.236044727913581331, 1.099999999999996980, 0.02493722787960908627 ) ) ;
#1907 = EDGE_LOOP ( 'NONE', ( #930, #3796 ) ) ;
#1908 = ORIENTED_EDGE ( 'NONE', *, *, #3285, .T. ) ;
#1909 = B_SPLINE_CURVE_WITH_KNOTS ( 'NONE', 3,
 ( #653, #4369, #3027, #4006, #978, #4346, #2349, #1336, #2681, #4048, #1016 ),
 .UNSPECIFIED., .F., .F.,
 ( 4, 1, 1, 1, 1, 1, 1, 1, 4 ),
 ( 1.084202172485504434E-19, 8.673153922595795945E-06, 1.629636277024499051E-05, 2.331967752476142407E-05, 2.985704533570866291E-05, 3.741170103801165622E-05, 4.612475212252833495E-05, 5.700876579846673401E-05, 7.016723464293730353E-05 ),
 .UNSPECIFIED. ) ;
#1910 = DIRECTION ( 'NONE',  ( 0.5264135960521174606, 0.0000000000000000000, -0.8502286315406452077 ) ) ;
#1911 = CARTESIAN_POINT ( 'NONE',  ( 2.009999999999999787, 1.050000000000000044, -1.259999999999996456 ) ) ;
#1912 = FILL_AREA_STYLE ('',( #3932 ) ) ;
#1913 = DIRECTION ( 'NONE',  ( -0.8502286315406450967, 0.0000000000000000000, -0.5264135960521173496 ) ) ;
#1914 = VERTEX_POINT ( 'NONE', #3165 ) ;
#1915 = VECTOR ( 'NONE', #3814, 1000.000000000000000 ) ;
#1916 = CARTESIAN_POINT ( 'NONE',  ( 1.288540691756391743, 1.100000000000000311, -1.404259528453683847 ) ) ;
#1917 = ORIENTED_EDGE ( 'NONE', *, *, #1030, .F. ) ;
#1918 = VECTOR ( 'NONE', #3045, 1000.000000000000000 ) ;
#1919 = CARTESIAN_POINT ( 'NONE',  ( -1.259999999999999565, 1.050000000000000044, 2.009999999999999787 ) ) ;
#1920 = FILL_AREA_STYLE ('',( #516 ) ) ;
#1921 = ORIENTED_EDGE ( 'NONE', *, *, #951, .F. ) ;
#1922 = CARTESIAN_POINT ( 'NONE',  ( 0.4281337032331723469, 1.099000000000000643, -1.424706969738833928 ) ) ;
#1923 = DIRECTION ( 'NONE',  ( -0.0000000000000000000, -1.000000000000000000, 0.0000000000000000000 ) ) ;
#1924 = B_SPLINE_CURVE_WITH_KNOTS ( 'NONE', 3,
 ( #2074, #3723, #3008, #332, #996, #3689, #2704, #4095, #2149, #3437, #1806 ),
 .UNSPECIFIED., .F., .F.,
 ( 4, 1, 1, 1, 1, 1, 1, 1, 4 ),
 ( 2.424349759030540154E-19, 6.433045328017017067E-06, 1.222639170281258509E-05, 1.807193144159587386E-05, 2.480206347442391580E-05, 3.302515875174652672E-05, 4.380556252372411240E-05, 5.745767565760441872E-05, 7.538505646651974404E-05 ),
 .UNSPECIFIED. ) ;
#1925 = CARTESIAN_POINT ( 'NONE',  ( 0.4031922718257732186, 1.099999999999999867, 0.1055317864728117783 ) ) ;
#1926 = VERTEX_POINT ( 'NONE', #3474 ) ;
#1927 = B_SPLINE_CURVE_WITH_KNOTS ( 'NONE', 3,
 ( #3093, #685, #3764, #4116 ),
 .UNSPECIFIED., .F., .F.,
 ( 4, 4 ),
 ( 0.0000000000000000000, 0.0004173119528630792009 ),
 .UNSPECIFIED. ) ;
#1928 = CARTESIAN_POINT ( 'NONE',  ( 1.256491287125163003, 1.099999999999997202, -0.03862357114836765387 ) ) ;
#1929 = EDGE_CURVE ( 'NONE', #948, #4217, #2955, .T. ) ;
#1930 = CARTESIAN_POINT ( 'NONE',  ( 0.4689896960228402412, 1.099000000000000199, -1.455524954162895845 ) ) ;
#1931 = PLANE ( 'NONE',  #2642 ) ;
#1932 = CARTESIAN_POINT ( 'NONE',  ( 0.4499670368908927354, 1.100000000000003864, -0.8540120948820907332 ) ) ;
#1933 = LINE ( 'NONE', #1047, #582 ) ;
#1934 = COLOUR_RGB ( '',0.1882352941176470562, 0.2039215686274509776, 0.2039215686274509776 ) ;
#1935 = CARTESIAN_POINT ( 'NONE',  ( 0.8452847174405928588, 1.099000000000000199, -1.074828902529598285 ) ) ;
#1936 = CARTESIAN_POINT ( 'NONE',  ( 0.4354088462214355526, 1.099000000000000199, -1.459146486060086900 ) ) ;
#1937 = CARTESIAN_POINT ( 'NONE',  ( -1.481854899003263837, 1.098999999999996424, 0.4763243317993647863 ) ) ;
#1938 = CARTESIAN_POINT ( 'NONE',  ( 0.4709375649320929891, 1.099999999999996536, 0.7947000415962391928 ) ) ;
#1939 = AXIS2_PLACEMENT_3D ( 'NONE', #3683, #2363, #4049 ) ;
#1940 = CARTESIAN_POINT ( 'NONE',  ( 0.4951953241411662932, 1.098999999999999755, 0.2565094916243914613 ) ) ;
#1941 = DIRECTION ( 'NONE',  ( -0.0000000000000000000, -1.000000000000000000, -0.0000000000000000000 ) ) ;
#1942 = CARTESIAN_POINT ( 'NONE',  ( 0.3714509147944154988, 1.100000000000000089, 0.9677742437927659980 ) ) ;
#1943 = CARTESIAN_POINT ( 'NONE',  ( -1.197867965644032973, 1.100000000000000089, -1.859999999999999654 ) ) ;
#1944 = CARTESIAN_POINT ( 'NONE',  ( 0.4666125005450472152, 1.100000000000000089, -0.4401584748158344773 ) ) ;
#1945 = LINE ( 'NONE', #4276, #126 ) ;
#1946 = CARTESIAN_POINT ( 'NONE',  ( 1.255768980152451642, 1.099000000000000199, -0.01501099108394800610 ) ) ;
#1947 = B_SPLINE_CURVE_WITH_KNOTS ( 'NONE', 3,
 ( #3831, #2481, #3848, #1101 ),
 .UNSPECIFIED., .F., .F.,
 ( 4, 4 ),
 ( 0.0000000000000000000, 0.0003444398865007241065 ),
 .UNSPECIFIED. ) ;
#1948 = EDGE_LOOP ( 'NONE', ( #2560, #4093, #2662, #1790 ) ) ;
#1949 = CARTESIAN_POINT ( 'NONE',  ( 0.4255671909736432057, 1.099000000000000643, -0.9665115789528939683 ) ) ;
#1950 = FACE_OUTER_BOUND ( 'NONE', #1801, .T. ) ;
#1951 = CARTESIAN_POINT ( 'NONE',  ( 1.227407189467063953, 1.098999999999999977, 0.5927238958993378271 ) ) ;
#1952 = CARTESIAN_POINT ( 'NONE',  ( 0.4276117779687664266, 1.100000000000004086, -1.378041193257830699 ) ) ;
#1953 = CARTESIAN_POINT ( 'NONE',  ( 0.5041570551954022150, 1.098999999999999977, -0.4339166840720112828 ) ) ;
#1954 = EDGE_CURVE ( 'NONE', #2683, #834, #3289, .T. ) ;
#1955 = FACE_OUTER_BOUND ( 'NONE', #3641, .T. ) ;
#1956 = VERTEX_POINT ( 'NONE', #410 ) ;
#1957 = CARTESIAN_POINT ( 'NONE',  ( 1.221703756484531000, 1.100000000000001643, 1.335936295758828329 ) ) ;
#1958 = VERTEX_POINT ( 'NONE', #3739 ) ;
#1959 = AXIS2_PLACEMENT_3D ( 'NONE', #2788, #1144, #1487 ) ;
#1960 = VERTEX_POINT ( 'NONE', #1516 ) ;
#1961 = SURFACE_STYLE_FILL_AREA ( #537 ) ;
#1962 = CARTESIAN_POINT ( 'NONE',  ( -1.259999999999996456, 1.050000000000000044, -2.009999999999999787 ) ) ;
#1963 = ORIENTED_EDGE ( 'NONE', *, *, #1082, .T. ) ;
#1964 = CARTESIAN_POINT ( 'NONE',  ( 0.5040900079350475460, 1.099000000000000199, -0.3173324981144300394 ) ) ;
#1965 = FACE_OUTER_BOUND ( 'NONE', #770, .T. ) ;
#1966 = CARTESIAN_POINT ( 'NONE',  ( 0.4512861368902286174, 1.100000000000003642, -0.4403388214750578178 ) ) ;
#1967 =( LENGTH_UNIT ( ) NAMED_UNIT ( * ) SI_UNIT ( .MILLI., .METRE. ) );
#1968 = CARTESIAN_POINT ( 'NONE',  ( 0.4750545700456968445, 1.098999999999999977, 0.1133936079929190460 ) ) ;
#1969 = CARTESIAN_POINT ( 'NONE',  ( 0.4954073517662157533, 1.099999999999997868, -0.4359560638656428955 ) ) ;
#1970 = VECTOR ( 'NONE', #3455, 1000.000000000000000 ) ;
#1971 = EDGE_LOOP ( 'NONE', ( #577, #1264, #306 ) ) ;
#1972 = LINE ( 'NONE', #1296, #363 ) ;
#1973 = VECTOR ( 'NONE', #1531, 1000.000000000000000 ) ;
#1974 = VECTOR ( 'NONE', #2659, 1000.000000000000000 ) ;
#1975 = CARTESIAN_POINT ( 'NONE',  ( -1.860000000000000098, 1.050000000000000044, -1.197867965644034749 ) ) ;
#1976 = EDGE_CURVE ( 'NONE', #2174, #3266, #1276, .T. ) ;
#1977 = CARTESIAN_POINT ( 'NONE',  ( 0.4064425383190774510, 1.100000000000003642, -0.4096566426641825576 ) ) ;
#1978 = CARTESIAN_POINT ( 'NONE',  ( 0.4288652623324113455, 1.100000000000004308, -1.367743631766648482 ) ) ;
#1979 = CARTESIAN_POINT ( 'NONE',  ( 0.4395754937286294739, 1.100000000000003642, -0.8500492593674128239 ) ) ;
#1980 = CARTESIAN_POINT ( 'NONE',  ( 0.4864218967266704108, 1.098999999999999755, -0.4377465348348381080 ) ) ;
#1981 = SURFACE_STYLE_FILL_AREA ( #2334 ) ;
#1982 =( GEOMETRIC_REPRESENTATION_CONTEXT ( 3 ) GLOBAL_UNCERTAINTY_ASSIGNED_CONTEXT ( ( #283 ) ) GLOBAL_UNIT_ASSIGNED_CONTEXT ( ( #1068, #1408, #47 ) ) REPRESENTATION_CONTEXT ( 'NONE', 'WORKASPACE' ) );
#1983 = CARTESIAN_POINT ( 'NONE',  ( 1.256456281768593364, 1.099000000000004196, -1.454071110200688466 ) ) ;
#1984 = DIRECTION ( 'NONE',  ( -0.7071067811865483499, 0.0000000000000000000, 0.7071067811865466846 ) ) ;
#1985 = PRESENTATION_LAYER_ASSIGNMENT (  '', '', ( #1232 ) ) ;
#1986 = B_SPLINE_CURVE_WITH_KNOTS ( 'NONE', 3,
 ( #3037, #3682, #4034, #3333 ),
 .UNSPECIFIED., .F., .F.,
 ( 4, 4 ),
 ( 0.0000000000000000000, 0.0003444534100809971988 ),
 .UNSPECIFIED. ) ;
#1987 = FILL_AREA_STYLE_COLOUR ( '', #471 ) ;
#1988 = ORIENTED_EDGE ( 'NONE', *, *, #318, .T. ) ;
#1989 = DIRECTION ( 'NONE',  ( 0.0000000000000000000, 0.0000000000000000000, 1.000000000000000000 ) ) ;
#1990 = CARTESIAN_POINT ( 'NONE',  ( 0.3716550076784452816, 1.099999999999997202, 0.9649032242430133355 ) ) ;
#1991 = CARTESIAN_POINT ( 'NONE',  ( 0.4666125005450472152, 1.099999999999997646, -0.4401584748158344773 ) ) ;
#1992 = PRESENTATION_LAYER_ASSIGNMENT (  '', '', ( #14 ) ) ;
#1993 = EDGE_LOOP ( 'NONE', ( #1162, #1593 ) ) ;
#1994 = EDGE_CURVE ( 'NONE', #2108, #3370, #2715, .T. ) ;
#1995 = LINE ( 'NONE', #2598, #2374 ) ;
#1996 = EDGE_LOOP ( 'NONE', ( #3961, #3088 ) ) ;
#1997 = CARTESIAN_POINT ( 'NONE',  ( 1.287155693903437870, 1.099999999999993205, -1.365671648715105047 ) ) ;
#1998 = EDGE_CURVE ( 'NONE', #1788, #1926, #3908, .T. ) ;
#1999 = EDGE_LOOP ( 'NONE', ( #1851, #2918, #2102, #1052 ) ) ;
#2000 = CARTESIAN_POINT ( 'NONE',  ( 0.4087664657552774194, 1.099000000000003530, 0.1092239270946689655 ) ) ;
#2001 = CARTESIAN_POINT ( 'NONE',  ( 0.4930045802871497185, 1.099000000000000643, 0.1032940885640233203 ) ) ;
#2002 = ORIENTED_EDGE ( 'NONE', *, *, #615, .T. ) ;
#2003 = CARTESIAN_POINT ( 'NONE',  ( 0.3819282446988216950, 1.099999999999996758, 0.9407241030508046720 ) ) ;
#2004 = PLANE ( 'NONE',  #1023 ) ;
#2005 = ORIENTED_EDGE ( 'NONE', *, *, #3417, .T. ) ;
#2006 = EDGE_CURVE ( 'NONE', #1914, #4339, #1013, .T. ) ;
#2007 = VERTEX_POINT ( 'NONE', #2889 ) ;
#2008 = FACE_OUTER_BOUND ( 'NONE', #2905, .T. ) ;
#2009 = CARTESIAN_POINT ( 'NONE',  ( 1.272192155811584957, 1.099000000000000199, -1.331791385286216656 ) ) ;
#2010 = AXIS2_PLACEMENT_3D ( 'NONE', #54, #3409, #4379 ) ;
#2011 = EDGE_LOOP ( 'NONE', ( #716, #3136 ) ) ;
#2012 = LINE ( 'NONE', #1604, #898 ) ;
#2013 = CARTESIAN_POINT ( 'NONE',  ( -0.4359386785308242418, 1.100000000000000089, 0.02057944990959716808 ) ) ;
#2014 = EDGE_LOOP ( 'NONE', ( #2343, #2796, #631, #3307 ) ) ;
#2015 = SURFACE_SIDE_STYLE ('',( #4076 ) ) ;
#2016 = UNCERTAINTY_MEASURE_WITH_UNIT (LENGTH_MEASURE( 1.000000000000000082E-05 ), #3269, 'distance_accuracy_value', 'NONE');
#2017 = VECTOR ( 'NONE', #1381, 1000.000000000000000 ) ;
#2018 = LINE ( 'NONE', #4267, #4236 ) ;
#2019 = CARTESIAN_POINT ( 'NONE',  ( 0.7750000000000001332, 1.641482089143054896E-15, 1.775000000000001465 ) ) ;
#2020 = COLOUR_RGB ( '',0.1882352941176470562, 0.2039215686274509776, 0.2039215686274509776 ) ;
#2021 = APPLICATION_CONTEXT ( 'automotive_design' ) ;
#2022 = ORIENTED_EDGE ( 'NONE', *, *, #4262, .T. ) ;
#2023 = DIRECTION ( 'NONE',  ( 0.8728043946215180426, 0.0000000000000000000, -0.4880701678338530414 ) ) ;
#2024 = FILL_AREA_STYLE ('',( #1043 ) ) ;
#2025 = SURFACE_STYLE_FILL_AREA ( #2594 ) ;
#2026 = CARTESIAN_POINT ( 'NONE',  ( 1.288448779940592814, 1.099499999999991040, -1.397485152529598817 ) ) ;
#2027 = VECTOR ( 'NONE', #942, 999.9999999999998863 ) ;
#2028 = CARTESIAN_POINT ( 'NONE',  ( -1.523934269082005910, 1.100000000000000089, -0.2773380304053592038 ) ) ;
#2029 = DIRECTION ( 'NONE',  ( -0.7071067811865467956, 0.0000000000000000000, -0.7071067811865483499 ) ) ;
#2030 = DIRECTION ( 'NONE',  ( -0.0000000000000000000, -1.000000000000000000, -0.0000000000000000000 ) ) ;
#2031 = EDGE_CURVE ( 'NONE', #2229, #3998, #2350, .T. ) ;
#2032 = CARTESIAN_POINT ( 'NONE',  ( 0.0000000000000000000, 0.0000000000000000000, 0.0000000000000000000 ) ) ;
#2033 = DIRECTION ( 'NONE',  ( -0.01908049524388674700, 0.0000000000000000000, 0.9998179507796646215 ) ) ;
#2034 = CARTESIAN_POINT ( 'NONE',  ( 1.221405289792786508, 1.098999999999999977, 1.347857728201592664 ) ) ;
#2035 = AXIS2_PLACEMENT_3D ( 'NONE', #3433, #3755, #1429 ) ;
#2036 = CARTESIAN_POINT ( 'NONE',  ( -0.9239550564835787849, 1.100000000000000089, 0.4629693711694404801 ) ) ;
#2037 = UNCERTAINTY_MEASURE_WITH_UNIT (LENGTH_MEASURE( 1.000000000000000082E-05 ), #836, 'distance_accuracy_value', 'NONE');
#2038 = DIRECTION ( 'NONE',  ( -1.000000000000000000, -0.0000000000000000000, 0.0000000000000000000 ) ) ;
#2039 = ORIENTED_EDGE ( 'NONE', *, *, #2243, .T. ) ;
#2040 = AXIS2_PLACEMENT_3D ( 'NONE', #3163, #790, #3132 ) ;
#2041 = PLANE ( 'NONE',  #4307 ) ;
#2042 = B_SPLINE_SURFACE_WITH_KNOTS ( 'NONE', 3, 1, ( 
 ( #1849, #2595 ),
 ( #4194, #1517 ),
 ( #532, #2527 ),
 ( #491, #3237 ),
 ( #3581, #1569 ),
 ( #547, #1196 ),
 ( #4214, #3918 ),
 ( #3549, #1540 ),
 ( #3867, #1867 ),
 ( #186, #1916 ),
 ( #512, #3173 ) ),
 .UNSPECIFIED., .F., .F., .F.,
 ( 4, 1, 1, 1, 1, 1, 1, 1, 4 ),
 ( 2, 2 ),
 ( 0.0000000000000000000, 0.1511000921997009971, 0.2611706912021057869, 0.3401767497412601093, 0.4126152561235312821, 0.5040154204900874069, 0.6274268291101054995, 0.7895936639921010691, 0.9999999999999998890 ),
 ( 0.0000000000000000000, 1.000000000000000000 ),
 .UNSPECIFIED. ) ;
#2043 = LINE ( 'NONE', #1703, #435 ) ;
#2044 = CARTESIAN_POINT ( 'NONE',  ( 1.232980029940592859, 1.098999999999777710, -0.8347898400295982180 ) ) ;
#2045 = CARTESIAN_POINT ( 'NONE',  ( -1.207517891129247234, 1.100000000000000089, 0.5512005522718045336 ) ) ;
#2046 = ORIENTED_EDGE ( 'NONE', *, *, #2182, .F. ) ;
#2047 = CARTESIAN_POINT ( 'NONE',  ( 0.3720384865958790699, 1.099999999999997202, 0.9595087418527792344 ) ) ;
#2048 = PLANE ( 'NONE',  #1414 ) ;
#2049 = PRESENTATION_STYLE_ASSIGNMENT (( #457 ) ) ;
#2050 = CARTESIAN_POINT ( 'NONE',  ( 1.217877003221353949, 1.100000000000000089, 1.293061299489226323 ) ) ;
#2051 = LINE ( 'NONE', #692, #713 ) ;
#2052 = VERTEX_POINT ( 'NONE', #2907 ) ;
#2053 = DIRECTION ( 'NONE',  ( -0.0000000000000000000, -0.0000000000000000000, -1.000000000000000000 ) ) ;
#2054 = EDGE_CURVE ( 'NONE', #299, #2787, #2914, .T. ) ;
#2055 = ORIENTED_EDGE ( 'NONE', *, *, #3735, .T. ) ;
#2056 = VERTEX_POINT ( 'NONE', #203 ) ;
#2057 = CARTESIAN_POINT ( 'NONE',  ( -2.010000000000000675, 0.0000000000000000000, 0.7750000000000003553 ) ) ;
#2058 = CARTESIAN_POINT ( 'NONE',  ( 1.218650962593265330, 1.099999999999999645, 0.7122171613332070050 ) ) ;
#2059 = CARTESIAN_POINT ( 'NONE',  ( -1.197867965644035193, 1.050000000000000044, 1.859999999999999654 ) ) ;
#2060 = CARTESIAN_POINT ( 'NONE',  ( 1.256596449867177556, 1.098999999999999977, -0.04826703352790460283 ) ) ;
#2061 = CARTESIAN_POINT ( 'NONE',  ( 0.5269570037307060861, 1.100000000000000089, -0.4249221735977066761 ) ) ;
#2062 = AXIS2_PLACEMENT_3D ( 'NONE', #867, #1840, #485 ) ;
#2063 = ORIENTED_EDGE ( 'NONE', *, *, #3190, .T. ) ;
#2064 = VECTOR ( 'NONE', #2512, 1000.000000000000000 ) ;
#2065 = CARTESIAN_POINT ( 'NONE',  ( 1.214632061421541342, 1.098999999999999977, 1.285817255221114896 ) ) ;
#2066 = COLOUR_RGB ( '',0.8274509803921568096, 0.8392156862745098200, 0.8274509803921568096 ) ;
#2067 = LINE ( 'NONE', #3754, #3062 ) ;
#2068 = SURFACE_SIDE_STYLE ('',( #4079 ) ) ;
#2069 = AXIS2_PLACEMENT_3D ( 'NONE', #1812, #819, #3182 ) ;
#2070 = ORIENTED_EDGE ( 'NONE', *, *, #281, .F. ) ;
#2071 = CARTESIAN_POINT ( 'NONE',  ( 1.266964404940592814, 1.099000000000000199, -1.329321090029598196 ) ) ;
#2072 = CARTESIAN_POINT ( 'NONE',  ( 0.4951953241411662932, 1.099999999999998090, 0.2565094916243915169 ) ) ;
#2073 = VECTOR ( 'NONE', #2633, 1000.000000000000000 ) ;
#2074 = CARTESIAN_POINT ( 'NONE',  ( 1.259542529940592459, 1.100000000000000089, -0.9476804650295981292 ) ) ;
#2075 = CARTESIAN_POINT ( 'NONE',  ( -1.124982458058385593, 1.099000000000000199, -0.2805714162321333860 ) ) ;
#2076 = CARTESIAN_POINT ( 'NONE',  ( 0.7750000000000001332, 0.2500000000000000000, -2.009999999999999787 ) ) ;
#2077 = CARTESIAN_POINT ( 'NONE',  ( 1.238375214832135862, 1.099999999999999867, 0.6722689423696501798 ) ) ;
#2078 = CARTESIAN_POINT ( 'NONE',  ( 1.221615082109632544, 1.100000000000001421, 0.5879362724383965233 ) ) ;
#2079 = SURFACE_STYLE_FILL_AREA ( #3746 ) ;
#2080 = DIRECTION ( 'NONE',  ( -0.0000000000000000000, -1.000000000000000000, 0.0000000000000000000 ) ) ;
#2081 = DIRECTION ( 'NONE',  ( -1.000000000000000000, -0.0000000000000000000, 0.0000000000000000000 ) ) ;
#2082 = EDGE_CURVE ( 'NONE', #4005, #1312, #1611, .T. ) ;
#2083 = SURFACE_STYLE_FILL_AREA ( #3728 ) ;
#2084 = DIRECTION ( 'NONE',  ( 1.000000000000000000, 4.336808689942018722E-16, -0.0000000000000000000 ) ) ;
#2085 = EDGE_CURVE ( 'NONE', #1312, #3203, #3658, .T. ) ;
#2086 = CARTESIAN_POINT ( 'NONE',  ( -1.860000000000000098, 1.100000000000000089, -1.197867965644034749 ) ) ;
#2087 = CARTESIAN_POINT ( 'NONE',  ( 0.4111986623566004639, 1.100000000000000533, -0.4292348935671640442 ) ) ;
#2088 = DIRECTION ( 'NONE',  ( -0.0000000000000000000, 0.0000000000000000000, -1.000000000000000000 ) ) ;
#2089 = EDGE_CURVE ( 'NONE', #3529, #1120, #1494, .T. ) ;
#2090 = SURFACE_SIDE_STYLE ('',( #3012 ) ) ;
#2091 = CARTESIAN_POINT ( 'NONE',  ( 0.4780135864458996964, 1.100000000000000311, 0.2513238695879550511 ) ) ;
#2092 = CARTESIAN_POINT ( 'NONE',  ( 1.259999999999997566, 1.050000000000000044, -2.009999999999999787 ) ) ;
#2093 = ORIENTED_EDGE ( 'NONE', *, *, #1217, .T. ) ;
#2094 =( GEOMETRIC_REPRESENTATION_CONTEXT ( 3 ) GLOBAL_UNCERTAINTY_ASSIGNED_CONTEXT ( ( #928 ) ) GLOBAL_UNIT_ASSIGNED_CONTEXT ( ( #3025, #3353, #3638 ) ) REPRESENTATION_CONTEXT ( 'NONE', 'WORKASPACE' ) );
#2095 =( NAMED_UNIT ( * ) PLANE_ANGLE_UNIT ( ) SI_UNIT ( $, .RADIAN. ) );
#2096 = CARTESIAN_POINT ( 'NONE',  ( 0.4418670505311990682, 1.099000000000135424, -1.346258063837661112 ) ) ;
#2097 = ORIENTED_EDGE ( 'NONE', *, *, #3417, .F. ) ;
#2098 = CARTESIAN_POINT ( 'NONE',  ( 0.4824719374079061707, 1.099999999999997424, 0.1109622711460223621 ) ) ;
#2099 = CARTESIAN_POINT ( 'NONE',  ( 0.4490084562654641509, 1.098999999999999977, 0.8023916434462078362 ) ) ;
#2100 = VECTOR ( 'NONE', #452, 1000.000000000000000 ) ;
#2101 = AXIS2_PLACEMENT_3D ( 'NONE', #1114, #1792, #2330 ) ;
#2102 = ORIENTED_EDGE ( 'NONE', *, *, #1771, .F. ) ;
#2103 = CARTESIAN_POINT ( 'NONE',  ( 1.275438687202308241, 1.098999999999999311, -0.9286723561753829070 ) ) ;
#2104 = CARTESIAN_POINT ( 'NONE',  ( 1.197867965644033195, 1.050000000000000044, -1.859999999999999654 ) ) ;
#2105 = PRESENTATION_STYLE_ASSIGNMENT (( #1108 ) ) ;
#2106 = SURFACE_SIDE_STYLE ('',( #2083 ) ) ;
#2107 = CARTESIAN_POINT ( 'NONE',  ( 1.201257197272949329, 1.099000000000000421, 1.399497094786805285 ) ) ;
#2108 = VERTEX_POINT ( 'NONE', #1216 ) ;
#2109 = ORIENTED_EDGE ( 'NONE', *, *, #1273, .T. ) ;
#2110 = CARTESIAN_POINT ( 'NONE',  ( 1.206920357460090631, 1.099999999999996758, 0.7078127668575613374 ) ) ;
#2111 = VERTEX_POINT ( 'NONE', #1895 ) ;
#2112 = ADVANCED_FACE ( 'NONE', ( #3415 ), #1518, .T. ) ;
#2113 = CARTESIAN_POINT ( 'NONE',  ( 0.4063336371581414697, 1.100000000000001199, 0.2504752129867941490 ) ) ;
#2114 =( LENGTH_UNIT ( ) NAMED_UNIT ( * ) SI_UNIT ( .MILLI., .METRE. ) );
#2115 = ORIENTED_EDGE ( 'NONE', *, *, #3427, .T. ) ;
#2116 = VECTOR ( 'NONE', #115, 1000.000000000000000 ) ;
#2117 = CARTESIAN_POINT ( 'NONE',  ( 1.270198056838148348, 1.100000000000000977, -0.8269799803377330116 ) ) ;
#2118 = EDGE_CURVE ( 'NONE', #730, #3676, #3975, .T. ) ;
#2119 = DIRECTION ( 'NONE',  ( 0.0000000000000000000, -0.0000000000000000000, 1.000000000000000000 ) ) ;
#2120 = CARTESIAN_POINT ( 'NONE',  ( 1.261332734588613835, 1.098999999999999977, -0.9464863799515446097 ) ) ;
#2121 = COLOUR_RGB ( '',0.1882352941176470562, 0.2039215686274509776, 0.2039215686274509776 ) ;
#2122 = CARTESIAN_POINT ( 'NONE',  ( 0.3977112637219958335, 1.099999999999999867, 0.9356194533734976115 ) ) ;
#2123 = VERTEX_POINT ( 'NONE', #1643 ) ;
#2124 = DIRECTION ( 'NONE',  ( 0.01885715718041001618, 0.0000000000000000000, -0.9998221880029836139 ) ) ;
#2125 =( GEOMETRIC_REPRESENTATION_CONTEXT ( 3 ) GLOBAL_UNCERTAINTY_ASSIGNED_CONTEXT ( ( #2507 ) ) GLOBAL_UNIT_ASSIGNED_CONTEXT ( ( #3183, #2562, #3578 ) ) REPRESENTATION_CONTEXT ( 'NONE', 'WORKASPACE' ) );
#2126 = ADVANCED_FACE ( 'NONE', ( #3847 ), #2568, .T. ) ;
#2127 = FACE_OUTER_BOUND ( 'NONE', #123, .T. ) ;
#2128 = CARTESIAN_POINT ( 'NONE',  ( -1.197867965644035193, 1.100000000000000089, 1.859999999999999876 ) ) ;
#2129 = LINE ( 'NONE', #1236, #3849 ) ;
#2130 = ORIENTED_EDGE ( 'NONE', *, *, #2486, .T. ) ;
#2131 = CARTESIAN_POINT ( 'NONE',  ( 0.4398159674405927588, 1.099000000000000199, -0.9779539025295983512 ) ) ;
#2132 = DIRECTION ( 'NONE',  ( -0.0000000000000000000, -1.000000000000000000, 0.0000000000000000000 ) ) ;
#2133 = AXIS2_PLACEMENT_3D ( 'NONE', #4273, #1544, #499 ) ;
#2134 = VECTOR ( 'NONE', #891, 1000.000000000000000 ) ;
#2135 = CARTESIAN_POINT ( 'NONE',  ( 1.244698779940592859, 1.099000000000007971, -1.447875777529598063 ) ) ;
#2136 = CARTESIAN_POINT ( 'NONE',  ( 0.4320104959988763649, 1.098999999999999977, 0.8033415313570844152 ) ) ;
#2137 = CARTESIAN_POINT ( 'NONE',  ( 1.213088767946238544, 1.098999999999999977, 1.393817192986634979 ) ) ;
#2138 = PRESENTATION_STYLE_ASSIGNMENT (( #1627 ) ) ;
#2139 = CARTESIAN_POINT ( 'NONE',  ( 0.4069956036129920851, 1.100000000000001421, 1.490491740207723348 ) ) ;
#2140 = CARTESIAN_POINT ( 'NONE',  ( -2.009999999999999787, 1.050000000000000044, 1.259999999999997122 ) ) ;
#2141 = DIRECTION ( 'NONE',  ( -0.7071067811865462405, 0.0000000000000000000, -0.7071067811865489050 ) ) ;
#2142 = CARTESIAN_POINT ( 'NONE',  ( 0.4921694730900738057, 1.100000000000000089, 0.9496376933094892170 ) ) ;
#2143 = CARTESIAN_POINT ( 'NONE',  ( 0.5124774926147315224, 1.099000000000000199, 0.2636974353391679515 ) ) ;
#2144 = CARTESIAN_POINT ( 'NONE',  ( 0.4354088462214355526, 1.099999999999995870, -1.459146486060086900 ) ) ;
#2145 = CARTESIAN_POINT ( 'NONE',  ( 0.3734408700444303286, 1.099999999999999645, 0.9518869221346770715 ) ) ;
#2146 = EDGE_CURVE ( 'NONE', #3098, #3298, #592, .T. ) ;
#2147 = ADVANCED_FACE ( 'NONE', ( #4113 ), #4030, .T. ) ;
#2148 = CARTESIAN_POINT ( 'NONE',  ( 1.288448779940592814, 1.100000000000000533, -1.397485152529598595 ) ) ;
#2149 = CARTESIAN_POINT ( 'NONE',  ( 1.279080963196098875, 1.099999999999994538, -0.8952803638689494914 ) ) ;
#2150 = CARTESIAN_POINT ( 'NONE',  ( 0.4535437996117769321, 1.100000000000000089, 1.481979975049837028 ) ) ;
#2151 = AXIS2_PLACEMENT_3D ( 'NONE', #4205, #3192, #1191 ) ;
#2152 = CARTESIAN_POINT ( 'NONE',  ( 0.4516343660860382414, 1.100000000000000089, 0.9368133320723572854 ) ) ;
#2153 = ORIENTED_EDGE ( 'NONE', *, *, #1273, .F. ) ;
#2154 =( LENGTH_UNIT ( ) NAMED_UNIT ( * ) SI_UNIT ( .MILLI., .METRE. ) );
#2155 = SURFACE_SIDE_STYLE ('',( #3855 ) ) ;
#2156 = UNCERTAINTY_MEASURE_WITH_UNIT (LENGTH_MEASURE( 1.000000000000000082E-05 ), #1670, 'distance_accuracy_value', 'NONE');
#2157 = STYLED_ITEM ( 'NONE', ( #2299 ), #1814 ) ;
#2158 = ORIENTED_EDGE ( 'NONE', *, *, #678, .T. ) ;
#2159 = CARTESIAN_POINT ( 'NONE',  ( -1.259999999999996900, 1.050000000000000044, -2.009999999999999787 ) ) ;
#2160 = ADVANCED_FACE ( 'NONE', ( #2966 ), #2048, .F. ) ;
#2161 = CARTESIAN_POINT ( 'NONE',  ( 1.859999999999999210, 1.100000000000000089, -1.197867965644032529 ) ) ;
#2162 = CARTESIAN_POINT ( 'NONE',  ( 2.009999999999999343, 1.050000000000000044, -1.259999999999996678 ) ) ;
#2163 = VERTEX_POINT ( 'NONE', #1350 ) ;
#2164 = CARTESIAN_POINT ( 'NONE',  ( 0.3969674225018739455, 1.099999999999996536, 0.09211992462236867629 ) ) ;
#2165 = CARTESIAN_POINT ( 'NONE',  ( 0.3684047411851410492, 1.099000000000000643, 1.480091653380008365 ) ) ;
#2166 = ORIENTED_EDGE ( 'NONE', *, *, #2939, .F. ) ;
#2167 = CARTESIAN_POINT ( 'NONE',  ( 0.4612824332881860778, 1.100000000000000089, 1.468581250527886795 ) ) ;
#2168 = EDGE_CURVE ( 'NONE', #4217, #2787, #2660, .T. ) ;
#2169 = EDGE_LOOP ( 'NONE', ( #4145, #221, #2480, #1040 ) ) ;
#2170 = CARTESIAN_POINT ( 'NONE',  ( 0.4950837272944154654, 1.100000000000000089, 0.9509773687927658425 ) ) ;
#2171 = SURFACE_STYLE_USAGE ( .BOTH. , #163 ) ;
#2172 =( NAMED_UNIT ( * ) SI_UNIT ( $, .STERADIAN. ) SOLID_ANGLE_UNIT ( ) );
#2173 = ORIENTED_EDGE ( 'NONE', *, *, #2903, .F. ) ;
#2174 = VERTEX_POINT ( 'NONE', #2395 ) ;
#2175 = SURFACE_STYLE_FILL_AREA ( #1912 ) ;
#2176 = ADVANCED_FACE ( 'NONE', ( #1651 ), #2004, .T. ) ;
#2177 = DIRECTION ( 'NONE',  ( 0.6128916609699273099, 0.0000000000000000000, -0.7901669519244168827 ) ) ;
#2178 = ORIENTED_EDGE ( 'NONE', *, *, #4192, .F. ) ;
#2179 = CARTESIAN_POINT ( 'NONE',  ( 0.4151050290423118905, 1.100000000000000977, 0.2483395199198996928 ) ) ;
#2180 = DIRECTION ( 'NONE',  ( -0.0000000000000000000, -1.000000000000000000, -0.0000000000000000000 ) ) ;
#2181 = DIRECTION ( 'NONE',  ( 0.0000000000000000000, 1.000000000000000000, 0.0000000000000000000 ) ) ;
#2182 = EDGE_CURVE ( 'NONE', #2957, #2469, #1208, .T. ) ;
#2183 = FACE_OUTER_BOUND ( 'NONE', #708, .T. ) ;
#2184 = VECTOR ( 'NONE', #3544, 1000.000000000000000 ) ;
#2185 = CARTESIAN_POINT ( 'NONE',  ( 0.4476844067672737792, 1.100000000000000089, 1.485522138053218200 ) ) ;
#2186 = UNCERTAINTY_MEASURE_WITH_UNIT (LENGTH_MEASURE( 1.000000000000000082E-05 ), #3695, 'distance_accuracy_value', 'NONE');
#2187 = ORIENTED_EDGE ( 'NONE', *, *, #576, .T. ) ;
#2188 = ADVANCED_FACE ( 'NONE', ( #962 ), #3384, .F. ) ;
#2189 = CARTESIAN_POINT ( 'NONE',  ( 1.279080963196098875, 1.098999999999999755, -0.8952803638689494914 ) ) ;
#2190 = CIRCLE ( 'NONE', #3296, 0.2266464119299103630 ) ;
#2191 = VECTOR ( 'NONE', #1563, 1000.000000000000000 ) ;
#2192 = CARTESIAN_POINT ( 'NONE',  ( 0.4243893689333082531, 1.100000000000000311, 0.8032118067541257345 ) ) ;
#2193 = FACE_OUTER_BOUND ( 'NONE', #2803, .T. ) ;
#2194 = PLANE ( 'NONE',  #2877 ) ;
#2195 = CARTESIAN_POINT ( 'NONE',  ( -0.9057358438851574878, 1.099000000000000199, -0.4946457469407954943 ) ) ;
#2196 = LINE ( 'NONE', #579, #1974 ) ;
#2197 = CARTESIAN_POINT ( 'NONE',  ( 2.009999999999999787, 0.2499999999999998335, 0.7749999999999996891 ) ) ;
#2198 = CARTESIAN_POINT ( 'NONE',  ( 2.009999999999999787, 0.2500000000000000000, -2.009999999999999787 ) ) ;
#2199 = CARTESIAN_POINT ( 'NONE',  ( -1.259999999999996678, 0.0000000000000000000, -2.009999999999999787 ) ) ;
#2200 = AXIS2_PLACEMENT_3D ( 'NONE', #259, #3989, #2318 ) ;
#2201 = CARTESIAN_POINT ( 'NONE',  ( 1.256433757935047302, 1.099499999999945521, -0.03334812311443004912 ) ) ;
#2202 = CARTESIAN_POINT ( 'NONE',  ( 0.4345255640969593047, 1.099999999999996980, 0.1156829261583307011 ) ) ;
#2203 = DIRECTION ( 'NONE',  ( -0.4711350254976078289, 0.0000000000000000000, -0.8820611020498344557 ) ) ;
#2204 = CARTESIAN_POINT ( 'NONE',  ( 0.4109040397944155876, 1.099000000000000199, 1.490625806292765754 ) ) ;
#2205 = DIRECTION ( 'NONE',  ( 0.0000000000000000000, 1.000000000000000000, 0.0000000000000000000 ) ) ;
#2206 = CARTESIAN_POINT ( 'NONE',  ( 1.239097521804846780, 1.099000000000000199, 0.6486563623052302718 ) ) ;
#2207 =( NAMED_UNIT ( * ) PLANE_ANGLE_UNIT ( ) SI_UNIT ( $, .RADIAN. ) );
#2208 = PLANE ( 'NONE',  #968 ) ;
#2209 = CARTESIAN_POINT ( 'NONE',  ( 0.4618862799405928365, 1.100000000000000311, -0.8599851525295982846 ) ) ;
#2210 = ADVANCED_FACE ( 'NONE', ( #728 ), #1041, .T. ) ;
#2211 = CARTESIAN_POINT ( 'NONE',  ( -0.4359386785308242418, 1.099500000000000144, 0.02057944990959716808 ) ) ;
#2212 = CARTESIAN_POINT ( 'NONE',  ( 0.4180991331147685397, 1.100000000000000089, -0.9144136152448046895 ) ) ;
#2213 = EDGE_CURVE ( 'NONE', #2277, #2895, #2067, .T. ) ;
#2214 = EDGE_LOOP ( 'NONE', ( #1532, #906, #29, #760 ) ) ;
#2215 = CARTESIAN_POINT ( 'NONE',  ( 1.227407189467063953, 1.100000000000000311, 0.5927238958993377160 ) ) ;
#2216 = CARTESIAN_POINT ( 'NONE',  ( 1.256192820433418733, 1.099999999999999867, -0.02670213870560309011 ) ) ;
#2217 = ORIENTED_EDGE ( 'NONE', *, *, #3550, .F. ) ;
#2218 = DIRECTION ( 'NONE',  ( 0.0000000000000000000, 0.0000000000000000000, 1.000000000000000000 ) ) ;
#2219 = AXIS2_PLACEMENT_3D ( 'NONE', #4140, #99, #2141 ) ;
#2220 = CARTESIAN_POINT ( 'NONE',  ( 1.269245394389135306, 1.098999999999999755, -0.9401754343010537696 ) ) ;
#2221 = CARTESIAN_POINT ( 'NONE',  ( 0.3985318813748476297, 1.099000000000000199, 0.7992840953995150599 ) ) ;
#2222 = CARTESIAN_POINT ( 'NONE',  ( 0.3971742560892590479, 1.099000000000000199, 0.09577061702319174252 ) ) ;
#2223 = CARTESIAN_POINT ( 'NONE',  ( 0.3985318813748476297, 1.099000000000003752, 0.7992840953995150599 ) ) ;
#2224 = ORIENTED_EDGE ( 'NONE', *, *, #4111, .T. ) ;
#2225 = CARTESIAN_POINT ( 'NONE',  ( 0.5095632384103899737, 1.099000000000000199, 0.2623577598558912705 ) ) ;
#2226 = FACE_OUTER_BOUND ( 'NONE', #2214, .T. ) ;
#2227 = ORIENTED_EDGE ( 'NONE', *, *, #387, .T. ) ;
#2228 = CARTESIAN_POINT ( 'NONE',  ( 0.4866962426147316001, 1.099000000000000199, 0.3699474353391679626 ) ) ;
#2229 = VERTEX_POINT ( 'NONE', #1029 ) ;
#2230 = ORIENTED_EDGE ( 'NONE', *, *, #2761, .T. ) ;
#2231 = CARTESIAN_POINT ( 'NONE',  ( 1.236044727913581331, 1.099000000000000199, 0.02493722787960908627 ) ) ;
#2232 = EDGE_CURVE ( 'NONE', #2957, #4115, #1888, .T. ) ;
#2233 = ADVANCED_FACE ( 'NONE', ( #2193 ), #1104, .T. ) ;
#2234 = EDGE_LOOP ( 'NONE', ( #2534, #2983, #4090, #26 ) ) ;
#2235 = CIRCLE ( 'NONE', #1959, 0.2266464119299103630 ) ;
#2236 = CARTESIAN_POINT ( 'NONE',  ( 0.3890487729987612830, 1.099000000000000199, 0.2776232907894154445 ) ) ;
#2237 = CARTESIAN_POINT ( 'NONE',  ( 1.239039992614731522, 1.100000000000000089, 0.6539318103391679182 ) ) ;
#2238 = B_SPLINE_CURVE_WITH_KNOTS ( 'NONE', 3,
 ( #249, #3993, #2320, #1307, #3657, #597, #1978, #1952, #4309, #1639, #2667 ),
 .UNSPECIFIED., .F., .F.,
 ( 4, 1, 1, 1, 1, 1, 1, 1, 4 ),
 ( 0.0000000000000000000, 5.921804796241095886E-06, 1.152399231176723214E-05, 1.721788586775864973E-05, 2.334977123574927813E-05, 3.118970232550134059E-05, 4.124826796675469737E-05, 5.457358850404419670E-05, 7.181066709189550890E-05 ),
 .UNSPECIFIED. ) ;
#2239 = CARTESIAN_POINT ( 'NONE',  ( 0.3991353137584011668, 1.099999999999999867, 0.1010936417402536064 ) ) ;
#2240 = CARTESIAN_POINT ( 'NONE',  ( 0.3817415484380849988, 1.099000000000003530, 0.7883735751938515390 ) ) ;
#2241 = CARTESIAN_POINT ( 'NONE',  ( 0.5124774926147315224, 1.100000000000000089, 0.2636974353391679515 ) ) ;
#2242 = FACE_OUTER_BOUND ( 'NONE', #2532, .T. ) ;
#2243 = EDGE_CURVE ( 'NONE', #2007, #3189, #4229, .T. ) ;
#2244 = DIRECTION ( 'NONE',  ( -0.0000000000000000000, -1.000000000000000000, 0.0000000000000000000 ) ) ;
#2245 = CARTESIAN_POINT ( 'NONE',  ( 0.4395754937286294739, 1.100000000000000089, -0.8500492593674128239 ) ) ;
#2246 = VERTEX_POINT ( 'NONE', #1735 ) ;
#2247 = CARTESIAN_POINT ( 'NONE',  ( 2.010000000000000231, 0.0000000000000000000, 0.0000000000000000000 ) ) ;
#2248 = FACE_OUTER_BOUND ( 'NONE', #2658, .T. ) ;
#2249 = UNCERTAINTY_MEASURE_WITH_UNIT (LENGTH_MEASURE( 1.000000000000000082E-05 ), #3800, 'distance_accuracy_value', 'NONE');
#2250 = VERTEX_POINT ( 'NONE', #3111 ) ;
#2251 = EDGE_CURVE ( 'NONE', #3262, #1003, #2572, .T. ) ;
#2252 = VERTEX_POINT ( 'NONE', #2800 ) ;
#2253 = LINE ( 'NONE', #2270, #2191 ) ;
#2254 =( LENGTH_UNIT ( ) NAMED_UNIT ( * ) SI_UNIT ( .MILLI., .METRE. ) );
#2255 = CARTESIAN_POINT ( 'NONE',  ( 1.216868957896007908, 1.100000000000001643, 1.386132331016935115 ) ) ;
#2256 = LINE ( 'NONE', #2902, #4343 ) ;
#2257 = CARTESIAN_POINT ( 'NONE',  ( 1.278435520559263905, 1.099999999999999423, -0.9094151726827771620 ) ) ;
#2258 = CARTESIAN_POINT ( 'NONE',  ( 0.3794696801147315890, 1.099000000000000199, 0.7775646228391679404 ) ) ;
#2259 = CARTESIAN_POINT ( 'NONE',  ( 1.244800954787380398, 1.099000000000000421, -0.09455603755426025825 ) ) ;
#2260 = CARTESIAN_POINT ( 'NONE',  ( 0.4070014475993835590, 1.099000000000003530, 0.8017271964288761321 ) ) ;
#2261 = B_SPLINE_CURVE_WITH_KNOTS ( 'NONE', 3,
 ( #4272, #3937, #2269, #3972, #2600, #2941, #562, #1288, #879, #1957, #2314 ),
 .UNSPECIFIED., .F., .F.,
 ( 4, 1, 1, 1, 1, 1, 1, 1, 4 ),
 ( 0.0000000000000000000, 8.049091060184465049E-06, 1.540639744144560702E-05, 2.236614589943542553E-05, 3.014738122861781108E-05, 3.906123661729606663E-05, 5.006903600149015764E-05, 6.317725360296844064E-05, 7.900863951492505168E-05 ),
 .UNSPECIFIED. ) ;
#2262 = CARTESIAN_POINT ( 'NONE',  ( -1.197867965644032973, 1.050000000000000044, -1.859999999999999654 ) ) ;
#2263 = DIRECTION ( 'NONE',  ( -0.0000000000000000000, -1.000000000000000000, -0.0000000000000000000 ) ) ;
#2264 =( NAMED_UNIT ( * ) PLANE_ANGLE_UNIT ( ) SI_UNIT ( $, .RADIAN. ) );
#2265 = CARTESIAN_POINT ( 'NONE',  ( -1.207517891129247234, 1.100000000000000089, 0.5512005522718045336 ) ) ;
#2266 = DIRECTION ( 'NONE',  ( 0.0000000000000000000, 1.000000000000000000, 0.0000000000000000000 ) ) ;
#2267 = CARTESIAN_POINT ( 'NONE',  ( 0.4192499301053080885, 1.100000000000000533, -0.9396483547824356908 ) ) ;
#2268 = AXIS2_PLACEMENT_3D ( 'NONE', #3064, #3121, #356 ) ;
#2269 = CARTESIAN_POINT ( 'NONE',  ( 1.204221316789316321, 1.100000000000000977, 1.275216205891994470 ) ) ;
#2270 = CARTESIAN_POINT ( 'NONE',  ( -0.7750000000000001332, 0.2500000000000000000, 0.7750000000000004663 ) ) ;
#2271 = CARTESIAN_POINT ( 'NONE',  ( 0.4317262611585562238, 1.099000000000000199, -1.450800453957566738 ) ) ;
#2272 = CARTESIAN_POINT ( 'NONE',  ( 1.247876298586870769, 1.099000000000000421, 0.01925732607943912711 ) ) ;
#2273 = B_SPLINE_CURVE_WITH_KNOTS ( 'NONE', 3,
 ( #2412, #2794, #3760, #2441, #3451, #3105, #2755, #2099, #2428, #2136, #753 ),
 .UNSPECIFIED., .F., .F.,
 ( 4, 1, 1, 1, 1, 1, 1, 1, 4 ),
 ( 0.0000000000000000000, 5.990629783739388628E-06, 1.171634798006200952E-05, 1.770697776380135411E-05, 2.459813761062826961E-05, 3.232280489649636375E-05, 4.116896029168574527E-05, 5.126262736219422232E-05, 6.249168459772584791E-05 ),
 .UNSPECIFIED. ) ;
#2274 = DIRECTION ( 'NONE',  ( -0.7071067811865483499, 0.0000000000000000000, 0.7071067811865466846 ) ) ;
#2275 = DIRECTION ( 'NONE',  ( -0.9998179507796647325, 0.0000000000000000000, -0.01908049524388675394 ) ) ;
#2276 = FILL_AREA_STYLE_COLOUR ( '', #1934 ) ;
#2277 = VERTEX_POINT ( 'NONE', #373 ) ;
#2278 = CARTESIAN_POINT ( 'NONE',  ( -1.775000000000003464, -4.575423146057708541E-33, 0.7750000000000002442 ) ) ;
#2279 = CARTESIAN_POINT ( 'NONE',  ( 0.4063336371581414697, 1.099000000000005972, 0.2504752129867941490 ) ) ;
#2280 = CARTESIAN_POINT ( 'NONE',  ( 0.4664022215857802633, 1.099000000000000199, 0.1151117099926098758 ) ) ;
#2281 = CARTESIAN_POINT ( 'NONE',  ( 0.4299464310900082964, 1.099999999999999867, -0.9709276500841007573 ) ) ;
#2282 = EDGE_CURVE ( 'NONE', #3408, #3830, #2863, .T. ) ;
#2283 = VECTOR ( 'NONE', #230, 1000.000000000000000 ) ;
#2284 = ORIENTED_EDGE ( 'NONE', *, *, #2873, .T. ) ;
#2285 = CARTESIAN_POINT ( 'NONE',  ( 1.288023498585127768, 1.098999999999999977, -1.380219307831618059 ) ) ;
#2286 = CARTESIAN_POINT ( 'NONE',  ( 1.232980029940592859, 1.100000000000000311, -0.8347898400295982180 ) ) ;
#2287 = CARTESIAN_POINT ( 'NONE',  ( 0.3969674225018739455, 1.099999999999999867, 0.09211992462236867629 ) ) ;
#2288 = ORIENTED_EDGE ( 'NONE', *, *, #1496, .F. ) ;
#2289 = ORIENTED_EDGE ( 'NONE', *, *, #2687, .T. ) ;
#2290 = CARTESIAN_POINT ( 'NONE',  ( 0.5095632384103899737, 1.098999999999999977, 0.2623577598558912705 ) ) ;
#2291 = CARTESIAN_POINT ( 'NONE',  ( 0.4616146471128156348, 1.099000000000000199, -1.459672267657536882 ) ) ;
#2292 = VERTEX_POINT ( 'NONE', #715 ) ;
#2293 = DIRECTION ( 'NONE',  ( 1.795779995835204083E-16, 4.336808689942020694E-16, 1.000000000000000000 ) ) ;
#2294 = ORIENTED_EDGE ( 'NONE', *, *, #2629, .T. ) ;
#2295 = CARTESIAN_POINT ( 'NONE',  ( 0.4956640537180487249, 1.098999999999999977, 0.09789163897898403577 ) ) ;
#2296 = CARTESIAN_POINT ( 'NONE',  ( 0.4769042714662646287, 1.099000000000000199, -0.4391072418803991240 ) ) ;
#2297 = VERTEX_POINT ( 'NONE', #2760 ) ;
#2298 = SURFACE_SIDE_STYLE ('',( #1708 ) ) ;
#2299 = PRESENTATION_STYLE_ASSIGNMENT (( #666 ) ) ;
#2300 = VECTOR ( 'NONE', #3512, 999.9999999999998863 ) ;
#2301 = CARTESIAN_POINT ( 'NONE',  ( 1.221646227294415077, 1.099499999999945521, 1.341211743792765976 ) ) ;
#2302 = B_SPLINE_CURVE_WITH_KNOTS ( 'NONE', 3,
 ( #3992, #998, #3679, #312, #640, #2000, #1347, #1319, #986, #1656, #2360 ),
 .UNSPECIFIED., .F., .F.,
 ( 4, 1, 1, 1, 1, 1, 1, 1, 4 ),
 ( 0.0000000000000000000, 1.176561547524032270E-05, 2.184755635866765861E-05, 3.059084586591556985E-05, 3.822895424916741668E-05, 4.485606079538617338E-05, 5.054917065020683579E-05, 5.600489061252206621E-05, 6.152004663787964136E-05 ),
 .UNSPECIFIED. ) ;
#2303 = LINE ( 'NONE', #4284, #4170 ) ;
#2304 = ORIENTED_EDGE ( 'NONE', *, *, #2579, .T. ) ;
#2305 = CARTESIAN_POINT ( 'NONE',  ( -0.4241087572709807407, 1.098999999999997979, 0.3892062215631413302 ) ) ;
#2306 = EDGE_CURVE ( 'NONE', #1608, #206, #2970, .T. ) ;
#2307 = VECTOR ( 'NONE', #1874, 1000.000000000000227 ) ;
#2308 = CARTESIAN_POINT ( 'NONE',  ( -1.523934269082006132, 1.098999999999998423, -0.2773380304053592038 ) ) ;
#2309 = DIRECTION ( 'NONE',  ( 0.0000000000000000000, 0.0000000000000000000, 1.000000000000000000 ) ) ;
#2310 = CARTESIAN_POINT ( 'NONE',  ( 0.3794696801147315890, 1.099000000000000199, 0.7775646228391679404 ) ) ;
#2311 = CARTESIAN_POINT ( 'NONE',  ( 1.286142309091845792, 1.100000000000000533, -1.444277467295839168 ) ) ;
#2312 = STYLED_ITEM ( 'NONE', ( #3938 ), #777 ) ;
#2313 = LINE ( 'NONE', #4001, #284 ) ;
#2314 = CARTESIAN_POINT ( 'NONE',  ( 1.221646227294415077, 1.099499999999945521, 1.341211743792765976 ) ) ;
#2315 = PLANE ( 'NONE',  #454 ) ;
#2316 = AXIS2_PLACEMENT_3D ( 'NONE', #1498, #3552, #467 ) ;
#2317 = B_SPLINE_CURVE_WITH_KNOTS ( 'NONE', 3,
 ( #1145, #3496, #1781, #3770, #3806, #2144, #427, #875, #1504, #1215, #3561 ),
 .UNSPECIFIED., .F., .F.,
 ( 4, 1, 1, 1, 1, 1, 1, 1, 4 ),
 ( 0.0000000000000000000, 1.862456217151112810E-05, 3.337899444456409413E-05, 4.487567463699785686E-05, 5.311405338047790118E-05, 6.006966590409859650E-05, 6.790709280870165421E-05, 7.875118189902847858E-05, 9.329345987448203076E-05 ),
 .UNSPECIFIED. ) ;
#2318 = DIRECTION ( 'NONE',  ( 0.0000000000000000000, -1.000000000000000000, 4.336808689942020694E-16 ) ) ;
#2319 =( NAMED_UNIT ( * ) PLANE_ANGLE_UNIT ( ) SI_UNIT ( $, .RADIAN. ) );
#2320 = CARTESIAN_POINT ( 'NONE',  ( 0.4418670505311990682, 1.100000000000004308, -1.346258063837661112 ) ) ;
#2321 = DIRECTION ( 'NONE',  ( -0.4888469343449404203, 0.0000000000000000000, -0.8723695746537436513 ) ) ;
#2322 = CARTESIAN_POINT ( 'NONE',  ( 0.4274977092940881462, 1.099000000000000421, -1.401719109535412011 ) ) ;
#2323 = PRODUCT_DEFINITION ( 'UNKNOWN', '', #4185, #3901 ) ;
#2324 = EDGE_CURVE ( 'NONE', #2111, #1524, #1578, .T. ) ;
#2325 = ORIENTED_EDGE ( 'NONE', *, *, #151, .T. ) ;
#2326 =( NAMED_UNIT ( * ) SI_UNIT ( $, .STERADIAN. ) SOLID_ANGLE_UNIT ( ) );
#2327 = CARTESIAN_POINT ( 'NONE',  ( 0.4212474585687827067, 1.098999999999999977, -0.4356743817693883858 ) ) ;
#2328 = EDGE_CURVE ( 'NONE', #2787, #549, #2897, .T. ) ;
#2329 = ORIENTED_EDGE ( 'NONE', *, *, #1857, .F. ) ;
#2330 = DIRECTION ( 'NONE',  ( 1.000000000000000000, 0.0000000000000000000, -0.0000000000000000000 ) ) ;
#2331 = FACE_OUTER_BOUND ( 'NONE', #2011, .T. ) ;
#2332 = CARTESIAN_POINT ( 'NONE',  ( -1.207517891129247234, 1.100000000000000089, 0.5512005522718045336 ) ) ;
#2333 = ORIENTED_EDGE ( 'NONE', *, *, #3366, .T. ) ;
#2334 = FILL_AREA_STYLE ('',( #2669 ) ) ;
#2335 = CARTESIAN_POINT ( 'NONE',  ( 0.5298712579350476348, 1.100000000000000089, -0.4235824981144300505 ) ) ;
#2336 = EDGE_CURVE ( 'NONE', #1739, #2419, #3231, .T. ) ;
#2337 = ORIENTED_EDGE ( 'NONE', *, *, #3730, .T. ) ;
#2338 = CARTESIAN_POINT ( 'NONE',  ( 0.5269570037307059751, 1.098999999999999977, -0.4249221735977066761 ) ) ;
#2339 = ORIENTED_EDGE ( 'NONE', *, *, #4002, .F. ) ;
#2340 = AXIS2_PLACEMENT_3D ( 'NONE', #1073, #3411, #1753 ) ;
#2341 = ORIENTED_EDGE ( 'NONE', *, *, #1555, .F. ) ;
#2342 = DIRECTION ( 'NONE',  ( 0.7071067811865466846, 0.0000000000000000000, 0.7071067811865483499 ) ) ;
#2343 = ORIENTED_EDGE ( 'NONE', *, *, #3339, .F. ) ;
#2344 = CARTESIAN_POINT ( 'NONE',  ( -1.197867965644035193, 1.100000000000000089, 1.859999999999999654 ) ) ;
#2345 = VECTOR ( 'NONE', #2452, 1000.000000000000000 ) ;
#2346 = STYLED_ITEM ( 'NONE', ( #1442 ), #3888 ) ;
#2347 = CARTESIAN_POINT ( 'NONE',  ( 0.4082284006850626090, 1.100000000000003419, -0.4226729447725184330 ) ) ;
#2348 = CARTESIAN_POINT ( 'NONE',  ( -1.207517891129247234, 1.100000000000000089, 0.5512005522718045336 ) ) ;
#2349 = CARTESIAN_POINT ( 'NONE',  ( 0.4237274024784574711, 1.099000000000007304, -0.4368047204668039085 ) ) ;
#2350 = LINE ( 'NONE', #513, #3279 ) ;
#2351 = ORIENTED_EDGE ( 'NONE', *, *, #177, .T. ) ;
#2352 = VECTOR ( 'NONE', #4182, 1000.000000000000000 ) ;
#2353 = CARTESIAN_POINT ( 'NONE',  ( 1.268758322728069876, 1.098999999999999977, -1.330168778970889809 ) ) ;
#2354 = VECTOR ( 'NONE', #183, 1000.000000000000000 ) ;
#2355 = EDGE_LOOP ( 'NONE', ( #360, #72 ) ) ;
#2356 = ORIENTED_EDGE ( 'NONE', *, *, #2894, .F. ) ;
#2357 =( NAMED_UNIT ( * ) SI_UNIT ( $, .STERADIAN. ) SOLID_ANGLE_UNIT ( ) );
#2358 = LINE ( 'NONE', #2057, #2508 ) ;
#2359 = EDGE_CURVE ( 'NONE', #188, #1051, #3321, .T. ) ;
#2360 = CARTESIAN_POINT ( 'NONE',  ( 0.3968634454350477014, 1.099499999999999256, 0.09028468938556992451 ) ) ;
#2361 = CARTESIAN_POINT ( 'NONE',  ( 0.4930045802871497185, 1.100000000000000533, 0.1032940885640233203 ) ) ;
#2362 = DIRECTION ( 'NONE',  ( -0.9052872276365776516, 0.0000000000000000000, -0.4247999946775884439 ) ) ;
#2363 = DIRECTION ( 'NONE',  ( 0.7071067811865466846, 6.133173666733497538E-16, 0.7071067811865484609 ) ) ;
#2364 = VECTOR ( 'NONE', #2759, 1000.000000000000000 ) ;
#2365 = PRESENTATION_LAYER_ASSIGNMENT (  '', '', ( #1502 ) ) ;
#2366 = CARTESIAN_POINT ( 'NONE',  ( 0.4769042714662645732, 1.098999999999999977, -0.4391072418803991240 ) ) ;
#2367 = CARTESIAN_POINT ( 'NONE',  ( -1.757921040735550333, 1.099000000000000199, -0.1967603926100836564 ) ) ;
#2368 = DIRECTION ( 'NONE',  ( 4.336808689942013299E-16, -1.000000000000000000, 4.336808689942024146E-16 ) ) ;
#2369 = CARTESIAN_POINT ( 'NONE',  ( 0.4956640537180487249, 1.098999999999999977, 0.09789163897898403577 ) ) ;
#2370 = CARTESIAN_POINT ( 'NONE',  ( 1.213088767946238544, 1.100000000000000089, 1.393817192986634979 ) ) ;
#2371 = ORIENTED_EDGE ( 'NONE', *, *, #246, .F. ) ;
#2372 = ORIENTED_EDGE ( 'NONE', *, *, #1434, .F. ) ;
#2373 = CARTESIAN_POINT ( 'NONE',  ( 1.286142309091845792, 1.099000000000003530, -1.444277467295839168 ) ) ;
#2374 = VECTOR ( 'NONE', #3564, 1000.000000000000000 ) ;
#2375 = VERTEX_POINT ( 'NONE', #1160 ) ;
#2376 = UNCERTAINTY_MEASURE_WITH_UNIT (LENGTH_MEASURE( 1.000000000000000082E-05 ), #2906, 'distance_accuracy_value', 'NONE');
#2377 = EDGE_CURVE ( 'NONE', #3584, #4115, #1175, .T. ) ;
#2378 = VECTOR ( 'NONE', #3792, 1000.000000000000227 ) ;
#2379 = CARTESIAN_POINT ( 'NONE',  ( -1.860000000000000098, 1.100000000000000089, -1.197867965644034749 ) ) ;
#2380 = FACE_BOUND ( 'NONE', #3009, .T. ) ;
#2381 = CARTESIAN_POINT ( 'NONE',  ( 0.3997380334563268578, 1.099000000000003530, 1.490242793065526428 ) ) ;
#2382 = CARTESIAN_POINT ( 'NONE',  ( 0.5125890894614824056, 1.098999999999999977, -0.4307704418292063187 ) ) ;
#2383 = ORIENTED_EDGE ( 'NONE', *, *, #4235, .T. ) ;
#2384 = AXIS2_PLACEMENT_3D ( 'NONE', #1462, #2811, #4152 ) ;
#2385 = ORIENTED_EDGE ( 'NONE', *, *, #2336, .T. ) ;
#2386 = ORIENTED_EDGE ( 'NONE', *, *, #3820, .T. ) ;
#2387 = CARTESIAN_POINT ( 'NONE',  ( -1.859999999999999654, 1.100000000000000089, 1.197867965644032751 ) ) ;
#2388 = ORIENTED_EDGE ( 'NONE', *, *, #3920, .F. ) ;
#2389 = VECTOR ( 'NONE', #3615, 1000.000000000000000 ) ;
#2390 = CARTESIAN_POINT ( 'NONE',  ( 1.280486865091531756, 1.099999999999993427, -1.339865093364403181 ) ) ;
#2391 = COLOUR_RGB ( '',1.000000000000000000, 1.000000000000000000, 1.000000000000000000 ) ;
#2392 = CARTESIAN_POINT ( 'NONE',  ( 1.225305919643279395, 1.099999999999999867, 0.7113118867426136971 ) ) ;
#2393 = CARTESIAN_POINT ( 'NONE',  ( -0.4241087572709806852, 1.100000000000002975, 0.3892062215631412747 ) ) ;
#2394 = ORIENTED_EDGE ( 'NONE', *, *, #419, .T. ) ;
#2395 = CARTESIAN_POINT ( 'NONE',  ( 1.239039992614731522, 1.099499999999945743, 0.6539318103391680292 ) ) ;
#2396 = VECTOR ( 'NONE', #3817, 1000.000000000000000 ) ;
#2397 = CARTESIAN_POINT ( 'NONE',  ( 1.221158010102314062, 1.099000000000000199, 1.313009094290877199 ) ) ;
#2398 = FACE_OUTER_BOUND ( 'NONE', #722, .T. ) ;
#2399 = CARTESIAN_POINT ( 'NONE',  ( 0.4192499301053080885, 1.100000000000000533, -0.9396483547824356908 ) ) ;
#2400 = VECTOR ( 'NONE', #2030, 1000.000000000000000 ) ;
#2401 = CARTESIAN_POINT ( 'NONE',  ( 1.194326983513656737, 1.098999999999999977, 1.397172844360087707 ) ) ;
#2402 = EDGE_CURVE ( 'NONE', #1198, #3584, #539, .T. ) ;
#2403 = ADVANCED_FACE ( 'NONE', ( #2764 ), #2854, .F. ) ;
#2404 = DIRECTION ( 'NONE',  ( -0.4154607593787674746, 0.0000000000000000000, 0.9096111022939517010 ) ) ;
#2405 = CARTESIAN_POINT ( 'NONE',  ( -1.656591906877280529, 1.099000000000000199, 0.01500842628755501458 ) ) ;
#2406 = CARTESIAN_POINT ( 'NONE',  ( 0.4420378526696251975, 1.100000000000000089, 0.2469767281807931092 ) ) ;
#2407 = PRESENTATION_LAYER_ASSIGNMENT (  '', '', ( #3828 ) ) ;
#2408 = DIRECTION ( 'NONE',  ( -0.7071067811865462405, 0.0000000000000000000, -0.7071067811865489050 ) ) ;
#2409 = CARTESIAN_POINT ( 'NONE',  ( 0.4466519049405928143, 1.099000000000107669, -1.342992965029598196 ) ) ;
#2410 = CARTESIAN_POINT ( 'NONE',  ( -1.124982458058385593, 1.099000000000000199, -0.2805714162321333860 ) ) ;
#2411 = CARTESIAN_POINT ( 'NONE',  ( 1.254679152380771878, 1.100000000000000311, -0.8237084471316190593 ) ) ;
#2412 = CARTESIAN_POINT ( 'NONE',  ( 0.4788837426147317111, 1.099499999999995481, 0.7793224353391680070 ) ) ;
#2413 = STYLED_ITEM ( 'NONE', ( #3063 ), #4232 ) ;
#2414 = CARTESIAN_POINT ( 'NONE',  ( 0.4062384454350477236, 1.099000000000000199, -0.4067856231144300616 ) ) ;
#2415 = CARTESIAN_POINT ( 'NONE',  ( 0.4179409674405927810, 1.100000000000000311, -0.9084226525295984178 ) ) ;
#2416 = CARTESIAN_POINT ( 'NONE',  ( 0.8454800299405926811, 1.100000000000000089, -1.224633590029598151 ) ) ;
#2417 = VERTEX_POINT ( 'NONE', #487 ) ;
#2418 = CARTESIAN_POINT ( 'NONE',  ( 0.4950837272944154654, 1.099000000000000199, 0.9509773687927658425 ) ) ;
#2419 = VERTEX_POINT ( 'NONE', #839 ) ;
#2420 = CARTESIAN_POINT ( 'NONE',  ( 1.214632061421541342, 1.099999999999999867, 1.285817255221114896 ) ) ;
#2421 = B_SPLINE_SURFACE_WITH_KNOTS ( 'NONE', 3, 1, ( 
 ( #3470, #63 ),
 ( #3087, #1079 ),
 ( #3422, #1090 ),
 ( #1435, #3120 ),
 ( #1446, #1137 ),
 ( #2826, #787 ),
 ( #2165, #3488 ),
 ( #3160, #1480 ),
 ( #805, #3147 ),
 ( #434, #2834 ),
 ( #2487, #1150 ) ),
 .UNSPECIFIED., .F., .F., .F.,
 ( 4, 1, 1, 1, 1, 1, 1, 1, 4 ),
 ( 2, 2 ),
 ( 0.0000000000000000000, 0.1912484810763440402, 0.3551290604063930267, 0.4972500434854991158, 0.6214064575436915039, 0.7291291740953769196, 0.8216699013209514124, 0.9103518880955822068, 1.000000000000000000 ),
 ( 0.0000000000000000000, 1.000000000000000000 ),
 .UNSPECIFIED. ) ;
#2422 = ADVANCED_FACE ( 'NONE', ( #3325 ), #2208, .T. ) ;
#2423 = PLANE ( 'NONE',  #750 ) ;
#2424 = ORIENTED_EDGE ( 'NONE', *, *, #3336, .T. ) ;
#2425 = ORIENTED_EDGE ( 'NONE', *, *, #3339, .T. ) ;
#2426 = CARTESIAN_POINT ( 'NONE',  ( 2.009999999999999787, 0.2499999999999997780, -0.7750000000000004663 ) ) ;
#2427 = EDGE_CURVE ( 'NONE', #4005, #1312, #883, .T. ) ;
#2428 = CARTESIAN_POINT ( 'NONE',  ( 0.4390604809170822187, 1.099000000000000421, 0.8033332873679761565 ) ) ;
#2429 = ORIENTED_EDGE ( 'NONE', *, *, #281, .T. ) ;
#2430 = CARTESIAN_POINT ( 'NONE',  ( 0.4512861368902286174, 1.100000000000000311, -0.4403388214750578178 ) ) ;
#2431 = ORIENTED_EDGE ( 'NONE', *, *, #3293, .F. ) ;
#2432 = CARTESIAN_POINT ( 'NONE',  ( 1.239039992614731744, 1.099000000000000421, 0.6539318103391680292 ) ) ;
#2433 = CARTESIAN_POINT ( 'NONE',  ( 0.0000000000000000000, 0.0000000000000000000, 2.009999999999999787 ) ) ;
#2434 = ORIENTED_EDGE ( 'NONE', *, *, #1615, .T. ) ;
#2435 = LINE ( 'NONE', #809, #2116 ) ;
#2436 = ORIENTED_EDGE ( 'NONE', *, *, #3175, .F. ) ;
#2437 = DIRECTION ( 'NONE',  ( -0.0000000000000000000, -1.000000000000000000, 0.0000000000000000000 ) ) ;
#2438 = VERTEX_POINT ( 'NONE', #1141 ) ;
#2439 =( NAMED_UNIT ( * ) SI_UNIT ( $, .STERADIAN. ) SOLID_ANGLE_UNIT ( ) );
#2440 = VECTOR ( 'NONE', #544, 1000.000000000000114 ) ;
#2441 = CARTESIAN_POINT ( 'NONE',  ( 0.4756108149668333285, 1.098999999999999977, 0.7905740220176211697 ) ) ;
#2442 = VECTOR ( 'NONE', #860, 1000.000000000000000 ) ;
#2443 = CARTESIAN_POINT ( 'NONE',  ( 1.278683154940592814, 1.098999999999572541, -0.8787351525295984400 ) ) ;
#2444 = VERTEX_POINT ( 'NONE', #3494 ) ;
#2445 = ADVANCED_FACE ( 'NONE', ( #1240 ), #2587, .T. ) ;
#2446 = ORIENTED_EDGE ( 'NONE', *, *, #1147, .T. ) ;
#2447 = PLANE ( 'NONE',  #1469 ) ;
#2448 = CARTESIAN_POINT ( 'NONE',  ( 1.232019695435047968, 1.099499999999964839, -0.1028793731144300311 ) ) ;
#2449 = CARTESIAN_POINT ( 'NONE',  ( 0.4778015588208501252, 1.099999999999999867, 0.9437894250779892413 ) ) ;
#2450 = EDGE_CURVE ( 'NONE', #2438, #82, #627, .T. ) ;
#2451 = LINE ( 'NONE', #4077, #632 ) ;
#2452 = DIRECTION ( 'NONE',  ( 0.0000000000000000000, 0.0000000000000000000, 1.000000000000000000 ) ) ;
#2453 = VECTOR ( 'NONE', #1042, 1000.000000000000000 ) ;
#2454 = CARTESIAN_POINT ( 'NONE',  ( 1.189526592139774186, 1.100000000000001643, 1.395092700311159506 ) ) ;
#2455 =( NAMED_UNIT ( * ) SI_UNIT ( $, .STERADIAN. ) SOLID_ANGLE_UNIT ( ) );
#2456 = EDGE_CURVE ( 'NONE', #2841, #1161, #734, .T. ) ;
#2457 = CARTESIAN_POINT ( 'NONE',  ( 1.244537231709696323, 1.100000000000000533, -0.8281760239183072470 ) ) ;
#2458 = B_SPLINE_SURFACE_WITH_KNOTS ( 'NONE', 3, 1, ( 
 ( #433, #2148 ),
 ( #1166, #3449 ),
 ( #2825, #2531 ),
 ( #3487, #3791 ),
 ( #1445, #1479 ),
 ( #2809, #479 ),
 ( #3819, #1124 ),
 ( #1833, #4151 ),
 ( #803, #3517 ),
 ( #3857, #4168 ),
 ( #4196, #1149 ) ),
 .UNSPECIFIED., .F., .F., .F.,
 ( 4, 1, 1, 1, 1, 1, 1, 1, 4 ),
 ( 2, 2 ),
 ( 0.0000000000000000000, 0.2471814099357416139, 0.4354907238895006083, 0.5759792155494939392, 0.6883935783006959186, 0.7770223972964913628, 0.8501764343786643030, 0.9217285311153973204, 1.000000000000000000 ),
 ( 0.0000000000000000000, 1.000000000000000000 ),
 .UNSPECIFIED. ) ;
#2459 = CARTESIAN_POINT ( 'NONE',  ( 1.269245394389135306, 1.098999999999999533, -0.9401754343010538806 ) ) ;
#2460 = DIRECTION ( 'NONE',  ( -0.01908049524388675047, 0.0000000000000000000, 0.9998179507796646215 ) ) ;
#2461 = EDGE_CURVE ( 'NONE', #205, #2108, #3960, .T. ) ;
#2462 = CARTESIAN_POINT ( 'NONE',  ( 0.4246440873493090851, 1.100000000000000533, 0.9342566616343910280 ) ) ;
#2463 = CARTESIAN_POINT ( 'NONE',  ( 1.256491287125163003, 1.098999999999999977, -0.03862357114836764693 ) ) ;
#2464 = CARTESIAN_POINT ( 'NONE',  ( -1.124982458058385593, 1.100000000000000089, -0.2805714162321333860 ) ) ;
#2465 = STYLED_ITEM ( 'NONE', ( #786 ), #1824 ) ;
#2466 = DIRECTION ( 'NONE',  ( -0.0000000000000000000, -1.000000000000000000, -0.0000000000000000000 ) ) ;
#2467 = CARTESIAN_POINT ( 'NONE',  ( 0.7624722174405927921, 1.100000000000000089, -1.155102340029598107 ) ) ;
#2468 = CARTESIAN_POINT ( 'NONE',  ( 0.8452847174405927477, 1.099000000000000199, -1.074828902529598285 ) ) ;
#2469 = VERTEX_POINT ( 'NONE', #3592 ) ;
#2470 = CARTESIAN_POINT ( 'NONE',  ( -0.7750000000000001332, 0.2500000000000000000, 0.7749999999999996891 ) ) ;
#2471 =( LENGTH_UNIT ( ) NAMED_UNIT ( * ) SI_UNIT ( .MILLI., .METRE. ) );
#2472 = PRESENTATION_LAYER_ASSIGNMENT (  '', '', ( #2413 ) ) ;
#2473 = ORIENTED_EDGE ( 'NONE', *, *, #4262, .F. ) ;
#2474 = CARTESIAN_POINT ( 'NONE',  ( 0.4316146909451480385, 1.099000000000000421, 1.489671576899805672 ) ) ;
#2475 = DIRECTION ( 'NONE',  ( -0.8820611020498344557, 0.0000000000000000000, 0.4711350254976078289 ) ) ;
#2476 = CARTESIAN_POINT ( 'NONE',  ( 0.3716550076784452816, 1.099000000000006194, 0.9649032242430133355 ) ) ;
#2477 = CARTESIAN_POINT ( 'NONE',  ( 0.4282978051147317000, 1.099000000000000199, 0.8033458728391679182 ) ) ;
#2478 = ORIENTED_EDGE ( 'NONE', *, *, #1456, .F. ) ;
#2479 = ADVANCED_FACE ( 'NONE', ( #4019 ), #3233, .T. ) ;
#2480 = ORIENTED_EDGE ( 'NONE', *, *, #3293, .T. ) ;
#2481 = CARTESIAN_POINT ( 'NONE',  ( -1.627281670656810286, 1.098999999999995758, -0.3817115737124471830 ) ) ;
#2482 = ORIENTED_EDGE ( 'NONE', *, *, #960, .F. ) ;
#2483 = CARTESIAN_POINT ( 'NONE',  ( 0.3890487729987612830, 1.100000000000000977, 0.2776232907894154445 ) ) ;
#2484 = ORIENTED_EDGE ( 'NONE', *, *, #4348, .T. ) ;
#2485 = CARTESIAN_POINT ( 'NONE',  ( -1.209744032861531648, 1.100000000000000089, 0.3468282688072377717 ) ) ;
#2486 = EDGE_CURVE ( 'NONE', #274, #4222, #49, .T. ) ;
#2487 = CARTESIAN_POINT ( 'NONE',  ( 0.3620759147944154765, 1.099000000000000199, 1.464844556292765887 ) ) ;
#2488 = CARTESIAN_POINT ( 'NONE',  ( -0.7750000000000001332, 0.2500000000000000000, -0.7750000000000004663 ) ) ;
#2489 = ADVANCED_FACE ( 'NONE', ( #3113 ), #2685, .T. ) ;
#2490 = ORIENTED_EDGE ( 'NONE', *, *, #4255, .F. ) ;
#2491 = LINE ( 'NONE', #3302, #2611 ) ;
#2492 = CARTESIAN_POINT ( 'NONE',  ( 0.3643477831177689974, 1.100000000000001643, 1.475653508647449375 ) ) ;
#2493 = CARTESIAN_POINT ( 'NONE',  ( 0.4782702883977327790, 1.100000000000000089, 0.7851715724325823986 ) ) ;
#2494 =( NAMED_UNIT ( * ) PLANE_ANGLE_UNIT ( ) SI_UNIT ( $, .RADIAN. ) );
#2495 = MECHANICAL_DESIGN_GEOMETRIC_PRESENTATION_REPRESENTATION (  '', ( #1132 ), #304 ) ;
#2496 = VECTOR ( 'NONE', #2773, 1000.000000000000227 ) ;
#2497 = CARTESIAN_POINT ( 'NONE',  ( -0.7750000000000002442, 0.0000000000000000000, -2.009999999999999787 ) ) ;
#2498 = B_SPLINE_SURFACE_WITH_KNOTS ( 'NONE', 3, 1, ( 
 ( #1877, #2585 ),
 ( #882, #2192 ),
 ( #1158, #3503 ),
 ( #1174, #3890 ),
 ( #2221, #4257 ),
 ( #195, #2571 ),
 ( #3230, #2867 ),
 ( #522, #3570 ),
 ( #1565, #837 ),
 ( #2896, #3872 ),
 ( #2258, #3844 ) ),
 .UNSPECIFIED., .F., .F., .F.,
 ( 4, 1, 1, 1, 1, 1, 1, 1, 4 ),
 ( 2, 2 ),
 ( 0.0000000000000000000, 0.1912484810763438736, 0.3551290604063926937, 0.4972500434854986717, 0.6214064575436902826, 0.7291291740953755873, 0.8216699013209500801, 0.9103518880955824288, 1.000000000000000000 ),
 ( 0.0000000000000000000, 1.000000000000000000 ),
 .UNSPECIFIED. ) ;
#2499 = ORIENTED_EDGE ( 'NONE', *, *, #2427, .F. ) ;
#2500 = CARTESIAN_POINT ( 'NONE',  ( 0.3968634454350477014, 1.099000000000000199, 0.09028468938556993839 ) ) ;
#2501 = DIRECTION ( 'NONE',  ( -0.8723695746537436513, 0.0000000000000000000, 0.4888469343449404203 ) ) ;
#2502 = PRESENTATION_STYLE_ASSIGNMENT (( #326 ) ) ;
#2503 = LINE ( 'NONE', #1819, #1019 ) ;
#2504 = VECTOR ( 'NONE', #3351, 1000.000000000000114 ) ;
#2505 = ADVANCED_FACE ( 'NONE', ( #2127 ), #4186, .F. ) ;
#2506 = PLANE ( 'NONE',  #2219 ) ;
#2507 = UNCERTAINTY_MEASURE_WITH_UNIT (LENGTH_MEASURE( 1.000000000000000082E-05 ), #3183, 'distance_accuracy_value', 'NONE');
#2508 = VECTOR ( 'NONE', #638, 1000.000000000000000 ) ;
#2509 = CARTESIAN_POINT ( 'NONE',  ( 0.3620759147944154765, 1.099499999999999478, 1.464844556292765665 ) ) ;
#2510 = CARTESIAN_POINT ( 'NONE',  ( 0.4390604809170822187, 1.100000000000000089, 0.8033332873679761565 ) ) ;
#2511 = CARTESIAN_POINT ( 'NONE',  ( 1.214632061421541120, 1.098999999999999755, 1.285817255221114896 ) ) ;
#2512 = DIRECTION ( 'NONE',  ( 0.0000000000000000000, 1.000000000000000000, 0.0000000000000000000 ) ) ;
#2513 = ADVANCED_FACE ( 'NONE', ( #4337 ), #4253, .T. ) ;
#2514 = CARTESIAN_POINT ( 'NONE',  ( -1.505269072231613992, 1.100000000000000089, -0.4055452744998473968 ) ) ;
#2515 = EDGE_CURVE ( 'NONE', #616, #97, #1118, .T. ) ;
#2516 = CARTESIAN_POINT ( 'NONE',  ( 0.4582170496465172715, 1.100000000000000533, 1.477853955471219338 ) ) ;
#2517 = CARTESIAN_POINT ( 'NONE',  ( -1.383248914751299186, 1.100000000000000089, -0.4293808650510304581 ) ) ;
#2518 = AXIS2_PLACEMENT_3D ( 'NONE', #3364, #3664, #1363 ) ;
#2519 = CARTESIAN_POINT ( 'NONE',  ( 1.275438687202308241, 1.099999999999998757, -0.9286723561753827960 ) ) ;
#2520 = ORIENTED_EDGE ( 'NONE', *, *, #620, .F. ) ;
#2521 = CARTESIAN_POINT ( 'NONE',  ( 0.4606198211255834729, 1.099000000000000199, 0.9386038030415531086 ) ) ;
#2522 = CARTESIAN_POINT ( 'NONE',  ( 0.4788837426147317111, 1.099000000000000421, 0.7793224353391682291 ) ) ;
#2523 = CARTESIAN_POINT ( 'NONE',  ( -1.523934269082005910, 1.100000000000001643, -0.2773380304053592038 ) ) ;
#2524 = STYLED_ITEM ( 'NONE', ( #2812 ), #3394 ) ;
#2525 = ORIENTED_EDGE ( 'NONE', *, *, #2903, .T. ) ;
#2526 = CARTESIAN_POINT ( 'NONE',  ( 0.4575580726787104036, 1.100000000000000311, -0.8578161698703986593 ) ) ;
#2527 = CARTESIAN_POINT ( 'NONE',  ( 1.256456281768593364, 1.100000000000000533, -1.454071110200688466 ) ) ;
#2528 = CARTESIAN_POINT ( 'NONE',  ( 0.4866962426147316001, 1.099000000000000199, 0.3699474353391679626 ) ) ;
#2529 = FACE_OUTER_BOUND ( 'NONE', #388, .T. ) ;
#2530 = ORIENTED_EDGE ( 'NONE', *, *, #81, .T. ) ;
#2531 = CARTESIAN_POINT ( 'NONE',  ( 1.288023498585127768, 1.100000000000000533, -1.380219307831618059 ) ) ;
#2532 = EDGE_LOOP ( 'NONE', ( #595, #1164, #820, #699 ) ) ;
#2533 = SURFACE_SIDE_STYLE ('',( #1493 ) ) ;
#2534 = ORIENTED_EDGE ( 'NONE', *, *, #2450, .T. ) ;
#2535 = ADVANCED_FACE ( 'NONE', ( #3909 ), #1899, .T. ) ;
#2536 = CARTESIAN_POINT ( 'NONE',  ( 1.269245394389135306, 1.099999999999998979, -0.9401754343010537696 ) ) ;
#2537 =( LENGTH_UNIT ( ) NAMED_UNIT ( * ) SI_UNIT ( .MILLI., .METRE. ) );
#2538 = SURFACE_STYLE_USAGE ( .BOTH. , #2155 ) ;
#2539 = ORIENTED_EDGE ( 'NONE', *, *, #857, .F. ) ;
#2540 = ORIENTED_EDGE ( 'NONE', *, *, #1404, .F. ) ;
#2541 = ORIENTED_EDGE ( 'NONE', *, *, #1010, .T. ) ;
#2542 = EDGE_CURVE ( 'NONE', #1739, #2419, #3622, .T. ) ;
#2543 = FILL_AREA_STYLE ('',( #1254 ) ) ;
#2544 = ORIENTED_EDGE ( 'NONE', *, *, #944, .F. ) ;
#2545 = FACE_OUTER_BOUND ( 'NONE', #1996, .T. ) ;
#2546 = FILL_AREA_STYLE_COLOUR ( '', #674 ) ;
#2547 = CARTESIAN_POINT ( 'NONE',  ( 1.221668132935047613, 1.099000000000000199, 0.01938625188556994394 ) ) ;
#2548 = CARTESIAN_POINT ( 'NONE',  ( -1.757921040735550333, 1.100000000000000089, -0.1967603926100836564 ) ) ;
#2549 = CARTESIAN_POINT ( 'NONE',  ( 1.235270768541670616, 1.100000000000000311, 0.6057813660356285990 ) ) ;
#2550 = EDGE_CURVE ( 'NONE', #3850, #892, #1661, .T. ) ;
#2551 = LINE ( 'NONE', #1617, #4374 ) ;
#2552 =( NAMED_UNIT ( * ) SI_UNIT ( $, .STERADIAN. ) SOLID_ANGLE_UNIT ( ) );
#2553 = ORIENTED_EDGE ( 'NONE', *, *, #2377, .T. ) ;
#2554 = CARTESIAN_POINT ( 'NONE',  ( 0.3894322519161951268, 1.099000000000000199, 0.2722288083991814545 ) ) ;
#2555 = FACE_OUTER_BOUND ( 'NONE', #3036, .T. ) ;
#2556 = CARTESIAN_POINT ( 'NONE',  ( 0.4921694730900738057, 1.098999999999999977, 0.9496376933094891060 ) ) ;
#2557 = CARTESIAN_POINT ( 'NONE',  ( 1.234418124307528064, 1.099000000000000421, -0.1016660422282577025 ) ) ;
#2558 = SURFACE_STYLE_FILL_AREA ( #2998 ) ;
#2559 = ORIENTED_EDGE ( 'NONE', *, *, #1768, .T. ) ;
#2560 = ORIENTED_EDGE ( 'NONE', *, *, #3974, .T. ) ;
#2561 = SURFACE_STYLE_USAGE ( .BOTH. , #3456 ) ;
#2562 =( NAMED_UNIT ( * ) PLANE_ANGLE_UNIT ( ) SI_UNIT ( $, .RADIAN. ) );
#2563 = ADVANCED_FACE ( 'NONE', ( #1390 ), #863, .F. ) ;
#2564 = CARTESIAN_POINT ( 'NONE',  ( -0.4409824580583844300, 1.100000000000001421, -0.1365525185943403941 ) ) ;
#2565 = CARTESIAN_POINT ( 'NONE',  ( 0.4171317987766430258, 1.100000000000000311, 0.8029628596119289252 ) ) ;
#2566 = STYLED_ITEM ( 'NONE', ( #913 ), #4143 ) ;
#2567 = SURFACE_STYLE_USAGE ( .BOTH. , #3902 ) ;
#2568 = B_SPLINE_SURFACE_WITH_KNOTS ( 'NONE', 3, 1, ( 
 ( #3995, #1620 ),
 ( #2636, #959 ),
 ( #2670, #4310 ),
 ( #588, #4007 ),
 ( #3967, #3982 ),
 ( #2977, #943 ),
 ( #560, #291 ),
 ( #915, #3319 ),
 ( #613, #2986 ),
 ( #2322, #979 ),
 ( #1628, #3283 ) ),
 .UNSPECIFIED., .F., .F., .F.,
 ( 4, 1, 1, 1, 1, 1, 1, 1, 4 ),
 ( 2, 2 ),
 ( 0.0000000000000000000, 0.08246413849161172982, 0.1604774440685821091, 0.2397678028213421908, 0.3251574199396974341, 0.4343324409671356912, 0.5744030746012933619, 0.7599649288065634112, 1.000000000000000000 ),
 ( 0.0000000000000000000, 1.000000000000000000 ),
 .UNSPECIFIED. ) ;
#2569 = CARTESIAN_POINT ( 'NONE',  ( 1.221646227294415077, 1.099499999999945521, 1.341211743792765976 ) ) ;
#2570 = CARTESIAN_POINT ( 'NONE',  ( 1.277513140792359669, 1.099999999999999423, -0.9203219311761028365 ) ) ;
#2571 = CARTESIAN_POINT ( 'NONE',  ( 0.3913727004349613625, 1.100000000000000089, 0.7965038605482668288 ) ) ;
#2572 = B_SPLINE_CURVE_WITH_KNOTS ( 'NONE', 3,
 ( #2775, #1776, #4132, #2464 ),
 .UNSPECIFIED., .F., .F.,
 ( 4, 4 ),
 ( 0.0000000000000000000, 0.0004173143679024370403 ),
 .UNSPECIFIED. ) ;
#2573 = CARTESIAN_POINT ( 'NONE',  ( 1.859999999999999210, 1.050000000000000044, -1.197867965644032529 ) ) ;
#2574 = CARTESIAN_POINT ( 'NONE',  ( 0.4171317987766430258, 1.099000000000003974, 0.8029628596119289252 ) ) ;
#2575 =( NAMED_UNIT ( * ) PLANE_ANGLE_UNIT ( ) SI_UNIT ( $, .RADIAN. ) );
#2576 = CARTESIAN_POINT ( 'NONE',  ( 0.7750000000000001332, 0.2500000000000000000, -2.009999999999999787 ) ) ;
#2577 = DIRECTION ( 'NONE',  ( 0.0000000000000000000, 1.000000000000000000, 0.0000000000000000000 ) ) ;
#2578 = CARTESIAN_POINT ( 'NONE',  ( 1.239039992614731522, 1.099499999999945743, 0.6539318103391680292 ) ) ;
#2579 = EDGE_CURVE ( 'NONE', #1926, #1736, #3976, .T. ) ;
#2580 = CARTESIAN_POINT ( 'NONE',  ( 1.266964404940592814, 1.099000000000000199, -1.329321090029598196 ) ) ;
#2581 = ORIENTED_EDGE ( 'NONE', *, *, #1994, .T. ) ;
#2582 =( LENGTH_UNIT ( ) NAMED_UNIT ( * ) SI_UNIT ( .MILLI., .METRE. ) );
#2583 = AXIS2_PLACEMENT_3D ( 'NONE', #3354, #1355, #1692 ) ;
#2584 = CARTESIAN_POINT ( 'NONE',  ( 1.278827208874943500, 1.099999999999999423, -0.8847264881922133339 ) ) ;
#2585 = CARTESIAN_POINT ( 'NONE',  ( 0.4282978051147317000, 1.100000000000000089, 0.8033458728391679182 ) ) ;
#2586 = DIRECTION ( 'NONE',  ( 0.0000000000000000000, 1.000000000000000000, 0.0000000000000000000 ) ) ;
#2587 = PLANE ( 'NONE',  #2990 ) ;
#2588 = ORIENTED_EDGE ( 'NONE', *, *, #3058, .T. ) ;
#2589 = B_SPLINE_CURVE_WITH_KNOTS ( 'NONE', 3,
 ( #335, #3716, #1399, #4088, #696, #79, #2744, #1425, #2060, #2463, #1384 ),
 .UNSPECIFIED., .F., .F.,
 ( 4, 1, 1, 1, 1, 1, 1, 1, 4 ),
 ( 0.0000000000000000000, 8.152573046678970959E-06, 1.560446758378145575E-05, 2.265369305110678707E-05, 3.053496671793797565E-05, 3.956342181185604722E-05, 5.071274139239171806E-05, 6.398948291621874603E-05, 8.002440277391914818E-05 ),
 .UNSPECIFIED. ) ;
#2590 = PRESENTATION_LAYER_ASSIGNMENT (  '', '', ( #529 ) ) ;
#2591 = CARTESIAN_POINT ( 'NONE',  ( 2.009999999999999787, 0.2499999999999998335, -0.7750000000000004663 ) ) ;
#2592 = CARTESIAN_POINT ( 'NONE',  ( 0.4179284620432054398, 1.100000000000000311, -0.9015919728991658166 ) ) ;
#2593 = ORIENTED_EDGE ( 'NONE', *, *, #1401, .F. ) ;
#2594 = FILL_AREA_STYLE ('',( #1618 ) ) ;
#2595 = CARTESIAN_POINT ( 'NONE',  ( 1.244698779940592859, 1.100000000000000089, -1.447875777529598063 ) ) ;
#2596 = CARTESIAN_POINT ( 'NONE',  ( 0.4950837272944154654, 1.099000000000000199, 0.9509773687927658425 ) ) ;
#2597 = EDGE_LOOP ( 'NONE', ( #391, #3218, #2436 ) ) ;
#2598 = CARTESIAN_POINT ( 'NONE',  ( 0.5298712579350476348, 1.099000000000000199, -0.4235824981144300505 ) ) ;
#2599 = ORIENTED_EDGE ( 'NONE', *, *, #4002, .T. ) ;
#2600 = CARTESIAN_POINT ( 'NONE',  ( 1.214632061421541342, 1.100000000000001199, 1.285817255221114896 ) ) ;
#2601 = B_SPLINE_SURFACE_WITH_KNOTS ( 'NONE', 3, 1, ( 
 ( #107, #1201 ),
 ( #830, #1542 ),
 ( #2874, #3868 ),
 ( #4219, #2215 ),
 ( #3534, #3551 ),
 ( #172, #2549 ),
 ( #496, #848 ),
 ( #3205, #3883 ),
 ( #2864, #1522 ),
 ( #2206, #1207 ),
 ( #1529, #2237 ) ),
 .UNSPECIFIED., .F., .F., .F.,
 ( 4, 1, 1, 1, 1, 1, 1, 1, 4 ),
 ( 2, 2 ),
 ( 0.0000000000000000000, 0.1018760873443967929, 0.1949963641449018459, 0.2830848124553564937, 0.3815706916826842598, 0.4943919659560425672, 0.6337159620630071766, 0.7996246232164774259, 1.000000000000000000 ),
 ( 0.0000000000000000000, 1.000000000000000000 ),
 .UNSPECIFIED. ) ;
#2602 = ORIENTED_EDGE ( 'NONE', *, *, #87, .F. ) ;
#2603 = LINE ( 'NONE', #4224, #1691 ) ;
#2604 = CARTESIAN_POINT ( 'NONE',  ( 0.4275112799405929032, 1.099000000000000421, -1.407446090029598196 ) ) ;
#2605 = CARTESIAN_POINT ( 'NONE',  ( 1.242699684963595397, 1.099000000000000421, 0.02403195328901556668 ) ) ;
#2606 = B_SPLINE_CURVE_WITH_KNOTS ( 'NONE', 3,
 ( #134, #3159, #813, #2485 ),
 .UNSPECIFIED., .F., .F.,
 ( 4, 4 ),
 ( 0.0000000000000000000, 0.0006734374527628695511 ),
 .UNSPECIFIED. ) ;
#2607 = CARTESIAN_POINT ( 'NONE',  ( 1.256596449867177556, 1.099000000000000199, -0.04826703352790460977 ) ) ;
#2608 = B_SPLINE_CURVE_WITH_KNOTS ( 'NONE', 3,
 ( #2663, #4306, #936, #583, #2932, #3623, #1949, #3978, #1292, #953, #3636 ),
 .UNSPECIFIED., .F., .F.,
 ( 4, 1, 1, 1, 1, 1, 1, 1, 4 ),
 ( 0.0000000000000000000, 1.794718097890770180E-05, 3.221366066919791597E-05, 4.343612818514432507E-05, 5.227902963227759419E-05, 5.916965848378274800E-05, 6.482391668913177398E-05, 7.055828644071229284E-05, 7.695392297507132383E-05 ),
 .UNSPECIFIED. ) ;
#2609 = EDGE_LOOP ( 'NONE', ( #1483, #2953, #1545, #1653 ) ) ;
#2610 = DIRECTION ( 'NONE',  ( 1.000000000000000000, 0.0000000000000000000, -0.0000000000000000000 ) ) ;
#2611 = VECTOR ( 'NONE', #2650, 1000.000000000000000 ) ;
#2612 = EDGE_CURVE ( 'NONE', #957, #3998, #3284, .T. ) ;
#2613 = CARTESIAN_POINT ( 'NONE',  ( 1.259999999999997566, 1.050000000000000044, 2.009999999999999787 ) ) ;
#2614 = ORIENTED_EDGE ( 'NONE', *, *, #1285, .F. ) ;
#2615 = CARTESIAN_POINT ( 'NONE',  ( -2.010000000000000675, 0.2499999999999997780, 0.7750000000000002442 ) ) ;
#2616 = CARTESIAN_POINT ( 'NONE',  ( 0.4199882641362773783, 1.100000000000004086, -0.8618597926969954193 ) ) ;
#2617 = CARTESIAN_POINT ( 'NONE',  ( 0.5041570551954022150, 1.099999999999997424, -0.4339166840720112828 ) ) ;
#2618 = ORIENTED_EDGE ( 'NONE', *, *, #1560, .T. ) ;
#2619 = PRESENTATION_LAYER_ASSIGNMENT (  '', '', ( #4271 ) ) ;
#2620 = VECTOR ( 'NONE', #2132, 1000.000000000000000 ) ;
#2621 = CARTESIAN_POINT ( 'NONE',  ( 1.285683513976429548, 1.098999999999999977, -1.354583124521669069 ) ) ;
#2622 = LINE ( 'NONE', #3401, #798 ) ;
#2623 = MECHANICAL_DESIGN_GEOMETRIC_PRESENTATION_REPRESENTATION (  '', ( #1622 ), #1100 ) ;
#2624 = CARTESIAN_POINT ( 'NONE',  ( 0.5124774926147315224, 1.098999999999986210, 0.2636974353391679515 ) ) ;
#2625 = CARTESIAN_POINT ( 'NONE',  ( 0.4616146471128156348, 1.099999999999999867, -1.459672267657536882 ) ) ;
#2626 = PLANE ( 'NONE',  #3748 ) ;
#2627 = DIRECTION ( 'NONE',  ( -0.8723695746537436513, 0.0000000000000000000, 0.4888469343449404203 ) ) ;
#2628 = CARTESIAN_POINT ( 'NONE',  ( 0.4954073517662157533, 1.099000000000000421, -0.4359560638656428955 ) ) ;
#2629 = EDGE_CURVE ( 'NONE', #2787, #549, #2261, .T. ) ;
#2630 = CARTESIAN_POINT ( 'NONE',  ( 1.256192820433418733, 1.099000000000000199, -0.02670213870560308664 ) ) ;
#2631 = DIRECTION ( 'NONE',  ( 0.7071067811865489050, 0.0000000000000000000, -0.7071067811865462405 ) ) ;
#2632 = ORIENTED_EDGE ( 'NONE', *, *, #3427, .F. ) ;
#2633 = DIRECTION ( 'NONE',  ( 1.000000000000000000, 0.0000000000000000000, -0.0000000000000000000 ) ) ;
#2634 = DIRECTION ( 'NONE',  ( 4.336808689942018722E-16, -1.000000000000000000, -0.0000000000000000000 ) ) ;
#2635 = CARTESIAN_POINT ( 'NONE',  ( 0.4235877988662916094, 1.100000000000003642, -0.8534249519555185959 ) ) ;
#2636 = CARTESIAN_POINT ( 'NONE',  ( 0.4450277330202477288, 1.099000000000000199, -1.344101270810187376 ) ) ;
#2637 = EDGE_CURVE ( 'NONE', #2375, #3835, #2196, .T. ) ;
#2638 = SURFACE_STYLE_FILL_AREA ( #677 ) ;
#2639 = ORIENTED_EDGE ( 'NONE', *, *, #342, .F. ) ;
#2640 = VECTOR ( 'NONE', #3419, 1000.000000000000227 ) ;
#2641 = B_SPLINE_SURFACE_WITH_KNOTS ( 'NONE', 3, 1, ( 
 ( #2432, #2722 ),
 ( #729, #3034 ),
 ( #3382, #2077 ),
 ( #3714, #1025 ),
 ( #2756, #1707 ),
 ( #4, #4078 ),
 ( #711, #2392 ),
 ( #343, #2058 ),
 ( #15, #1440 ),
 ( #3135, #3108 ),
 ( #3762, #4137 ) ),
 .UNSPECIFIED., .F., .F., .F.,
 ( 4, 1, 1, 1, 1, 1, 1, 1, 4 ),
 ( 2, 2 ),
 ( 0.0000000000000000000, 0.2427798894104207517, 0.4270812797719610865, 0.5620045124085565336, 0.6619942185371299193, 0.7362647077122101980, 0.8085686940455034666, 0.8944825010737388338, 1.000000000000000000 ),
 ( 0.0000000000000000000, 1.000000000000000000 ),
 .UNSPECIFIED. ) ;
#2642 = AXIS2_PLACEMENT_3D ( 'NONE', #4283, #1536, #531 ) ;
#2643 = VERTEX_POINT ( 'NONE', #1935 ) ;
#2644 = ORIENTED_EDGE ( 'NONE', *, *, #383, .T. ) ;
#2645 = UNCERTAINTY_MEASURE_WITH_UNIT (LENGTH_MEASURE( 1.000000000000000082E-05 ), #2471, 'distance_accuracy_value', 'NONE');
#2646 = ORIENTED_EDGE ( 'NONE', *, *, #3550, .T. ) ;
#2647 = CARTESIAN_POINT ( 'NONE',  ( -0.7750000000000001332, 0.0000000000000000000, 2.009999999999999787 ) ) ;
#2648 = PRESENTATION_LAYER_ASSIGNMENT (  '', '', ( #4074 ) ) ;
#2649 =( NAMED_UNIT ( * ) SI_UNIT ( $, .STERADIAN. ) SOLID_ANGLE_UNIT ( ) );
#2650 = DIRECTION ( 'NONE',  ( -4.336808689942013299E-16, -1.000000000000000000, 4.336808689942028583E-16 ) ) ;
#2651 = B_SPLINE_SURFACE_WITH_KNOTS ( 'NONE', 3, 1, ( 
 ( #3007, #1009 ),
 ( #1674, #2028 ),
 ( #646, #619 ),
 ( #2992, #982 ) ),
 .UNSPECIFIED., .F., .F., .F.,
 ( 4, 4 ),
 ( 2, 2 ),
 ( 0.5454545454545455252, 0.6363636363636364646 ),
 ( 0.0000000000000000000, 1.000000000000000000 ),
 .UNSPECIFIED. ) ;
#2652 = VERTEX_POINT ( 'NONE', #228 ) ;
#2653 =( NAMED_UNIT ( * ) SI_UNIT ( $, .STERADIAN. ) SOLID_ANGLE_UNIT ( ) );
#2654 = ORIENTED_EDGE ( 'NONE', *, *, #1434, .T. ) ;
#2655 = DIRECTION ( 'NONE',  ( 0.0000000000000000000, 1.000000000000000000, 4.336808689942020694E-16 ) ) ;
#2656 = CARTESIAN_POINT ( 'NONE',  ( 0.4594316179899413655, 1.099000000000000199, -0.4403032052728049206 ) ) ;
#2657 = ORIENTED_EDGE ( 'NONE', *, *, #804, .F. ) ;
#2658 = EDGE_LOOP ( 'NONE', ( #2356, #2900 ) ) ;
#2659 = DIRECTION ( 'NONE',  ( 0.0000000000000000000, 1.000000000000000000, 0.0000000000000000000 ) ) ;
#2660 = LINE ( 'NONE', #1709, #270 ) ;
#2661 = CARTESIAN_POINT ( 'NONE',  ( -1.775000000000004352, 0.2499999999999998890, -0.7749999999999995781 ) ) ;
#2662 = ORIENTED_EDGE ( 'NONE', *, *, #1998, .F. ) ;
#2663 = CARTESIAN_POINT ( 'NONE',  ( 0.4179409674405927810, 1.098999999999895616, -0.9084226525295984178 ) ) ;
#2664 = EDGE_CURVE ( 'NONE', #985, #1660, #739, .T. ) ;
#2665 = LINE ( 'NONE', #3099, #2352 ) ;
#2666 = CARTESIAN_POINT ( 'NONE',  ( 0.4324987943626281139, 1.100000000000003642, -0.4389404135336982815 ) ) ;
#2667 = CARTESIAN_POINT ( 'NONE',  ( 0.4275112799405929032, 1.099500000000067645, -1.407446090029598196 ) ) ;
#2668 = B_SPLINE_SURFACE_WITH_KNOTS ( 'NONE', 3, 1, ( 
 ( #4360, #1360 ),
 ( #2699, #981 ),
 ( #1006, #337 ),
 ( #4037, #1351 ) ),
 .UNSPECIFIED., .F., .F., .F.,
 ( 4, 4 ),
 ( 2, 2 ),
 ( 0.09090909090909091161, 0.1818181818181818232 ),
 ( 0.0000000000000000000, 1.000000000000000000 ),
 .UNSPECIFIED. ) ;
#2669 = FILL_AREA_STYLE_COLOUR ( '', #474 ) ;
#2670 = CARTESIAN_POINT ( 'NONE',  ( 0.4418670505311990682, 1.099000000000000199, -1.346258063837661112 ) ) ;
#2671 = LINE ( 'NONE', #1313, #2724 ) ;
#2672 = VECTOR ( 'NONE', #310, 999.9999999999998863 ) ;
#2673 = CARTESIAN_POINT ( 'NONE',  ( 0.4954073517662157533, 1.099000000000000199, -0.4359560638656428400 ) ) ;
#2674 = LINE ( 'NONE', #3431, #2453 ) ;
#2675 = CARTESIAN_POINT ( 'NONE',  ( 1.268758322728069876, 1.099999999999993427, -1.330168778970889809 ) ) ;
#2676 = MECHANICAL_DESIGN_GEOMETRIC_PRESENTATION_REPRESENTATION (  '', ( #909 ), #2752 ) ;
#2677 = FILL_AREA_STYLE ('',( #664 ) ) ;
#2678 = CARTESIAN_POINT ( 'NONE',  ( 1.237222884201608419, 1.098999999999998867, -0.8323617905389003591 ) ) ;
#2679 = SURFACE_SIDE_STYLE ('',( #42 ) ) ;
#2680 = ORIENTED_EDGE ( 'NONE', *, *, #1147, .F. ) ;
#2681 = CARTESIAN_POINT ( 'NONE',  ( 0.4433081266244827678, 1.099000000000007082, -0.4402647275897962342 ) ) ;
#2682 = EDGE_CURVE ( 'NONE', #2292, #3835, #282, .T. ) ;
#2683 = VERTEX_POINT ( 'NONE', #268 ) ;
#2684 = CARTESIAN_POINT ( 'NONE',  ( 1.287769158493794697, 1.099000000000003974, -1.432179803687375408 ) ) ;
#2685 = B_SPLINE_SURFACE_WITH_KNOTS ( 'NONE', 3, 1, ( 
 ( #1543, #831 ),
 ( #534, #2216 ),
 ( #497, #3536 ),
 ( #175, #3162 ),
 ( #481, #1507 ),
 ( #3227, #2875 ),
 ( #3188, #3858 ),
 ( #2231, #3838 ),
 ( #1562, #4220 ),
 ( #1188, #135 ),
 ( #4199, #1835 ) ),
 .UNSPECIFIED., .F., .F., .F.,
 ( 4, 1, 1, 1, 1, 1, 1, 1, 4 ),
 ( 2, 2 ),
 ( 0.0000000000000000000, 0.2427798894104197525, 0.4270812797719604759, 0.5620045124085556454, 0.6619942185371295862, 0.7362647077122098649, 0.8085686940455032445, 0.8944825010737386117, 0.9999999999999998890 ),
 ( 0.0000000000000000000, 1.000000000000000000 ),
 .UNSPECIFIED. ) ;
#2686 = CARTESIAN_POINT ( 'NONE',  ( 1.288448779940592814, 1.099499999999991040, -1.397485152529598817 ) ) ;
#2687 = EDGE_CURVE ( 'NONE', #2652, #3262, #109, .T. ) ;
#2688 = ORIENTED_EDGE ( 'NONE', *, *, #1804, .F. ) ;
#2689 = DIRECTION ( 'NONE',  ( 0.0000000000000000000, 1.000000000000000000, 4.336808689942020694E-16 ) ) ;
#2690 = LINE ( 'NONE', #3498, #1777 ) ;
#2691 = CARTESIAN_POINT ( 'NONE',  ( 0.4167157753394540309, 1.100000000000003197, -0.4338357638563909435 ) ) ;
#2692 =( NAMED_UNIT ( * ) SI_UNIT ( $, .STERADIAN. ) SOLID_ANGLE_UNIT ( ) );
#2693 = ORIENTED_EDGE ( 'NONE', *, *, #1401, .T. ) ;
#2694 = CARTESIAN_POINT ( 'NONE',  ( 0.3977112637219958335, 1.099999999999997202, 0.9356194533734976115 ) ) ;
#2695 = CARTESIAN_POINT ( 'NONE',  ( 1.216868957896007908, 1.099000000000000421, 1.386132331016935115 ) ) ;
#2696 = EDGE_CURVE ( 'NONE', #3898, #952, #3662, .T. ) ;
#2697 = LINE ( 'NONE', #1822, #1465 ) ;
#2698 = EDGE_LOOP ( 'NONE', ( #815, #3044, #655, #767 ) ) ;
#2699 = CARTESIAN_POINT ( 'NONE',  ( -0.7173263950662560617, 1.099000000000000199, 0.6850014971536929620 ) ) ;
#2700 = B_SPLINE_SURFACE_WITH_KNOTS ( 'NONE', 3, 1, ( 
 ( #150, #3465 ),
 ( #1103, #1782 ),
 ( #1800, #1455 ),
 ( #3807, #2145 ),
 ( #4234, #990 ),
 ( #855, #3648 ),
 ( #3386, #844 ),
 ( #2887, #2122 ),
 ( #2813, #482 ),
 ( #3499, #3537 ),
 ( #1153, #437 ) ),
 .UNSPECIFIED., .F., .F., .F.,
 ( 4, 1, 1, 1, 1, 1, 1, 1, 4 ),
 ( 2, 2 ),
 ( 0.0000000000000000000, 0.1236068938263152617, 0.2322503210105519023, 0.3323442578780407830, 0.4255126411585591351, 0.5331790718045247290, 0.6573545666612784499, 0.8124698955084863616, 1.000000000000000000 ),
 ( 0.0000000000000000000, 1.000000000000000000 ),
 .UNSPECIFIED. ) ;
#2701 = ORIENTED_EDGE ( 'NONE', *, *, #4316, .T. ) ;
#2702 =( GEOMETRIC_REPRESENTATION_CONTEXT ( 3 ) GLOBAL_UNCERTAINTY_ASSIGNED_CONTEXT ( ( #128 ) ) GLOBAL_UNIT_ASSIGNED_CONTEXT ( ( #694, #3050, #3725 ) ) REPRESENTATION_CONTEXT ( 'NONE', 'WORKASPACE' ) );
#2703 = ORIENTED_EDGE ( 'NONE', *, *, #3970, .T. ) ;
#2704 = CARTESIAN_POINT ( 'NONE',  ( 1.277513140792359669, 1.099999999999994760, -0.9203219311761028365 ) ) ;
#2705 = ORIENTED_EDGE ( 'NONE', *, *, #1667, .T. ) ;
#2706 = SURFACE_STYLE_USAGE ( .BOTH. , #2015 ) ;
#2707 = VECTOR ( 'NONE', #3172, 1000.000000000000000 ) ;
#2708 = PRESENTATION_LAYER_ASSIGNMENT (  '', '', ( #2346 ) ) ;
#2709 = CARTESIAN_POINT ( 'NONE',  ( 0.4456915704350478125, 1.100000000000000089, 0.1160659393855699301 ) ) ;
#2710 = CARTESIAN_POINT ( 'NONE',  ( 1.232980029940592859, 1.099000000000000199, -0.8347898400295982180 ) ) ;
#2711 =( NAMED_UNIT ( * ) PLANE_ANGLE_UNIT ( ) SI_UNIT ( $, .RADIAN. ) );
#2712 = ORIENTED_EDGE ( 'NONE', *, *, #3508, .T. ) ;
#2713 = FACE_OUTER_BOUND ( 'NONE', #821, .T. ) ;
#2714 = ORIENTED_EDGE ( 'NONE', *, *, #678, .F. ) ;
#2715 = LINE ( 'NONE', #2547, #1805 ) ;
#2716 = CARTESIAN_POINT ( 'NONE',  ( -0.6144117493969668553, 1.099000000000000199, 0.03437472550014940981 ) ) ;
#2717 = VERTEX_POINT ( 'NONE', #899 ) ;
#2718 = CARTESIAN_POINT ( 'NONE',  ( -0.4409824580583844300, 1.100000000000000089, -0.1365525185943403941 ) ) ;
#2719 = VECTOR ( 'NONE', #1473, 1000.000000000000114 ) ;
#2720 = CARTESIAN_POINT ( 'NONE',  ( -0.9057358438851574878, 1.099499999999999922, -0.4946457469407953833 ) ) ;
#2721 = EDGE_CURVE ( 'NONE', #719, #1960, #971, .T. ) ;
#2722 = CARTESIAN_POINT ( 'NONE',  ( 1.239039992614731744, 1.100000000000000089, 0.6539318103391680292 ) ) ;
#2723 = CARTESIAN_POINT ( 'NONE',  ( 0.4494042613191924218, 1.098999999999999977, 0.1160615979034863715 ) ) ;
#2724 = VECTOR ( 'NONE', #3756, 1000.000000000000000 ) ;
#2725 = CARTESIAN_POINT ( 'NONE',  ( 0.5041570551954022150, 1.099999999999999867, -0.4339166840720112828 ) ) ;
#2726 =( GEOMETRIC_REPRESENTATION_CONTEXT ( 3 ) GLOBAL_UNCERTAINTY_ASSIGNED_CONTEXT ( ( #1713 ) ) GLOBAL_UNIT_ASSIGNED_CONTEXT ( ( #3404, #1744, #2439 ) ) REPRESENTATION_CONTEXT ( 'NONE', 'WORKASPACE' ) );
#2727 = CARTESIAN_POINT ( 'NONE',  ( 1.204274367614731833, 1.100000000000000089, 0.7066661853391680292 ) ) ;
#2728 = DIRECTION ( 'NONE',  ( -1.000000000000000000, 2.519732554954240220E-13, 0.0000000000000000000 ) ) ;
#2729 = CARTESIAN_POINT ( 'NONE',  ( -1.505269072231613992, 1.100000000000000089, -0.4055452744998473968 ) ) ;
#2730 = PLANE ( 'NONE',  #2010 ) ;
#2731 = CARTESIAN_POINT ( 'NONE',  ( -1.775000000000003686, 0.2499999999999998890, 0.7750000000000002442 ) ) ;
#2732 = CARTESIAN_POINT ( 'NONE',  ( 1.259542529940592681, 1.099000000000000199, -0.9476804650295981292 ) ) ;
#2733 = CARTESIAN_POINT ( 'NONE',  ( -0.9239550564835787849, 1.098999999999998867, 0.4629693711694405356 ) ) ;
#2734 = ORIENTED_EDGE ( 'NONE', *, *, #2427, .T. ) ;
#2735 = CARTESIAN_POINT ( 'NONE',  ( 1.225305919643279395, 1.099999999999996314, 0.7113118867426136971 ) ) ;
#2736 = CARTESIAN_POINT ( 'NONE',  ( 0.4207640015640028430, 1.099999999999999867, -0.9510342776544440380 ) ) ;
#2737 = LINE ( 'NONE', #565, #1361 ) ;
#2738 = VERTEX_POINT ( 'NONE', #2969 ) ;
#2739 = CARTESIAN_POINT ( 'NONE',  ( 1.232980029940592859, 1.098999999999777710, -0.8347898400295982180 ) ) ;
#2740 = EDGE_CURVE ( 'NONE', #3298, #157, #1229, .T. ) ;
#2741 = VECTOR ( 'NONE', #2460, 1000.000000000000114 ) ;
#2742 = CARTESIAN_POINT ( 'NONE',  ( 1.186880602294415388, 1.098999999999895172, 1.393946118792765754 ) ) ;
#2743 = SURFACE_STYLE_USAGE ( .BOTH. , #1716 ) ;
#2744 = CARTESIAN_POINT ( 'NONE',  ( 1.255112992891791679, 1.099000000000000199, -0.07255808021625563542 ) ) ;
#2745 = CARTESIAN_POINT ( 'NONE',  ( 1.189526592139774186, 1.100000000000000311, 1.395092700311159506 ) ) ;
#2746 = ORIENTED_EDGE ( 'NONE', *, *, #1766, .T. ) ;
#2747 = PRESENTATION_LAYER_ASSIGNMENT (  '', '', ( #2312 ) ) ;
#2748 = VERTEX_POINT ( 'NONE', #3700 ) ;
#2749 = VERTEX_POINT ( 'NONE', #292 ) ;
#2750 = ORIENTED_EDGE ( 'NONE', *, *, #1804, .T. ) ;
#2751 = CARTESIAN_POINT ( 'NONE',  ( 0.4180991331147685397, 1.100000000000000089, -0.9144136152448046895 ) ) ;
#2752 =( GEOMETRIC_REPRESENTATION_CONTEXT ( 3 ) GLOBAL_UNCERTAINTY_ASSIGNED_CONTEXT ( ( #2828 ) ) GLOBAL_UNIT_ASSIGNED_CONTEXT ( ( #2114, #4124, #2455 ) ) REPRESENTATION_CONTEXT ( 'NONE', 'WORKASPACE' ) );
#2753 = ORIENTED_EDGE ( 'NONE', *, *, #1546, .T. ) ;
#2754 = CARTESIAN_POINT ( 'NONE',  ( 1.237222884201608419, 1.099000000000000199, -0.8323617905389003591 ) ) ;
#2755 = CARTESIAN_POINT ( 'NONE',  ( 0.4576608047253808431, 1.099000000000000421, 0.8006735414465170342 ) ) ;
#2756 = CARTESIAN_POINT ( 'NONE',  ( 1.234262723216323021, 1.098999999999999977, 0.6988523975633367247 ) ) ;
#2757 = CARTESIAN_POINT ( 'NONE',  ( 1.238551775422630730, 1.100000000000002087, 0.6257291608372792524 ) ) ;
#2758 = VERTEX_POINT ( 'NONE', #3985 ) ;
#2759 = DIRECTION ( 'NONE',  ( 0.0000000000000000000, -0.0000000000000000000, 1.000000000000000000 ) ) ;
#2760 = CARTESIAN_POINT ( 'NONE',  ( 0.3620759147944154765, 1.099499999999999478, 1.464844556292765665 ) ) ;
#2761 = EDGE_CURVE ( 'NONE', #730, #2252, #4305, .T. ) ;
#2762 = COLOUR_RGB ( '',0.1882352941176470562, 0.2039215686274509776, 0.2039215686274509776 ) ;
#2763 = LINE ( 'NONE', #3834, #3604 ) ;
#2764 = FACE_OUTER_BOUND ( 'NONE', #3303, .T. ) ;
#2765 = CARTESIAN_POINT ( 'NONE',  ( 1.238799055113102510, 1.099999999999996314, 0.6605777947479949397 ) ) ;
#2766 = COLOUR_RGB ( '',0.1882352941176470562, 0.2039215686274509776, 0.2039215686274509776 ) ;
#2767 = CARTESIAN_POINT ( 'NONE',  ( -2.010000000000000231, 1.050000000000000044, -2.009999999999999787 ) ) ;
#2768 = EDGE_CURVE ( 'NONE', #1120, #2417, #2769, .T. ) ;
#2769 = LINE ( 'NONE', #1648, #1872 ) ;
#2770 = CARTESIAN_POINT ( 'NONE',  ( 0.4324987943626281139, 1.100000000000000311, -0.4389404135336982815 ) ) ;
#2771 = EDGE_CURVE ( 'NONE', #3538, #616, #466, .T. ) ;
#2772 = PRESENTATION_STYLE_ASSIGNMENT (( #36 ) ) ;
#2773 = DIRECTION ( 'NONE',  ( -0.9052872276365776516, 0.0000000000000000000, -0.4247999946775884439 ) ) ;
#2774 = CARTESIAN_POINT ( 'NONE',  ( 0.4867632898750862136, 1.099999999999999867, 0.2533632493815867193 ) ) ;
#2775 = CARTESIAN_POINT ( 'NONE',  ( -1.505269072231613992, 1.100000000000000089, -0.4055452744998473968 ) ) ;
#2776 = MECHANICAL_DESIGN_GEOMETRIC_PRESENTATION_REPRESENTATION (  '', ( #518 ), #2094 ) ;
#2777 = CARTESIAN_POINT ( 'NONE',  ( -0.7750000000000001332, 0.0000000000000000000, -2.009999999999999787 ) ) ;
#2778 = CARTESIAN_POINT ( 'NONE',  ( 0.4332825015473615871, 1.099000000000135202, -1.353920320481036610 ) ) ;
#2779 = DIRECTION ( 'NONE',  ( -0.7071067811865483499, 0.0000000000000000000, 0.7071067811865465735 ) ) ;
#2780 = AXIS2_PLACEMENT_3D ( 'NONE', #4080, #3395, #4099 ) ;
#2781 = CARTESIAN_POINT ( 'NONE',  ( -1.757921040735550333, 1.100000000000000089, -0.1967603926100836564 ) ) ;
#2782 = CARTESIAN_POINT ( 'NONE',  ( 0.3896076822790676686, 1.100000000000001865, 1.489007129882474745 ) ) ;
#2783 = ORIENTED_EDGE ( 'NONE', *, *, #3518, .F. ) ;
#2784 = CARTESIAN_POINT ( 'NONE',  ( 0.4780135864458996964, 1.099000000000000421, 0.2513238695879550511 ) ) ;
#2785 = CARTESIAN_POINT ( 'NONE',  ( 0.4864637257267224180, 1.100000000000000311, 0.9470147752932557284 ) ) ;
#2786 = FACE_OUTER_BOUND ( 'NONE', #1971, .T. ) ;
#2787 = VERTEX_POINT ( 'NONE', #1341 ) ;
#2788 = CARTESIAN_POINT ( 'NONE',  ( -1.293413599470953912, 1.100000000000000089, 1.353745634738269477 ) ) ;
#2789 = CARTESIAN_POINT ( 'NONE',  ( 0.4382587426147316889, 1.099499999999997923, 0.2469005603391679626 ) ) ;
#2790 = CARTESIAN_POINT ( 'NONE',  ( -0.6144117493969669663, 1.099499999999999922, 0.03437472550014940981 ) ) ;
#2791 = ORIENTED_EDGE ( 'NONE', *, *, #620, .T. ) ;
#2792 = CARTESIAN_POINT ( 'NONE',  ( 0.4883313302524090460, 1.099999999999997202, 0.1074201081426413157 ) ) ;
#2793 = EDGE_CURVE ( 'NONE', #345, #3298, #1623, .T. ) ;
#2794 = CARTESIAN_POINT ( 'NONE',  ( 0.4786761986085023013, 1.099000000000000421, 0.7813013170742892921 ) ) ;
#2795 = VERTEX_POINT ( 'NONE', #2989 ) ;
#2796 = ORIENTED_EDGE ( 'NONE', *, *, #3983, .F. ) ;
#2797 = CARTESIAN_POINT ( 'NONE',  ( 1.274378195818535175, 1.098999999999998645, -0.8348012533504806099 ) ) ;
#2798 = CARTESIAN_POINT ( 'NONE',  ( 0.4208649772944155210, 1.099499999999997701, 0.9341804937927656871 ) ) ;
#2799 = CARTESIAN_POINT ( 'NONE',  ( 0.4282978051147317000, 1.099999999999999867, 0.8033458728391679182 ) ) ;
#2800 = CARTESIAN_POINT ( 'NONE',  ( 0.5298712579350476348, 1.098999999999986210, -0.4235824981144300505 ) ) ;
#2801 = ORIENTED_EDGE ( 'NONE', *, *, #3482, .F. ) ;
#2802 = CARTESIAN_POINT ( 'NONE',  ( 1.186880602294415388, 1.100000000000000089, 1.393946118792765754 ) ) ;
#2803 = EDGE_LOOP ( 'NONE', ( #994, #4322, #611 ) ) ;
#2804 = DIRECTION ( 'NONE',  ( 0.9998221880029836139, -0.0000000000000000000, 0.01885715718041001618 ) ) ;
#2805 = CARTESIAN_POINT ( 'NONE',  ( 0.4349869646416301139, 1.099000000000000421, -0.9740777554782827918 ) ) ;
#2806 =( GEOMETRIC_REPRESENTATION_CONTEXT ( 3 ) GLOBAL_UNCERTAINTY_ASSIGNED_CONTEXT ( ( #4193 ) ) GLOBAL_UNIT_ASSIGNED_CONTEXT ( ( #3241, #1242, #2326 ) ) REPRESENTATION_CONTEXT ( 'NONE', 'WORKASPACE' ) );
#2807 = VERTEX_POINT ( 'NONE', #3004 ) ;
#2808 = ADVANCED_FACE ( 'NONE', ( #916 ), #2668, .F. ) ;
#2809 = CARTESIAN_POINT ( 'NONE',  ( 1.283379587518902021, 1.099000000000000421, -1.346231262517279648 ) ) ;
#2810 = VECTOR ( 'NONE', #2475, 1000.000000000000000 ) ;
#2811 = DIRECTION ( 'NONE',  ( 0.0000000000000000000, 0.0000000000000000000, -1.000000000000000000 ) ) ;
#2812 = PRESENTATION_STYLE_ASSIGNMENT (( #149 ) ) ;
#2813 = CARTESIAN_POINT ( 'NONE',  ( 0.4085205959838505430, 1.099000000000000199, 0.9342951393173994923 ) ) ;
#2814 = EDGE_LOOP ( 'NONE', ( #2130, #3651, #4320, #2988, #3732, #2109 ) ) ;
#2815 = DIRECTION ( 'NONE',  ( 0.0000000000000000000, 1.000000000000000000, 0.0000000000000000000 ) ) ;
#2816 = FILL_AREA_STYLE_COLOUR ( '', #1345 ) ;
#2817 = CARTESIAN_POINT ( 'NONE',  ( 0.4456915704350478680, 1.100000000000000089, 0.1160659393855699439 ) ) ;
#2818 = FACE_OUTER_BOUND ( 'NONE', #2169, .T. ) ;
#2819 = ADVANCED_FACE ( 'NONE', ( #2972 ), #1200, .F. ) ;
#2820 = FACE_OUTER_BOUND ( 'NONE', #1595, .T. ) ;
#2821 = PLANE ( 'NONE',  #1602 ) ;
#2822 = CARTESIAN_POINT ( 'NONE',  ( 0.4381488432805755728, 1.099000000000000199, -0.9766157342439190092 ) ) ;
#2823 = EDGE_CURVE ( 'NONE', #444, #1373, #2671, .T. ) ;
#2824 = CARTESIAN_POINT ( 'NONE',  ( -1.775000000000004130, 0.2499999999999997780, -0.7749999999999998002 ) ) ;
#2825 = CARTESIAN_POINT ( 'NONE',  ( 1.288023498585127768, 1.099000000000000199, -1.380219307831618059 ) ) ;
#2826 = CARTESIAN_POINT ( 'NONE',  ( 0.3739789351146451946, 1.098999999999999977, 1.483783794001864331 ) ) ;
#2827 = CARTESIAN_POINT ( 'NONE',  ( 0.4614899772944155432, 1.099000000000000199, 1.466602368792765843 ) ) ;
#2828 = UNCERTAINTY_MEASURE_WITH_UNIT (LENGTH_MEASURE( 1.000000000000000082E-05 ), #2114, 'distance_accuracy_value', 'NONE');
#2829 = CARTESIAN_POINT ( 'NONE',  ( 0.4606198211255835284, 1.100000000000000755, 0.9386038030415531086 ) ) ;
#2830 = CARTESIAN_POINT ( 'NONE',  ( 0.4243952129196996714, 1.098999999999999977, 0.1144472629752781717 ) ) ;
#2831 = ADVANCED_FACE ( 'NONE', ( #1302 ), #1032, .F. ) ;
#2832 = AXIS2_PLACEMENT_3D ( 'NONE', #3368, #1411, #3091 ) ;
#2833 = CARTESIAN_POINT ( 'NONE',  ( 0.3894322519161951268, 1.100000000000000977, 0.2722288083991814545 ) ) ;
#2834 = CARTESIAN_POINT ( 'NONE',  ( 0.3621798918612417206, 1.100000000000000089, 1.466679791529564847 ) ) ;
#2835 = VECTOR ( 'NONE', #904, 1000.000000000000000 ) ;
#2836 = VERTEX_POINT ( 'NONE', #2387 ) ;
#2837 = CARTESIAN_POINT ( 'NONE',  ( -1.239662773019015063, 1.099000000000000199, -0.3970243296179595260 ) ) ;
#2838 = EDGE_CURVE ( 'NONE', #2758, #834, #2622, .T. ) ;
#2839 = ADVANCED_FACE ( 'NONE', ( #3430 ), #1403, .T. ) ;
#2840 = CARTESIAN_POINT ( 'NONE',  ( 0.4417831342536244765, 1.099000000000000421, 0.1159318733005276075 ) ) ;
#2841 = VERTEX_POINT ( 'NONE', #2979 ) ;
#2842 = CARTESIAN_POINT ( 'NONE',  ( -0.9239550564835787849, 1.100000000000001865, 0.4629693711694404801 ) ) ;
#2843 = ORIENTED_EDGE ( 'NONE', *, *, #1066, .F. ) ;
#2844 = CARTESIAN_POINT ( 'NONE',  ( 0.4398159674405927588, 1.099000000000000199, -0.9779539025295983512 ) ) ;
#2845 = EDGE_LOOP ( 'NONE', ( #4057, #945, #2329, #377, #3109, #3153, #1407, #1223 ) ) ;
#2846 = ORIENTED_EDGE ( 'NONE', *, *, #3190, .F. ) ;
#2847 = COLOUR_RGB ( '',0.8274509803921568096, 0.8392156862745098200, 0.8274509803921568096 ) ;
#2848 = CARTESIAN_POINT ( 'NONE',  ( -1.209744032861531648, 1.099500000000000144, 0.3468282688072377717 ) ) ;
#2849 = EDGE_CURVE ( 'NONE', #2795, #142, #1933, .T. ) ;
#2850 = CARTESIAN_POINT ( 'NONE',  ( 0.4535437996117769321, 1.100000000000000533, 1.481979975049837028 ) ) ;
#2851 = CARTESIAN_POINT ( 'NONE',  ( -1.383248914751299186, 1.099000000000000199, -0.4293808650510304581 ) ) ;
#2852 = VERTEX_POINT ( 'NONE', #23 ) ;
#2853 = CARTESIAN_POINT ( 'NONE',  ( -2.010000000000000231, 0.2500000000000000000, -2.009999999999999787 ) ) ;
#2854 = PLANE ( 'NONE',  #2069 ) ;
#2855 = MECHANICAL_DESIGN_GEOMETRIC_PRESENTATION_REPRESENTATION (  '', ( #3828 ), #2125 ) ;
#2856 = DIRECTION ( 'NONE',  ( 3.491809146482163278E-13, 1.000000000000000000, 7.581733326769194682E-13 ) ) ;
#2857 = ORIENTED_EDGE ( 'NONE', *, *, #3820, .F. ) ;
#2858 = ADVANCED_FACE ( 'NONE', ( #4301 ), #2423, .F. ) ;
#2859 = FILL_AREA_STYLE ('',( #2546 ) ) ;
#2860 = CARTESIAN_POINT ( 'NONE',  ( 0.4466519049405928143, 1.099000000000000199, -1.342992965029598196 ) ) ;
#2861 = VECTOR ( 'NONE', #236, 999.9999999999998863 ) ;
#2862 = AXIS2_PLACEMENT_3D ( 'NONE', #3713, #1714, #325 ) ;
#2863 = CIRCLE ( 'NONE', #2340, 0.2266464119299103630 ) ;
#2864 = CARTESIAN_POINT ( 'NONE',  ( 1.239202684546861777, 1.099000000000000421, 0.6390128999256934339 ) ) ;
#2865 = CARTESIAN_POINT ( 'NONE',  ( -1.124982458058385593, 1.100000000000000089, -0.2805714162321333860 ) ) ;
#2866 = CARTESIAN_POINT ( 'NONE',  ( 1.275438687202308241, 1.098999999999999533, -0.9286723561753827960 ) ) ;
#2867 = CARTESIAN_POINT ( 'NONE',  ( 0.3857985065054569951, 1.100000000000000089, 0.7928117199264097525 ) ) ;
#2868 = CARTESIAN_POINT ( 'NONE',  ( 1.256491287125163003, 1.099999999999999867, -0.03862357114836765387 ) ) ;
#2869 = DIRECTION ( 'NONE',  ( 0.8522411767943786076, 0.0000000000000000000, 0.5231490959335900470 ) ) ;
#2870 =( NAMED_UNIT ( * ) SI_UNIT ( $, .STERADIAN. ) SOLID_ANGLE_UNIT ( ) );
#2871 = SURFACE_SIDE_STYLE ('',( #4293 ) ) ;
#2872 = CARTESIAN_POINT ( 'NONE',  ( 0.4398159674405927588, 1.100000000000000089, -0.9779539025295983512 ) ) ;
#2873 = EDGE_CURVE ( 'NONE', #4339, #2852, #2919, .T. ) ;
#2874 = CARTESIAN_POINT ( 'NONE',  ( 1.221615082109632544, 1.098999999999999755, 0.5879362724383965233 ) ) ;
#2875 = CARTESIAN_POINT ( 'NONE',  ( 1.247876298586870991, 1.100000000000000089, 0.01925732607943913058 ) ) ;
#2876 = CARTESIAN_POINT ( 'NONE',  ( -0.9057358438851574878, 1.099000000000000199, -0.4946457469407954943 ) ) ;
#2877 = AXIS2_PLACEMENT_3D ( 'NONE', #3493, #3801, #3504 ) ;
#2878 = ADVANCED_FACE ( 'NONE', ( #4384 ), #1218, .T. ) ;
#2879 = CARTESIAN_POINT ( 'NONE',  ( 0.5124774926147315224, 1.100000000000000089, 0.2636974353391679515 ) ) ;
#2880 = EDGE_LOOP ( 'NONE', ( #1383, #2520, #3698, #3526 ) ) ;
#2881 = CARTESIAN_POINT ( 'NONE',  ( 0.8452847174405927477, 1.100000000000000089, -1.074828902529598285 ) ) ;
#2882 = CARTESIAN_POINT ( 'NONE',  ( 1.234418124307528064, 1.100000000000000089, -0.1016660422282577025 ) ) ;
#2883 = CARTESIAN_POINT ( 'NONE',  ( 0.3794696801147315890, 1.099499999999999478, 0.7775646228391679404 ) ) ;
#2884 =( NAMED_UNIT ( * ) PLANE_ANGLE_UNIT ( ) SI_UNIT ( $, .RADIAN. ) );
#2885 = PRESENTATION_LAYER_ASSIGNMENT (  '', '', ( #909 ) ) ;
#2886 = VERTEX_POINT ( 'NONE', #1712 ) ;
#2887 = CARTESIAN_POINT ( 'NONE',  ( 0.3977112637219958335, 1.099000000000000199, 0.9356194533734976115 ) ) ;
#2888 = CARTESIAN_POINT ( 'NONE',  ( 0.3714509147944154988, 1.099000000000001753, 0.9677742437927661090 ) ) ;
#2889 = CARTESIAN_POINT ( 'NONE',  ( 0.7750000000000001332, 0.0000000000000000000, 2.009999999999999787 ) ) ;
#2890 = LINE ( 'NONE', #2071, #75 ) ;
#2891 = ORIENTED_EDGE ( 'NONE', *, *, #24, .F. ) ;
#2892 = CARTESIAN_POINT ( 'NONE',  ( 1.775000000000003908, 0.2500000000000000000, -0.7750000000000002442 ) ) ;
#2893 = CARTESIAN_POINT ( 'NONE',  ( 1.220981449511819417, 1.100000000000001199, 1.359548875823247682 ) ) ;
#2894 = EDGE_CURVE ( 'NONE', #4115, #2957, #3652, .T. ) ;
#2895 = VERTEX_POINT ( 'NONE', #3446 ) ;
#2896 = CARTESIAN_POINT ( 'NONE',  ( 0.3795736571815578886, 1.099000000000000421, 0.7793998580759667894 ) ) ;
#2897 = B_SPLINE_CURVE_WITH_KNOTS ( 'NONE', 3,
 ( #3846, #797, #1467, #1842, #2511, #1177, #458, #1486, #3194, #1863, #3138 ),
 .UNSPECIFIED., .F., .F.,
 ( 4, 1, 1, 1, 1, 1, 1, 1, 4 ),
 ( 0.0000000000000000000, 8.152573046679267420E-06, 1.560446758378198769E-05, 2.265369305110762055E-05, 3.053496671793913439E-05, 3.956342181185749056E-05, 5.071274139239366962E-05, 6.398948291622102286E-05, 8.002440277392200776E-05 ),
 .UNSPECIFIED. ) ;
#2898 =( NAMED_UNIT ( * ) PLANE_ANGLE_UNIT ( ) SI_UNIT ( $, .RADIAN. ) );
#2899 = CARTESIAN_POINT ( 'NONE',  ( 1.229114514154289184, 1.099999999999996980, 0.02261297745289166106 ) ) ;
#2900 = ORIENTED_EDGE ( 'NONE', *, *, #2232, .F. ) ;
#2901 = ORIENTED_EDGE ( 'NONE', *, *, #2118, .F. ) ;
#2902 = CARTESIAN_POINT ( 'NONE',  ( 0.3968634454350477014, 1.100000000000000089, 0.09028468938556993839 ) ) ;
#2903 = EDGE_CURVE ( 'NONE', #550, #1739, #1121, .T. ) ;
#2904 = CARTESIAN_POINT ( 'NONE',  ( 0.4235877988662916094, 1.100000000000000089, -0.8534249519555185959 ) ) ;
#2905 = EDGE_LOOP ( 'NONE', ( #3696, #31, #2644, #25 ) ) ;
#2906 =( LENGTH_UNIT ( ) NAMED_UNIT ( * ) SI_UNIT ( .MILLI., .METRE. ) );
#2907 = CARTESIAN_POINT ( 'NONE',  ( 0.3968634454350477014, 1.099499999999999256, 0.09028468938556992451 ) ) ;
#2908 = MECHANICAL_DESIGN_GEOMETRIC_PRESENTATION_REPRESENTATION (  '', ( #548 ), #1982 ) ;
#2909 = ORIENTED_EDGE ( 'NONE', *, *, #2981, .T. ) ;
#2910 = LINE ( 'NONE', #636, #4228 ) ;
#2911 = DIRECTION ( 'NONE',  ( -0.8820611020498344557, 0.0000000000000000000, 0.4711350254976078289 ) ) ;
#2912 = VERTEX_POINT ( 'NONE', #447 ) ;
#2913 = CARTESIAN_POINT ( 'NONE',  ( 0.7750000000000001332, -3.009265538105056020E-33, -1.775000000000000577 ) ) ;
#2914 = LINE ( 'NONE', #2596, #4292 ) ;
#2915 =( NAMED_UNIT ( * ) SI_UNIT ( $, .STERADIAN. ) SOLID_ANGLE_UNIT ( ) );
#2916 = CARTESIAN_POINT ( 'NONE',  ( 0.3857985065054569951, 1.099000000000003752, 0.7928117199264097525 ) ) ;
#2917 = PRESENTATION_STYLE_ASSIGNMENT (( #4033 ) ) ;
#2918 = ORIENTED_EDGE ( 'NONE', *, *, #94, .F. ) ;
#2919 = B_SPLINE_CURVE_WITH_KNOTS ( 'NONE', 3,
 ( #2409, #1759, #2096, #60, #2778, #738, #3376, #3100, #1086, #3719, #1431 ),
 .UNSPECIFIED., .F., .F.,
 ( 4, 1, 1, 1, 1, 1, 1, 1, 4 ),
 ( 0.0000000000000000000, 5.921804796241165343E-06, 1.152399231176736597E-05, 1.721788586775884963E-05, 2.334977123574955257E-05, 3.118970232550170651E-05, 4.124826796675517849E-05, 5.457358850404483367E-05, 7.181066709189634916E-05 ),
 .UNSPECIFIED. ) ;
#2920 = DIRECTION ( 'NONE',  ( 0.01885715718040990169, 0.0000000000000000000, -0.9998221880029836139 ) ) ;
#2921 = CARTESIAN_POINT ( 'NONE',  ( -1.582193796641059969, 1.099000000000000199, -0.1489474792242583556 ) ) ;
#2922 = CARTESIAN_POINT ( 'NONE',  ( 0.4575580726787104036, 1.099000000000000199, -0.8578161698703986593 ) ) ;
#2923 = CARTESIAN_POINT ( 'NONE',  ( -1.197867965644032973, 1.100000000000000089, -1.859999999999999654 ) ) ;
#2924 = CARTESIAN_POINT ( 'NONE',  ( 0.3857985065054569951, 1.100000000000000089, 0.7928117199264097525 ) ) ;
#2925 = PRESENTATION_LAYER_ASSIGNMENT (  '', '', ( #639 ) ) ;
#2926 = FILL_AREA_STYLE ('',( #1259 ) ) ;
#2927 = CARTESIAN_POINT ( 'NONE',  ( 0.4277341947191959370, 1.100000000000000311, -1.413627904278438985 ) ) ;
#2928 = CARTESIAN_POINT ( 'NONE',  ( 1.229114514154288962, 1.099000000000000421, 0.02261297745289166106 ) ) ;
#2929 = B_SPLINE_CURVE_WITH_KNOTS ( 'NONE', 3,
 ( #1738, #2765, #700, #718, #735, #3070, #2735, #336, #41, #2110, #2727 ),
 .UNSPECIFIED., .F., .F.,
 ( 4, 1, 1, 1, 1, 1, 1, 1, 4 ),
 ( 0.0000000000000000000, 1.999502115593507077E-05, 3.517383274653410703E-05, 4.628592649345578884E-05, 5.452094255789073917E-05, 6.063775892980574801E-05, 6.659261680499260869E-05, 7.366836098334362658E-05, 8.235863853670917110E-05 ),
 .UNSPECIFIED. ) ;
#2930 = CARTESIAN_POINT ( 'NONE',  ( 0.4786761986085023013, 1.099999999999996758, 0.7813013170742892921 ) ) ;
#2931 = B_SPLINE_CURVE_WITH_KNOTS ( 'NONE', 3,
 ( #3278, #1624, #2305, #4315 ),
 .UNSPECIFIED., .F., .F.,
 ( 4, 4 ),
 ( 0.0000000000000000000, 0.001114816686728090003 ),
 .UNSPECIFIED. ) ;
#2932 = CARTESIAN_POINT ( 'NONE',  ( 0.4207640015640028430, 1.099000000000000199, -0.9510342776544440380 ) ) ;
#2933 = CARTESIAN_POINT ( 'NONE',  ( 0.5040900079350476570, 1.099000000000000199, -0.3173324981144300394 ) ) ;
#2934 = CARTESIAN_POINT ( 'NONE',  ( 0.4338923715699125605, 1.099000000000005750, 0.2469411119785401842 ) ) ;
#2935 = CARTESIAN_POINT ( 'NONE',  ( 0.4179284620432054398, 1.099000000000000199, -0.9015919728991658166 ) ) ;
#2936 = ADVANCED_BREP_SHAPE_REPRESENTATION ( 'Coilcraft-LPD4012', ( #3394, #174 ), #4288 ) ;
#2937 = CARTESIAN_POINT ( 'NONE',  ( 0.4824719374079061707, 1.099000000000000199, 0.1109622711460223621 ) ) ;
#2938 = CARTESIAN_POINT ( 'NONE',  ( 0.4864218967266704108, 1.099999999999997202, -0.4377465348348381080 ) ) ;
#2939 = EDGE_CURVE ( 'NONE', #339, #3393, #1294, .T. ) ;
#2940 = VERTEX_POINT ( 'NONE', #2199 ) ;
#2941 = CARTESIAN_POINT ( 'NONE',  ( 1.217877003221353949, 1.100000000000001421, 1.293061299489226323 ) ) ;
#2942 = VECTOR ( 'NONE', #3274, 1000.000000000000000 ) ;
#2943 = ORIENTED_EDGE ( 'NONE', *, *, #576, .F. ) ;
#2944 = CARTESIAN_POINT ( 'NONE',  ( -1.197867965644035193, 1.100000000000000089, 1.859999999999999654 ) ) ;
#2945 = SURFACE_STYLE_FILL_AREA ( #1513 ) ;
#2946 = DIRECTION ( 'NONE',  ( -0.0000000000000000000, -1.000000000000000000, -0.0000000000000000000 ) ) ;
#2947 = CARTESIAN_POINT ( 'NONE',  ( -0.7750000000000001332, 0.2500000000000000000, -2.009999999999999787 ) ) ;
#2948 = CARTESIAN_POINT ( 'NONE',  ( 0.4456915704350478125, 1.099499999999996147, 0.1160659393855699439 ) ) ;
#2949 = SURFACE_SIDE_STYLE ('',( #1981 ) ) ;
#2950 = FACE_BOUND ( 'NONE', #1632, .T. ) ;
#2951 = EDGE_LOOP ( 'NONE', ( #1697, #3624, #4285 ) ) ;
#2952 = DIRECTION ( 'NONE',  ( -1.000000000000000000, -0.0000000000000000000, 0.0000000000000000000 ) ) ;
#2953 = ORIENTED_EDGE ( 'NONE', *, *, #87, .T. ) ;
#2954 = ORIENTED_EDGE ( 'NONE', *, *, #1496, .T. ) ;
#2955 = B_SPLINE_CURVE_WITH_KNOTS ( 'NONE', 3,
 ( #4157, #2462, #3492, #3123, #2152, #2829, #1485, #78, #3825, #4174, #2170 ),
 .UNSPECIFIED., .F., .F.,
 ( 4, 1, 1, 1, 1, 1, 1, 1, 4 ),
 ( 0.0000000000000000000, 1.133812775071881418E-05, 2.154416319981725925E-05, 3.102106255002338834E-05, 4.017842350507976740E-05, 4.903921363833814933E-05, 5.793654326737167673E-05, 6.715207316186499076E-05, 7.677287293118565856E-05 ),
 .UNSPECIFIED. ) ;
#2956 = UNCERTAINTY_MEASURE_WITH_UNIT (LENGTH_MEASURE( 1.000000000000000082E-05 ), #1139, 'distance_accuracy_value', 'NONE');
#2957 = VERTEX_POINT ( 'NONE', #463 ) ;
#2958 =( NAMED_UNIT ( * ) PLANE_ANGLE_UNIT ( ) SI_UNIT ( $, .RADIAN. ) );
#2959 = EDGE_CURVE ( 'NONE', #3731, #550, #464, .T. ) ;
#2960 = CARTESIAN_POINT ( 'NONE',  ( 0.7750000000000001332, -1.925929944387235853E-31, 1.775000000000001465 ) ) ;
#2961 = CARTESIAN_POINT ( 'NONE',  ( 0.3890487729987612830, 1.099000000000005750, 0.2776232907894154445 ) ) ;
#2962 =( LENGTH_UNIT ( ) NAMED_UNIT ( * ) SI_UNIT ( .MILLI., .METRE. ) );
#2963 = CARTESIAN_POINT ( 'NONE',  ( 0.4575580726787104036, 1.100000000000003864, -0.8578161698703986593 ) ) ;
#2964 = CARTESIAN_POINT ( 'NONE',  ( 0.4594316179899413655, 1.099999999999997646, -0.4403032052728049206 ) ) ;
#2965 = FACE_OUTER_BOUND ( 'NONE', #3046, .T. ) ;
#2966 = FACE_OUTER_BOUND ( 'NONE', #4104, .T. ) ;
#2967 = ORIENTED_EDGE ( 'NONE', *, *, #630, .F. ) ;
#2968 = MECHANICAL_DESIGN_GEOMETRIC_PRESENTATION_REPRESENTATION (  '', ( #2312 ), #3178 ) ;
#2969 = CARTESIAN_POINT ( 'NONE',  ( 0.4382587426147316889, 1.099499999999997923, 0.2469005603391679626 ) ) ;
#2970 = LINE ( 'NONE', #2092, #2184 ) ;
#2971 = CARTESIAN_POINT ( 'NONE',  ( 0.0000000000000000000, 1.100000000000000089, -0.4946457469407954943 ) ) ;
#2972 = FACE_OUTER_BOUND ( 'NONE', #4324, .T. ) ;
#2973 =( GEOMETRIC_REPRESENTATION_CONTEXT ( 3 ) GLOBAL_UNCERTAINTY_ASSIGNED_CONTEXT ( ( #2016 ) ) GLOBAL_UNIT_ASSIGNED_CONTEXT ( ( #3269, #574, #1619 ) ) REPRESENTATION_CONTEXT ( 'NONE', 'WORKASPACE' ) );
#2974 =( NAMED_UNIT ( * ) SI_UNIT ( $, .STERADIAN. ) SOLID_ANGLE_UNIT ( ) );
#2975 = CARTESIAN_POINT ( 'NONE',  ( 1.259542529940592459, 1.098999999999815902, -0.9476804650295981292 ) ) ;
#2976 = SURFACE_STYLE_USAGE ( .BOTH. , #2871 ) ;
#2977 = CARTESIAN_POINT ( 'NONE',  ( 0.4303377645644696492, 1.099000000000000199, -1.359837466690414942 ) ) ;
#2978 = VECTOR ( 'NONE', #989, 1000.000000000000000 ) ;
#2979 = CARTESIAN_POINT ( 'NONE',  ( 0.4732144049405928032, 1.099999999999999867, -1.453149215029598151 ) ) ;
#2980 = CARTESIAN_POINT ( 'NONE',  ( 1.278494905366423184, 1.100000000000004530, -0.8722891625935129678 ) ) ;
#2981 = EDGE_CURVE ( 'NONE', #3837, #1373, #160, .T. ) ;
#2982 = CARTESIAN_POINT ( 'NONE',  ( 0.4867632898750862136, 1.098999999999999755, 0.2533632493815867193 ) ) ;
#2983 = ORIENTED_EDGE ( 'NONE', *, *, #4235, .F. ) ;
#2984 = SURFACE_SIDE_STYLE ('',( #3541 ) ) ;
#2985 = DIRECTION ( 'NONE',  ( 0.0000000000000000000, 1.000000000000000000, 0.0000000000000000000 ) ) ;
#2986 = CARTESIAN_POINT ( 'NONE',  ( 0.4274736477042572202, 1.100000000000000533, -1.391564821339002389 ) ) ;
#2987 = EDGE_CURVE ( 'NONE', #1608, #1202, #3703, .T. ) ;
#2988 = ORIENTED_EDGE ( 'NONE', *, *, #862, .F. ) ;
#2989 = CARTESIAN_POINT ( 'NONE',  ( 1.859999999999999654, 1.100000000000000089, -1.197867965644032084 ) ) ;
#2990 = AXIS2_PLACEMENT_3D ( 'NONE', #505, #1890, #1580 ) ;
#2991 = EDGE_LOOP ( 'NONE', ( #3530, #2339, #2843, #4270, #2499, #4278, #380, #1836, #3871, #1220 ) ) ;
#2992 = CARTESIAN_POINT ( 'NONE',  ( -1.239781828137123565, 1.099000000000000199, -0.1325670067833147892 ) ) ;
#2993 = ORIENTED_EDGE ( 'NONE', *, *, #3970, .F. ) ;
#2994 =( GEOMETRIC_REPRESENTATION_CONTEXT ( 3 ) GLOBAL_UNCERTAINTY_ASSIGNED_CONTEXT ( ( #902 ) ) GLOBAL_UNIT_ASSIGNED_CONTEXT ( ( #648, #3024, #1012 ) ) REPRESENTATION_CONTEXT ( 'NONE', 'WORKASPACE' ) );
#2995 = DIRECTION ( 'NONE',  ( -4.336808689942018722E-16, 1.000000000000000000, 0.0000000000000000000 ) ) ;
#2996 =( NAMED_UNIT ( * ) PLANE_ANGLE_UNIT ( ) SI_UNIT ( $, .RADIAN. ) );
#2997 = ORIENTED_EDGE ( 'NONE', *, *, #1635, .F. ) ;
#2998 = FILL_AREA_STYLE ('',( #586 ) ) ;
#2999 = CARTESIAN_POINT ( 'NONE',  ( 0.3714509147944154988, 1.100000000000000089, 0.9677742437927659980 ) ) ;
#3000 = SURFACE_STYLE_USAGE ( .BOTH. , #644 ) ;
#3001 = CLOSED_SHELL ( 'NONE', ( #3808, #1758, #4143, #3478, #114, #3888, #2188, #2831, #3155, #2505, #4232, #4112, #833, #1478, #1824, #777, #3840, #1458, #1503, #1123, #1875, #3497, #1814, #102, #58, #2160, #2403, #146, #3866, #1204, #2563, #2858, #1772, #3144, #33, #1537, #2126, #3090, #2445, #2878, #1453, #3491, #3829, #859, #1509, #490, #2513, #414, #3448, #2839, #2422, #133, #1084, #2479, #3539, #2489, #178, #1832, #2147, #4167, #3179, #459, #121, #2112, #1181, #1848, #445, #751, #3815, #1489, #3511, #90, #3126, #2176, #2535, #2210, #1156, #399, #2233, #3071, #4202, #432, #1046, #4181, #3170, #2819, #1142, #793, #1423, #3134, #4156, #1133, #2808, #802, #1464, #720, #810, #470, #3201, #1785 ) ) ;
#3002 = VERTEX_POINT ( 'NONE', #3129 ) ;
#3003 = VECTOR ( 'NONE', #2466, 1000.000000000000000 ) ;
#3004 = CARTESIAN_POINT ( 'NONE',  ( -0.7750000000000001332, 0.0000000000000000000, 1.775000000000000799 ) ) ;
#3005 = ORIENTED_EDGE ( 'NONE', *, *, #703, .F. ) ;
#3006 = LINE ( 'NONE', #4072, #3320 ) ;
#3007 = CARTESIAN_POINT ( 'NONE',  ( -1.582193796641059969, 1.099000000000000199, -0.1489474792242583556 ) ) ;
#3008 = CARTESIAN_POINT ( 'NONE',  ( 1.264735126789952924, 1.099999999999994982, -0.9442169490449746627 ) ) ;
#3009 = EDGE_LOOP ( 'NONE', ( #614, #3942 ) ) ;
#3010 = CARTESIAN_POINT ( 'NONE',  ( -1.757921040735550333, 1.099000000000000199, -0.1967603926100836564 ) ) ;
#3011 = EDGE_CURVE ( 'NONE', #2643, #3393, #908, .T. ) ;
#3012 = SURFACE_STYLE_FILL_AREA ( #379 ) ;
#3013 = VECTOR ( 'NONE', #762, 1000.000000000000000 ) ;
#3014 = CARTESIAN_POINT ( 'NONE',  ( 0.4237274024784574711, 1.100000000000003642, -0.4368047204668039085 ) ) ;
#3015 = CARTESIAN_POINT ( 'NONE',  ( 0.4883313302524090460, 1.098999999999999977, 0.1074201081426413157 ) ) ;
#3016 = EDGE_LOOP ( 'NONE', ( #1729, #3563, #2632, #2388 ) ) ;
#3017 = CARTESIAN_POINT ( 'NONE',  ( 1.221668132935047613, 1.099000000000000199, 0.01938625188556994394 ) ) ;
#3018 = CARTESIAN_POINT ( 'NONE',  ( 0.5212512563673545873, 1.100000000000000311, -0.4275450916139406643 ) ) ;
#3019 = LINE ( 'NONE', #2488, #680 ) ;
#3020 = AXIS2_PLACEMENT_3D ( 'NONE', #1180, #2856, #3560 ) ;
#3021 = VECTOR ( 'NONE', #378, 1000.000000000000000 ) ;
#3022 = CARTESIAN_POINT ( 'NONE',  ( 1.276711974440236652, 1.098999999999999977, -1.335249459025501295 ) ) ;
#3023 = PRESENTATION_LAYER_ASSIGNMENT (  '', '', ( #2524 ) ) ;
#3024 =( NAMED_UNIT ( * ) PLANE_ANGLE_UNIT ( ) SI_UNIT ( $, .RADIAN. ) );
#3025 =( LENGTH_UNIT ( ) NAMED_UNIT ( * ) SI_UNIT ( .MILLI., .METRE. ) );
#3026 = PLANE ( 'NONE',  #2583 ) ;
#3027 = CARTESIAN_POINT ( 'NONE',  ( 0.4068260172365112393, 1.099000000000007082, -0.4150511250544166586 ) ) ;
#3028 = CARTESIAN_POINT ( 'NONE',  ( 1.266964404940592814, 1.099499999999986377, -1.329321090029598196 ) ) ;
#3029 = CARTESIAN_POINT ( 'NONE',  ( 1.276711974440236652, 1.099999999999993427, -1.335249459025501295 ) ) ;
#3030 = EDGE_CURVE ( 'NONE', #2912, #294, #2503, .T. ) ;
#3031 = ORIENTED_EDGE ( 'NONE', *, *, #266, .T. ) ;
#3032 = SURFACE_SIDE_STYLE ('',( #3545 ) ) ;
#3033 = LINE ( 'NONE', #1962, #2283 ) ;
#3034 = CARTESIAN_POINT ( 'NONE',  ( 1.238799055113102510, 1.099999999999999867, 0.6605777947479949397 ) ) ;
#3035 = CARTESIAN_POINT ( 'NONE',  ( -1.853318206089877407, 1.099000000000000199, 0.1348137806182634069 ) ) ;
#3036 = EDGE_LOOP ( 'NONE', ( #137, #1143, #1471 ) ) ;
#3037 = CARTESIAN_POINT ( 'NONE',  ( -1.757921040735550333, 1.100000000000000089, -0.1967603926100836564 ) ) ;
#3038 = PRESENTATION_LAYER_ASSIGNMENT (  '', '', ( #3645 ) ) ;
#3039 = FACE_OUTER_BOUND ( 'NONE', #1640, .T. ) ;
#3040 = DIRECTION ( 'NONE',  ( 0.0000000000000000000, 1.000000000000000000, 0.0000000000000000000 ) ) ;
#3041 =( NAMED_UNIT ( * ) PLANE_ANGLE_UNIT ( ) SI_UNIT ( $, .RADIAN. ) );
#3042 = VERTEX_POINT ( 'NONE', #86 ) ;
#3043 = AXIS2_PLACEMENT_3D ( 'NONE', #2032, #1038, #1397 ) ;
#3044 = ORIENTED_EDGE ( 'NONE', *, *, #862, .T. ) ;
#3045 = DIRECTION ( 'NONE',  ( -0.0000000000000000000, -1.000000000000000000, -4.336808689942020694E-16 ) ) ;
#3046 = EDGE_LOOP ( 'NONE', ( #3741, #1054, #1779 ) ) ;
#3047 = EDGE_LOOP ( 'NONE', ( #3522, #2424, #4102, #1048, #963, #3583, #1099, #307, #3225, #4238, #2701, #1751, #3876, #85, #2304, #2005 ) ) ;
#3048 = CARTESIAN_POINT ( 'NONE',  ( -1.627281670656810286, 1.099000000000000199, -0.3817115737124471830 ) ) ;
#3049 = PRODUCT_RELATED_PRODUCT_CATEGORY ( 'part', '', ( #590 ) ) ;
#3050 =( NAMED_UNIT ( * ) PLANE_ANGLE_UNIT ( ) SI_UNIT ( $, .RADIAN. ) );
#3051 = CARTESIAN_POINT ( 'NONE',  ( 0.4750545700456968445, 1.099999999999999867, 0.1133936079929190460 ) ) ;
#3052 = CARTESIAN_POINT ( 'NONE',  ( 0.7750000000000001332, 0.2500000000000000000, -2.009999999999999787 ) ) ;
#3053 = CARTESIAN_POINT ( 'NONE',  ( 1.197867965644033639, 1.100000000000000089, 1.859999999999999654 ) ) ;
#3054 = EDGE_CURVE ( 'NONE', #2469, #2163, #3988, .T. ) ;
#3055 = ORIENTED_EDGE ( 'NONE', *, *, #254, .T. ) ;
#3056 = LINE ( 'NONE', #2497, #2345 ) ;
#3057 = FILL_AREA_STYLE_COLOUR ( '', #1796 ) ;
#3058 = EDGE_CURVE ( 'NONE', #3515, #1552, #3655, .T. ) ;
#3059 = ORIENTED_EDGE ( 'NONE', *, *, #1864, .T. ) ;
#3060 = CARTESIAN_POINT ( 'NONE',  ( 1.276826848068437936, 1.100000000000000755, -0.8458328698429069537 ) ) ;
#3061 = SURFACE_STYLE_FILL_AREA ( #1920 ) ;
#3062 = VECTOR ( 'NONE', #2081, 1000.000000000000000 ) ;
#3063 = PRESENTATION_STYLE_ASSIGNMENT (( #546 ) ) ;
#3064 = CARTESIAN_POINT ( 'NONE',  ( -0.9057358438851574878, 1.099000000000000199, -0.4946457469407954943 ) ) ;
#3065 = EDGE_CURVE ( 'NONE', #1370, #1120, #2763, .T. ) ;
#3066 = CARTESIAN_POINT ( 'NONE',  ( 1.237719227571475233, 1.100000000000001865, 0.6147218532373425193 ) ) ;
#3067 = VECTOR ( 'NONE', #1700, 1000.000000000000114 ) ;
#3068 = CARTESIAN_POINT ( 'NONE',  ( 0.4382587426147316889, 1.100000000000000089, 0.2469005603391679626 ) ) ;
#3069 = CARTESIAN_POINT ( 'NONE',  ( 1.186880602294415388, 1.100000000000000089, 1.393946118792765754 ) ) ;
#3070 = CARTESIAN_POINT ( 'NONE',  ( 1.230482533266555212, 1.099999999999996536, 0.7065372595330373651 ) ) ;
#3071 = ADVANCED_FACE ( 'NONE', ( #1810 ), #2700, .T. ) ;
#3072 = LINE ( 'NONE', #4131, #635 ) ;
#3073 = FILL_AREA_STYLE_COLOUR ( '', #1497 ) ;
#3074 = DIRECTION ( 'NONE',  ( 2.519732554953542993E-13, 1.000000000000000000, 1.791208576647167239E-14 ) ) ;
#3075 = CARTESIAN_POINT ( 'NONE',  ( 1.221668132935047613, 1.100000000000000089, 0.01938625188556994394 ) ) ;
#3076 = AXIS2_PLACEMENT_3D ( 'NONE', #587, #2321, #2627 ) ;
#3077 = CARTESIAN_POINT ( 'NONE',  ( 1.216868957896007908, 1.099000000000000199, 1.386132331016934893 ) ) ;
#3078 = CARTESIAN_POINT ( 'NONE',  ( 0.3888446801147316112, 1.099000000000000199, 0.2804943103391680514 ) ) ;
#3079 = CARTESIAN_POINT ( 'NONE',  ( 1.232025826741856900, 1.100000000000001643, 0.5985373217675169499 ) ) ;
#3080 = CARTESIAN_POINT ( 'NONE',  ( 0.4595105061459484608, 1.099000000000000199, 0.2481726915731989336 ) ) ;
#3081 = CARTESIAN_POINT ( 'NONE',  ( 1.194326983513656737, 1.100000000000000089, 1.397172844360087707 ) ) ;
#3082 = VERTEX_POINT ( 'NONE', #768 ) ;
#3083 = SURFACE_SIDE_STYLE ('',( #2079 ) ) ;
#3084 = ORIENTED_EDGE ( 'NONE', *, *, #62, .T. ) ;
#3085 = CARTESIAN_POINT ( 'NONE',  ( 1.278683154940592814, 1.099000000000000199, -0.8787351525295984400 ) ) ;
#3086 = EDGE_CURVE ( 'NONE', #1003, #2111, #4297, .T. ) ;
#3087 = CARTESIAN_POINT ( 'NONE',  ( 0.4069956036129920851, 1.098999999999999977, 1.490491740207723348 ) ) ;
#3088 = ORIENTED_EDGE ( 'NONE', *, *, #2629, .F. ) ;
#3089 = CARTESIAN_POINT ( 'NONE',  ( 0.4556525079350478014, 1.100000000000000311, -0.4403793731144300394 ) ) ;
#3090 = ADVANCED_FACE ( 'NONE', ( #3914 ), #3471, .T. ) ;
#3091 = DIRECTION ( 'NONE',  ( 0.0000000000000000000, -0.0000000000000000000, 1.000000000000000000 ) ) ;
#3092 = PRESENTATION_STYLE_ASSIGNMENT (( #3543 ) ) ;
#3093 = CARTESIAN_POINT ( 'NONE',  ( -1.124982458058385593, 1.099000000000000199, -0.2805714162321333860 ) ) ;
#3094 = CARTESIAN_POINT ( 'NONE',  ( 0.4778015588208501252, 1.098999999999999977, 0.9437894250779892413 ) ) ;
#3095 = VERTEX_POINT ( 'NONE', #1837 ) ;
#3096 = ORIENTED_EDGE ( 'NONE', *, *, #2324, .T. ) ;
#3097 = CARTESIAN_POINT ( 'NONE',  ( 2.009999999999999787, 0.0000000000000000000, -1.259999999999996678 ) ) ;
#3098 = VERTEX_POINT ( 'NONE', #806 ) ;
#3099 = CARTESIAN_POINT ( 'NONE',  ( 0.7750000000000001332, 1.050000000000000044, -2.009999999999999787 ) ) ;
#3100 = CARTESIAN_POINT ( 'NONE',  ( 0.4276117779687664266, 1.099000000000135202, -1.378041193257830699 ) ) ;
#3101 = MECHANICAL_DESIGN_GEOMETRIC_PRESENTATION_REPRESENTATION (  '', ( #529 ), #843 ) ;
#3102 = ORIENTED_EDGE ( 'NONE', *, *, #4135, .F. ) ;
#3103 = VECTOR ( 'NONE', #4146, 999.9999999999998863 ) ;
#3104 = CARTESIAN_POINT ( 'NONE',  ( 0.4962775079350478236, 1.099499999999995259, 0.09204250188556994949 ) ) ;
#3105 = CARTESIAN_POINT ( 'NONE',  ( 0.4650781720875900582, 1.099000000000000199, 0.7982422045996204751 ) ) ;
#3106 = PLANE ( 'NONE',  #2268 ) ;
#3107 = CARTESIAN_POINT ( 'NONE',  ( 0.7750000000000001332, 1.050000000000000044, 2.009999999999999787 ) ) ;
#3108 = CARTESIAN_POINT ( 'NONE',  ( 1.206920357460090631, 1.100000000000000311, 0.7078127668575613374 ) ) ;
#3109 = ORIENTED_EDGE ( 'NONE', *, *, #3240, .F. ) ;
#3110 = CARTESIAN_POINT ( 'NONE',  ( 0.5038574910470384749, 1.099000000000000421, 0.2597348418396576153 ) ) ;
#3111 = CARTESIAN_POINT ( 'NONE',  ( -1.209744032861531648, 1.100000000000000089, 0.3468282688072377717 ) ) ;
#3112 = EDGE_CURVE ( 'NONE', #3042, #985, #1173, .T. ) ;
#3113 = FACE_OUTER_BOUND ( 'NONE', #1214, .T. ) ;
#3114 = ORIENTED_EDGE ( 'NONE', *, *, #1217, .F. ) ;
#3115 = ORIENTED_EDGE ( 'NONE', *, *, #1954, .T. ) ;
#3116 = DIRECTION ( 'NONE',  ( -0.0000000000000000000, -1.000000000000000000, 0.0000000000000000000 ) ) ;
#3117 = EDGE_CURVE ( 'NONE', #1584, #3850, #3019, .T. ) ;
#3118 = FACE_OUTER_BOUND ( 'NONE', #1795, .T. ) ;
#3119 = CARTESIAN_POINT ( 'NONE',  ( 1.775000000000003908, 6.466572086580684703E-32, -0.7750000000000003553 ) ) ;
#3120 = CARTESIAN_POINT ( 'NONE',  ( 0.3896076822790676686, 1.100000000000000311, 1.489007129882474745 ) ) ;
#3121 = DIRECTION ( 'NONE',  ( -2.698225319131416536E-15, 0.0000000000000000000, -1.000000000000000000 ) ) ;
#3122 = MECHANICAL_DESIGN_GEOMETRIC_PRESENTATION_REPRESENTATION (  '', ( #4271 ), #3323 ) ;
#3123 = CARTESIAN_POINT ( 'NONE',  ( 0.4421167408256323483, 1.100000000000000533, 0.9354526250267969356 ) ) ;
#3124 = CARTESIAN_POINT ( 'NONE',  ( 1.255112992891791901, 1.099999999999997424, -0.07255808021625564930 ) ) ;
#3125 = CARTESIAN_POINT ( 'NONE',  ( 0.4345255640969593047, 1.100000000000000311, 0.1156829261583307011 ) ) ;
#3126 = ADVANCED_FACE ( 'NONE', ( #3373 ), #4109, .T. ) ;
#3127 = PRESENTATION_LAYER_ASSIGNMENT (  '', '', ( #2465 ) ) ;
#3128 = CARTESIAN_POINT ( 'NONE',  ( -0.6144117493969669663, 1.099499999999999922, 0.03437472550014940981 ) ) ;
#3129 = CARTESIAN_POINT ( 'NONE',  ( 1.775000000000004130, 0.2499999999999998890, 0.7749999999999995781 ) ) ;
#3130 = SURFACE_SIDE_STYLE ('',( #3576 ) ) ;
#3131 = AXIS2_PLACEMENT_3D ( 'NONE', #3017, #1323, #2362 ) ;
#3132 = DIRECTION ( 'NONE',  ( -0.8594096594572042669, 0.0000000000000000000, -0.5112876267147997700 ) ) ;
#3133 = UNCERTAINTY_MEASURE_WITH_UNIT (LENGTH_MEASURE( 1.000000000000000082E-05 ), #4358, 'distance_accuracy_value', 'NONE');
#3134 = ADVANCED_FACE ( 'NONE', ( #3118 ), #1258, .F. ) ;
#3135 = CARTESIAN_POINT ( 'NONE',  ( 1.206920357460090631, 1.099000000000000643, 0.7078127668575613374 ) ) ;
#3136 = ORIENTED_EDGE ( 'NONE', *, *, #741, .F. ) ;
#3137 = CARTESIAN_POINT ( 'NONE',  ( 0.4159256466951637976, 1.100000000000000089, 0.1120041619459170024 ) ) ;
#3138 = CARTESIAN_POINT ( 'NONE',  ( 1.221646227294415077, 1.099499999999945521, 1.341211743792765976 ) ) ;
#3139 = VECTOR ( 'NONE', #4304, 1000.000000000000000 ) ;
#3140 = ORIENTED_EDGE ( 'NONE', *, *, #1954, .F. ) ;
#3141 = CARTESIAN_POINT ( 'NONE',  ( 0.3993220100191377520, 1.100000000000000533, 0.2534441695972069475 ) ) ;
#3142 = CARTESIAN_POINT ( 'NONE',  ( -0.9057358438851574878, 1.099499999999999922, -0.4946457469407953833 ) ) ;
#3143 = CARTESIAN_POINT ( 'NONE',  ( 1.259999999999997788, 1.050000000000000044, -2.009999999999999787 ) ) ;
#3144 = ADVANCED_FACE ( 'NONE', ( #4175 ), #1508, .F. ) ;
#3145 = CARTESIAN_POINT ( 'NONE',  ( 0.4087664657552774194, 1.099999999999996314, 0.1092239270946689655 ) ) ;
#3146 = EDGE_CURVE ( 'NONE', #1088, #1083, #2253, .T. ) ;
#3147 = CARTESIAN_POINT ( 'NONE',  ( 0.3623867254486268230, 1.100000000000000089, 1.470330483930387233 ) ) ;
#3148 = ORIENTED_EDGE ( 'NONE', *, *, #383, .F. ) ;
#3149 = ORIENTED_EDGE ( 'NONE', *, *, #2771, .T. ) ;
#3150 = CARTESIAN_POINT ( 'NONE',  ( 1.266964404940592814, 1.100000000000000089, -1.329321090029598196 ) ) ;
#3151 = DIRECTION ( 'NONE',  ( -0.5231490959335900470, 0.0000000000000000000, 0.8522411767943786076 ) ) ;
#3152 = ORIENTED_EDGE ( 'NONE', *, *, #944, .T. ) ;
#3153 = ORIENTED_EDGE ( 'NONE', *, *, #514, .F. ) ;
#3154 = DIRECTION ( 'NONE',  ( -0.0000000000000000000, 0.0000000000000000000, -1.000000000000000000 ) ) ;
#3155 = ADVANCED_FACE ( 'NONE', ( #324 ), #3567, .F. ) ;
#3156 = VERTEX_POINT ( 'NONE', #3177 ) ;
#3157 = CARTESIAN_POINT ( 'NONE',  ( 1.288448779940592814, 1.099499999999991040, -1.397485152529598817 ) ) ;
#3158 =( GEOMETRIC_REPRESENTATION_CONTEXT ( 3 ) GLOBAL_UNCERTAINTY_ASSIGNED_CONTEXT ( ( #2376 ) ) GLOBAL_UNIT_ASSIGNED_CONTEXT ( ( #2906, #3878, #3851 ) ) REPRESENTATION_CONTEXT ( 'NONE', 'WORKASPACE' ) );
#3159 = CARTESIAN_POINT ( 'NONE',  ( -1.656591906877280529, 1.100000000000001421, 0.01500842628755501458 ) ) ;
#3160 = CARTESIAN_POINT ( 'NONE',  ( 0.3643477831177689974, 1.099000000000000199, 1.475653508647449375 ) ) ;
#3161 = VECTOR ( 'NONE', #4147, 1000.000000000000000 ) ;
#3162 = CARTESIAN_POINT ( 'NONE',  ( 1.254177929748531151, 1.100000000000000089, 0.0003081429615403099035 ) ) ;
#3163 = CARTESIAN_POINT ( 'NONE',  ( 0.7624722174405927921, 1.099000000000000199, -1.155102340029598107 ) ) ;
#3164 = ORIENTED_EDGE ( 'NONE', *, *, #3789, .F. ) ;
#3165 = CARTESIAN_POINT ( 'NONE',  ( 0.4466519049405928143, 1.100000000000000089, -1.342992965029598196 ) ) ;
#3166 = SURFACE_STYLE_FILL_AREA ( #4017 ) ;
#3167 =( NAMED_UNIT ( * ) PLANE_ANGLE_UNIT ( ) SI_UNIT ( $, .RADIAN. ) );
#3168 = CARTESIAN_POINT ( 'NONE',  ( -0.4409824580583844300, 1.098999999999997979, -0.1365525185943403941 ) ) ;
#3169 = FACE_OUTER_BOUND ( 'NONE', #866, .T. ) ;
#3170 = ADVANCED_FACE ( 'NONE', ( #2248 ), #3506, .F. ) ;
#3171 = COLOUR_RGB ( '',0.1882352941176470562, 0.2039215686274509776, 0.2039215686274509776 ) ;
#3172 = DIRECTION ( 'NONE',  ( 4.336808689942012313E-16, -1.000000000000000000, -4.336808689942029076E-16 ) ) ;
#3173 = CARTESIAN_POINT ( 'NONE',  ( 1.288448779940593036, 1.100000000000000311, -1.397485152529598817 ) ) ;
#3174 = CARTESIAN_POINT ( 'NONE',  ( -1.209744032861531648, 1.099000000000000199, 0.3468282688072377717 ) ) ;
#3175 = EDGE_CURVE ( 'NONE', #549, #1474, #233, .T. ) ;
#3176 = CARTESIAN_POINT ( 'NONE',  ( 0.4402670394050647862, 1.100000000000000533, 1.487953474900115314 ) ) ;
#3177 = CARTESIAN_POINT ( 'NONE',  ( 0.4179409674405927810, 1.098999999999895616, -0.9084226525295984178 ) ) ;
#3178 =( GEOMETRIC_REPRESENTATION_CONTEXT ( 3 ) GLOBAL_UNCERTAINTY_ASSIGNED_CONTEXT ( ( #3727 ) ) GLOBAL_UNIT_ASSIGNED_CONTEXT ( ( #4341, #3702, #2357 ) ) REPRESENTATION_CONTEXT ( 'NONE', 'WORKASPACE' ) );
#3179 = ADVANCED_FACE ( 'NONE', ( #624 ), #2821, .T. ) ;
#3180 = CARTESIAN_POINT ( 'NONE',  ( 0.4151050290423118905, 1.100000000000000089, 0.2483395199198996928 ) ) ;
#3181 = CARTESIAN_POINT ( 'NONE',  ( 0.4782702883977327790, 1.099000000000000421, 0.7851715724325823986 ) ) ;
#3182 = DIRECTION ( 'NONE',  ( 3.620439659733559842E-16, 0.0000000000000000000, 1.000000000000000000 ) ) ;
#3183 =( LENGTH_UNIT ( ) NAMED_UNIT ( * ) SI_UNIT ( .MILLI., .METRE. ) );
#3184 = PLANE ( 'NONE',  #1077 ) ;
#3185 = CARTESIAN_POINT ( 'NONE',  ( 0.3913727004349613625, 1.100000000000000089, 0.7965038605482668288 ) ) ;
#3186 = EDGE_LOOP ( 'NONE', ( #2599, #1599, #484 ) ) ;
#3187 = CARTESIAN_POINT ( 'NONE',  ( 0.5124774926147315224, 1.098999999999986210, 0.2636974353391679515 ) ) ;
#3188 = CARTESIAN_POINT ( 'NONE',  ( 1.242699684963595397, 1.099000000000000199, 0.02403195328901556668 ) ) ;
#3189 = VERTEX_POINT ( 'NONE', #3242 ) ;
#3190 = EDGE_CURVE ( 'NONE', #2444, #2738, #258, .T. ) ;
#3191 = LINE ( 'NONE', #431, #3398 ) ;
#3192 = DIRECTION ( 'NONE',  ( -0.5082231442596375492, 0.0000000000000000000, 0.8612254267256905793 ) ) ;
#3193 = CARTESIAN_POINT ( 'NONE',  ( 1.256433757935047524, 1.099999999999999867, -0.03334812311443004912 ) ) ;
#3194 = CARTESIAN_POINT ( 'NONE',  ( 1.221808919226545997, 1.099000000000000421, 1.326292833379291380 ) ) ;
#3195 = EDGE_LOOP ( 'NONE', ( #3084, #4000 ) ) ;
#3196 = CARTESIAN_POINT ( 'NONE',  ( 0.5095632384103899737, 1.100000000000000089, 0.2623577598558912705 ) ) ;
#3197 = EDGE_CURVE ( 'NONE', #2836, #4041, #733, .T. ) ;
#3198 = FACE_OUTER_BOUND ( 'NONE', #489, .T. ) ;
#3199 = CARTESIAN_POINT ( 'NONE',  ( 0.4492187352247311027, 1.099999999999998312, 0.2471214586377634970 ) ) ;
#3200 = ORIENTED_EDGE ( 'NONE', *, *, #2359, .F. ) ;
#3201 = ADVANCED_FACE ( 'NONE', ( #3423 ), #1472, .T. ) ;
#3202 = CARTESIAN_POINT ( 'NONE',  ( 1.197867965644033417, 1.100000000000000089, 1.859999999999999654 ) ) ;
#3203 = VERTEX_POINT ( 'NONE', #3816 ) ;
#3204 = ORIENTED_EDGE ( 'NONE', *, *, #758, .T. ) ;
#3205 = CARTESIAN_POINT ( 'NONE',  ( 1.238551775422630730, 1.099000000000000421, 0.6257291608372792524 ) ) ;
#3206 = EDGE_CURVE ( 'NONE', #2795, #2277, #406, .T. ) ;
#3207 =( NAMED_UNIT ( * ) PLANE_ANGLE_UNIT ( ) SI_UNIT ( $, .RADIAN. ) );
#3208 = CARTESIAN_POINT ( 'NONE',  ( -0.6126089147512974176, 1.099000000000000199, -0.09607755796441845575 ) ) ;
#3209 = ORIENTED_EDGE ( 'NONE', *, *, #1125, .T. ) ;
#3210 = VECTOR ( 'NONE', #1470, 1000.000000000000000 ) ;
#3211 = CARTESIAN_POINT ( 'NONE',  ( 0.4338923715699125605, 1.100000000000000089, 0.2469411119785401842 ) ) ;
#3212 = CARTESIAN_POINT ( 'NONE',  ( 2.010000000000000231, 1.050000000000000044, 1.259999999999999787 ) ) ;
#3213 = CARTESIAN_POINT ( 'NONE',  ( 0.4782702883977327790, 1.099999999999996758, 0.7851715724325823986 ) ) ;
#3214 = CARTESIAN_POINT ( 'NONE',  ( 0.4732144049405928032, 1.100000000000000089, -1.453149215029598151 ) ) ;
#3215 =( NAMED_UNIT ( * ) SI_UNIT ( $, .STERADIAN. ) SOLID_ANGLE_UNIT ( ) );
#3216 = VECTOR ( 'NONE', #691, 1000.000000000000000 ) ;
#3217 = CARTESIAN_POINT ( 'NONE',  ( 0.4180317780837535802, 1.100000000000000089, -0.8735431449338816323 ) ) ;
#3218 = ORIENTED_EDGE ( 'NONE', *, *, #543, .F. ) ;
#3219 = CARTESIAN_POINT ( 'NONE',  ( 0.4556525079350477458, 1.099499999999997923, -0.4403793731144299839 ) ) ;
#3220 = LINE ( 'NONE', #1233, #46 ) ;
#3221 = PRESENTATION_LAYER_ASSIGNMENT (  '', '', ( #1295 ) ) ;
#3222 = VECTOR ( 'NONE', #3927, 1000.000000000000000 ) ;
#3223 = VECTOR ( 'NONE', #3640, 1000.000000000000000 ) ;
#3224 = VERTEX_POINT ( 'NONE', #3481 ) ;
#3225 = ORIENTED_EDGE ( 'NONE', *, *, #24, .T. ) ;
#3226 = VECTOR ( 'NONE', #2952, 1000.000000000000000 ) ;
#3227 = CARTESIAN_POINT ( 'NONE',  ( 1.247876298586870991, 1.099000000000000199, 0.01925732607943913058 ) ) ;
#3228 =( NAMED_UNIT ( * ) PLANE_ANGLE_UNIT ( ) SI_UNIT ( $, .RADIAN. ) );
#3229 = CARTESIAN_POINT ( 'NONE',  ( 0.3938048970362842960, 1.100000000000000311, 0.2580450398864340134 ) ) ;
#3230 = CARTESIAN_POINT ( 'NONE',  ( 0.3857985065054569951, 1.099000000000000199, 0.7928117199264097525 ) ) ;
#3231 = B_SPLINE_CURVE_WITH_KNOTS ( 'NONE', 3,
 ( #425, #4191, #3863, #4177, #3813, #4207, #3525, #3477, #1193, #140, #3505 ),
 .UNSPECIFIED., .F., .F.,
 ( 4, 1, 1, 1, 1, 1, 1, 1, 4 ),
 ( 0.0000000000000000000, 5.990629783739152306E-06, 1.171634798006145048E-05, 1.770697776380070697E-05, 2.459813761062723962E-05, 3.232280489649510337E-05, 4.116896029168408508E-05, 5.126262736219217589E-05, 6.249168459772335424E-05 ),
 .UNSPECIFIED. ) ;
#3232 = CARTESIAN_POINT ( 'NONE',  ( 0.4282978051147317000, 1.099499999999996147, 0.8033458728391679182 ) ) ;
#3233 = PLANE ( 'NONE',  #1342 ) ;
#3234 = CARTESIAN_POINT ( 'NONE',  ( 0.4062384454350477236, 1.099000000000000199, -0.4067856231144299506 ) ) ;
#3235 = CARTESIAN_POINT ( 'NONE',  ( -0.7750000000000002442, 0.0000000000000000000, -2.009999999999999787 ) ) ;
#3236 = CARTESIAN_POINT ( 'NONE',  ( 0.4180317780837535246, 1.098999999999999977, -0.8735431449338816323 ) ) ;
#3237 = CARTESIAN_POINT ( 'NONE',  ( 1.266773821457273463, 1.099999999999999867, -1.457756556014308202 ) ) ;
#3238 = ORIENTED_EDGE ( 'NONE', *, *, #896, .F. ) ;
#3239 = CARTESIAN_POINT ( 'NONE',  ( 1.225305919643279395, 1.099000000000000199, 0.7113118867426136971 ) ) ;
#3240 = EDGE_CURVE ( 'NONE', #3782, #2886, #2665, .T. ) ;
#3241 =( LENGTH_UNIT ( ) NAMED_UNIT ( * ) SI_UNIT ( .MILLI., .METRE. ) );
#3242 = CARTESIAN_POINT ( 'NONE',  ( 1.259999999999997344, 0.0000000000000000000, 2.009999999999999787 ) ) ;
#3243 = CARTESIAN_POINT ( 'NONE',  ( -1.582193796641059969, 1.100000000000000089, -0.1489474792242583556 ) ) ;
#3244 = CARTESIAN_POINT ( 'NONE',  ( 1.274378195818535175, 1.100000000000004308, -0.8348012533504806099 ) ) ;
#3245 = CARTESIAN_POINT ( 'NONE',  ( 0.4576608047253808431, 1.099999999999996758, 0.8006735414465170342 ) ) ;
#3246 = DIRECTION ( 'NONE',  ( -0.8502286315406450967, 0.0000000000000000000, -0.5264135960521173496 ) ) ;
#3247 = MECHANICAL_DESIGN_GEOMETRIC_PRESENTATION_REPRESENTATION (  '', ( #2524 ), #3158 ) ;
#3248 = CARTESIAN_POINT ( 'NONE',  ( 1.217024358987211397, 1.098999999999999533, 0.5856138912253400219 ) ) ;
#3249 = ORIENTED_EDGE ( 'NONE', *, *, #1635, .T. ) ;
#3250 = CARTESIAN_POINT ( 'NONE',  ( 0.4199882641362773783, 1.100000000000000533, -0.8618597926969954193 ) ) ;
#3251 = SURFACE_SIDE_STYLE ('',( #2025 ) ) ;
#3252 = CARTESIAN_POINT ( 'NONE',  ( 0.4069956036129920851, 1.099000000000003308, 1.490491740207723348 ) ) ;
#3253 = CARTESIAN_POINT ( 'NONE',  ( 0.4227989373780280946, 1.100000000000000089, -0.9597961795455132172 ) ) ;
#3254 = LINE ( 'NONE', #2881, #1727 ) ;
#3255 = ORIENTED_EDGE ( 'NONE', *, *, #2082, .F. ) ;
#3256 = CARTESIAN_POINT ( 'NONE',  ( 0.4732144049405928032, 1.099000000000000199, -1.453149215029598151 ) ) ;
#3257 = ORIENTED_EDGE ( 'NONE', *, *, #32, .T. ) ;
#3258 = CARTESIAN_POINT ( 'NONE',  ( 0.4291566463139711018, 1.099000000000000199, -1.439641903714004245 ) ) ;
#3259 = CARTESIAN_POINT ( 'NONE',  ( 1.270198056838148348, 1.100000000000005196, -0.8269799803377330116 ) ) ;
#3260 = B_SPLINE_CURVE_WITH_KNOTS ( 'NONE', 3,
 ( #1185, #538, #1226, #139, #1549, #2521, #1887, #161, #1904, #2556, #3907 ),
 .UNSPECIFIED., .F., .F.,
 ( 4, 1, 1, 1, 1, 1, 1, 1, 4 ),
 ( 0.0000000000000000000, 1.138750426848439575E-05, 2.163798607607766368E-05, 3.115615646321477124E-05, 4.035339689447960078E-05, 4.925277496492225357E-05, 5.818885165732930756E-05, 6.744451434848527135E-05, 7.710721182800758713E-05 ),
 .UNSPECIFIED. ) ;
#3261 = VECTOR ( 'NONE', #1787, 1000.000000000000000 ) ;
#3262 = VERTEX_POINT ( 'NONE', #2514 ) ;
#3263 = DIRECTION ( 'NONE',  ( 1.000000000000000000, -0.0000000000000000000, 0.0000000000000000000 ) ) ;
#3264 = EDGE_CURVE ( 'NONE', #267, #429, #521, .T. ) ;
#3265 = CARTESIAN_POINT ( 'NONE',  ( -2.010000000000000231, 0.0000000000000000000, 0.7750000000000004663 ) ) ;
#3266 = VERTEX_POINT ( 'NONE', #748 ) ;
#3267 = CARTESIAN_POINT ( 'NONE',  ( -1.853318206089877407, 1.100000000000001421, 0.1348137806182634069 ) ) ;
#3268 = ORIENTED_EDGE ( 'NONE', *, *, #2243, .F. ) ;
#3269 =( LENGTH_UNIT ( ) NAMED_UNIT ( * ) SI_UNIT ( .MILLI., .METRE. ) );
#3270 = CARTESIAN_POINT ( 'NONE',  ( 0.4769042714662646287, 1.099999999999997646, -0.4391072418803991240 ) ) ;
#3271 = ORIENTED_EDGE ( 'NONE', *, *, #266, .F. ) ;
#3272 = ORIENTED_EDGE ( 'NONE', *, *, #615, .F. ) ;
#3273 = VECTOR ( 'NONE', #1558, 1000.000000000000000 ) ;
#3274 = DIRECTION ( 'NONE',  ( -0.0000000000000000000, -1.000000000000000000, -0.0000000000000000000 ) ) ;
#3275 = STYLED_ITEM ( 'NONE', ( #1749 ), #2160 ) ;
#3276 = UNCERTAINTY_MEASURE_WITH_UNIT (LENGTH_MEASURE( 1.000000000000000082E-05 ), #4103, 'distance_accuracy_value', 'NONE');
#3277 = ORIENTED_EDGE ( 'NONE', *, *, #1377, .T. ) ;
#3278 = CARTESIAN_POINT ( 'NONE',  ( -1.207517891129247234, 1.099000000000000199, 0.5512005522718045336 ) ) ;
#3279 = VECTOR ( 'NONE', #3582, 1000.000000000000000 ) ;
#3280 = CARTESIAN_POINT ( 'NONE',  ( 0.4866962426147316001, 1.099000000000000199, 0.3699474353391679626 ) ) ;
#3281 = CARTESIAN_POINT ( 'NONE',  ( 0.4179063030106316412, 1.099000000000000421, -0.8894882989618951852 ) ) ;
#3282 = CARTESIAN_POINT ( 'NONE',  ( 0.4306728810147195108, 1.100000000000003864, -0.8491051813517925817 ) ) ;
#3283 = CARTESIAN_POINT ( 'NONE',  ( 0.4275112799405928476, 1.100000000000000311, -1.407446090029597974 ) ) ;
#3284 = LINE ( 'NONE', #1523, #1556 ) ;
#3285 = EDGE_CURVE ( 'NONE', #3529, #3189, #1548, .T. ) ;
#3286 = CARTESIAN_POINT ( 'NONE',  ( 1.288294794389030828, 1.099000000000000199, -1.391233548538874043 ) ) ;
#3287 = CARTESIAN_POINT ( 'NONE',  ( 1.244537231709696323, 1.100000000000004752, -0.8281760239183072470 ) ) ;
#3288 = EDGE_CURVE ( 'NONE', #900, #2375, #100, .T. ) ;
#3289 = B_SPLINE_CURVE_WITH_KNOTS ( 'NONE', 3,
 ( #4130, #111, #3429, #1424, #2797, #122, #4114, #211, #4249, #2678, #2044 ),
 .UNSPECIFIED., .F., .F.,
 ( 4, 1, 1, 1, 1, 1, 1, 1, 4 ),
 ( 1.084202172485504434E-19, 1.938663137182161899E-05, 3.433932312556527670E-05, 4.525454960088458919E-05, 5.334334756977751163E-05, 5.999595465515034570E-05, 6.762688631190154928E-05, 7.827580434171727323E-05, 9.298585043447007005E-05 ),
 .UNSPECIFIED. ) ;
#3290 = CARTESIAN_POINT ( 'NONE',  ( 1.239097521804846780, 1.098999999999999755, 0.6486563623052302718 ) ) ;
#3291 =( NAMED_UNIT ( * ) SI_UNIT ( $, .STERADIAN. ) SOLID_ANGLE_UNIT ( ) );
#3292 = CARTESIAN_POINT ( 'NONE',  ( 1.266773821457273463, 1.100000000000000533, -1.457756556014308202 ) ) ;
#3293 = EDGE_CURVE ( 'NONE', #97, #4047, #1340, .T. ) ;
#3294 = ORIENTED_EDGE ( 'NONE', *, *, #3766, .F. ) ;
#3295 = CARTESIAN_POINT ( 'NONE',  ( 1.288448779940592814, 1.099499999999991040, -1.397485152529598817 ) ) ;
#3296 = AXIS2_PLACEMENT_3D ( 'NONE', #871, #3625, #1616 ) ;
#3297 = CARTESIAN_POINT ( 'NONE',  ( 0.4556525079350477458, 1.099499999999997923, -0.4403793731144299839 ) ) ;
#3298 = VERTEX_POINT ( 'NONE', #3157 ) ;
#3299 = FILL_AREA_STYLE ('',( #1987 ) ) ;
#3300 = LINE ( 'NONE', #1395, #2100 ) ;
#3301 = CARTESIAN_POINT ( 'NONE',  ( 0.4317262611585562793, 1.099000000000153854, -1.450800453957566738 ) ) ;
#3302 = CARTESIAN_POINT ( 'NONE',  ( -1.775000000000003908, 1.641482089143055291E-15, 0.7750000000000002442 ) ) ;
#3303 = EDGE_LOOP ( 'NONE', ( #527, #2614, #4364, #878 ) ) ;
#3304 = CARTESIAN_POINT ( 'NONE',  ( 0.4962775079350478236, 1.099499999999995259, 0.09204250188556994949 ) ) ;
#3305 = CARTESIAN_POINT ( 'NONE',  ( 0.4666125005450472152, 1.099000000000000199, -0.4401584748158344773 ) ) ;
#3306 = ORIENTED_EDGE ( 'NONE', *, *, #764, .T. ) ;
#3307 = ORIENTED_EDGE ( 'NONE', *, *, #1093, .F. ) ;
#3308 = CARTESIAN_POINT ( 'NONE',  ( 1.275623677516991794, 1.099000000000003974, -1.457949159081260104 ) ) ;
#3309 = ORIENTED_EDGE ( 'NONE', *, *, #4060, .F. ) ;
#3310 = ORIENTED_EDGE ( 'NONE', *, *, #94, .T. ) ;
#3311 = CARTESIAN_POINT ( 'NONE',  ( 1.283379587518902021, 1.099999999999993650, -1.346231262517279648 ) ) ;
#3312 = ORIENTED_EDGE ( 'NONE', *, *, #3011, .T. ) ;
#3313 = LINE ( 'NONE', #779, #2707 ) ;
#3314 = EDGE_CURVE ( 'NONE', #1926, #2438, #1807, .T. ) ;
#3315 = CARTESIAN_POINT ( 'NONE',  ( 0.7750000000000002442, 0.0000000000000000000, -2.009999999999999787 ) ) ;
#3316 = CARTESIAN_POINT ( 'NONE',  ( 0.3894322519161951268, 1.099000000000005750, 0.2722288083991814545 ) ) ;
#3317 = PRODUCT_CONTEXT ( 'NONE', #3916, 'mechanical' ) ;
#3318 = CARTESIAN_POINT ( 'NONE',  ( 0.5298712579350476348, 1.100000000000000089, -0.4235824981144300505 ) ) ;
#3319 = CARTESIAN_POINT ( 'NONE',  ( 0.4276117779687664266, 1.100000000000000089, -1.378041193257830699 ) ) ;
#3320 = VECTOR ( 'NONE', #2053, 1000.000000000000000 ) ;
#3321 = LINE ( 'NONE', #4159, #1069 ) ;
#3322 = ORIENTED_EDGE ( 'NONE', *, *, #1066, .T. ) ;
#3323 =( GEOMETRIC_REPRESENTATION_CONTEXT ( 3 ) GLOBAL_UNCERTAINTY_ASSIGNED_CONTEXT ( ( #1856 ) ) GLOBAL_UNIT_ASSIGNED_CONTEXT ( ( #2537, #3167, #3812 ) ) REPRESENTATION_CONTEXT ( 'NONE', 'WORKASPACE' ) );
#3324 = CARTESIAN_POINT ( 'NONE',  ( 0.4864218967266703553, 1.098999999999999533, -0.4377465348348381080 ) ) ;
#3325 = FACE_OUTER_BOUND ( 'NONE', #2880, .T. ) ;
#3326 = UNCERTAINTY_MEASURE_WITH_UNIT (LENGTH_MEASURE( 1.000000000000000082E-05 ), #870, 'distance_accuracy_value', 'NONE');
#3327 = EDGE_LOOP ( 'NONE', ( #3312, #2166, #3790, #1362 ) ) ;
#3328 = ORIENTED_EDGE ( 'NONE', *, *, #3758, .F. ) ;
#3329 = CARTESIAN_POINT ( 'NONE',  ( -2.010000000000000675, 0.2499999999999997780, -0.7749999999999998002 ) ) ;
#3330 = CARTESIAN_POINT ( 'NONE',  ( 0.4291566463139711018, 1.099000000000153854, -1.439641903714004467 ) ) ;
#3331 = CARTESIAN_POINT ( 'NONE',  ( 1.860000000000000098, 1.100000000000000089, 1.197867965644035415 ) ) ;
#3332 = PRODUCT_DEFINITION_SHAPE ( 'NONE', 'NONE',  #2323 ) ;
#3333 = CARTESIAN_POINT ( 'NONE',  ( -1.505269072231613992, 1.100000000000000089, -0.4055452744998473968 ) ) ;
#3334 = SURFACE_SIDE_STYLE ('',( #1380 ) ) ;
#3335 = VECTOR ( 'NONE', #2124, 999.9999999999998863 ) ;
#3336 = EDGE_CURVE ( 'NONE', #2852, #2841, #2317, .T. ) ;
#3337 = CARTESIAN_POINT ( 'NONE',  ( 0.4666125005450471597, 1.098999999999999977, -0.4401584748158344218 ) ) ;
#3338 = CARTESIAN_POINT ( 'NONE',  ( -0.5190920643575979154, 1.100000000000000089, -0.3144435422163850968 ) ) ;
#3339 = EDGE_CURVE ( 'NONE', #1198, #3594, #3906, .T. ) ;
#3340 = CARTESIAN_POINT ( 'NONE',  ( -1.859999999999999210, 1.050000000000000044, 1.197867965644032973 ) ) ;
#3341 = SURFACE_SIDE_STYLE ('',( #3166 ) ) ;
#3342 = CARTESIAN_POINT ( 'NONE',  ( 0.4085205959838505430, 1.099999999999997202, 0.9342951393173994923 ) ) ;
#3343 = CARTESIAN_POINT ( 'NONE',  ( 1.216868957896007908, 1.100000000000000311, 1.386132331016935115 ) ) ;
#3344 = ORIENTED_EDGE ( 'NONE', *, *, #1186, .T. ) ;
#3345 = FILL_AREA_STYLE_COLOUR ( '', #366 ) ;
#3346 = VECTOR ( 'NONE', #4125, 1000.000000000000000 ) ;
#3347 = AXIS2_PLACEMENT_3D ( 'NONE', #4086, #2404, #358 ) ;
#3348 = ORIENTED_EDGE ( 'NONE', *, *, #1036, .T. ) ;
#3349 = FACE_OUTER_BOUND ( 'NONE', #1113, .T. ) ;
#3350 = ORIENTED_EDGE ( 'NONE', *, *, #1285, .T. ) ;
#3351 = DIRECTION ( 'NONE',  ( -0.01908049524388661516, 0.0000000000000000000, 0.9998179507796646215 ) ) ;
#3352 = MECHANICAL_DESIGN_GEOMETRIC_PRESENTATION_REPRESENTATION (  '', ( #2566 ), #2994 ) ;
#3353 =( NAMED_UNIT ( * ) PLANE_ANGLE_UNIT ( ) SI_UNIT ( $, .RADIAN. ) );
#3354 = CARTESIAN_POINT ( 'NONE',  ( 0.0000000000000000000, 0.0000000000000000000, 0.0000000000000000000 ) ) ;
#3355 = ORIENTED_EDGE ( 'NONE', *, *, #543, .T. ) ;
#3356 = CARTESIAN_POINT ( 'NONE',  ( 0.3621798918612417206, 1.099000000000003530, 1.466679791529564625 ) ) ;
#3357 = CARTESIAN_POINT ( 'NONE',  ( 1.219390399107898926, 1.099000000000000199, 1.374868009868736252 ) ) ;
#3358 = ORIENTED_EDGE ( 'NONE', *, *, #3240, .T. ) ;
#3359 = EDGE_LOOP ( 'NONE', ( #2093, #1921, #2544 ) ) ;
#3360 = CARTESIAN_POINT ( 'NONE',  ( -0.9239550564835787849, 1.099000000000000199, 0.4629693711694404801 ) ) ;
#3361 = B_SPLINE_CURVE_WITH_KNOTS ( 'NONE', 3,
 ( #4319, #874, #925, #1255, #1605, #1298, #4266, #3236, #3281, #2935, #1281 ),
 .UNSPECIFIED., .F., .F.,
 ( 4, 1, 1, 1, 1, 1, 1, 1, 4 ),
 ( 0.0000000000000000000, 1.460598405932698043E-05, 2.561673713897487704E-05, 3.368443865026841624E-05, 4.056664254413435198E-05, 4.901393021868779692E-05, 6.043355347875274740E-05, 7.637836943945776477E-05, 9.703341347251247164E-05 ),
 .UNSPECIFIED. ) ;
#3362 = ORIENTED_EDGE ( 'NONE', *, *, #851, .F. ) ;
#3363 = LINE ( 'NONE', #3964, #1484 ) ;
#3364 = CARTESIAN_POINT ( 'NONE',  ( 0.5124774926147315224, 1.099000000000000199, 0.2636974353391679515 ) ) ;
#3365 =( NAMED_UNIT ( * ) SI_UNIT ( $, .STERADIAN. ) SOLID_ANGLE_UNIT ( ) );
#3366 = EDGE_CURVE ( 'NONE', #1581, #3594, #972, .T. ) ;
#3367 = VECTOR ( 'NONE', #1134, 1000.000000000000000 ) ;
#3368 = CARTESIAN_POINT ( 'NONE',  ( -0.4976007257749201496, 1.099000000000000199, -0.2283818099329219531 ) ) ;
#3369 = CARTESIAN_POINT ( 'NONE',  ( -1.481854899003264059, 1.099000000000000199, 0.4763243317993647863 ) ) ;
#3370 = VERTEX_POINT ( 'NONE', #846 ) ;
#3371 = CARTESIAN_POINT ( 'NONE',  ( -0.6646435604205906955, 1.099000000000000199, -0.4946457469407961605 ) ) ;
#3372 = SURFACE_STYLE_USAGE ( .BOTH. , #3334 ) ;
#3373 = FACE_OUTER_BOUND ( 'NONE', #1774, .T. ) ;
#3374 = AXIS2_PLACEMENT_3D ( 'NONE', #3387, #4083, #2779 ) ;
#3375 = CARTESIAN_POINT ( 'NONE',  ( 1.221703756484531000, 1.099000000000000421, 1.335936295758828329 ) ) ;
#3376 = CARTESIAN_POINT ( 'NONE',  ( 0.4288652623324113455, 1.099000000000135424, -1.367743631766648482 ) ) ;
#3377 = LINE ( 'NONE', #1975, #169 ) ;
#3378 = CARTESIAN_POINT ( 'NONE',  ( 1.276826848068437936, 1.099000000000000643, -0.8458328698429069537 ) ) ;
#3379 = CARTESIAN_POINT ( 'NONE',  ( -2.010000000000000231, 0.2499999999999997780, -2.009999999999999787 ) ) ;
#3380 =( GEOMETRIC_REPRESENTATION_CONTEXT ( 3 ) GLOBAL_UNCERTAINTY_ASSIGNED_CONTEXT ( ( #589 ) ) GLOBAL_UNIT_ASSIGNED_CONTEXT ( ( #2582, #3228, #2552 ) ) REPRESENTATION_CONTEXT ( 'NONE', 'WORKASPACE' ) );
#3381 = DIRECTION ( 'NONE',  ( 0.7071067811865462405, 6.133173666733500497E-16, -0.7071067811865489050 ) ) ;
#3382 = CARTESIAN_POINT ( 'NONE',  ( 1.238375214832135862, 1.099000000000000199, 0.6722689423696501798 ) ) ;
#3383 = CARTESIAN_POINT ( 'NONE',  ( 0.4564542462373982201, 1.100000000000000089, 0.1160533539143780712 ) ) ;
#3384 = PLANE ( 'NONE',  #1939 ) ;
#3385 = CARTESIAN_POINT ( 'NONE',  ( 1.221646227294415299, 1.100000000000000089, 1.341211743792765754 ) ) ;
#3386 = CARTESIAN_POINT ( 'NONE',  ( 0.3889398718378253017, 1.099000000000000421, 0.9377551464403922621 ) ) ;
#3387 = CARTESIAN_POINT ( 'NONE',  ( -0.7750000000000002442, -1.019150042136366526E-16, -1.775000000000001465 ) ) ;
#3388 = EDGE_CURVE ( 'NONE', #775, #202, #4016, .T. ) ;
#3389 = ORIENTED_EDGE ( 'NONE', *, *, #984, .T. ) ;
#3390 = CARTESIAN_POINT ( 'NONE',  ( 2.009999999999999343, 1.050000000000000044, -2.009999999999999787 ) ) ;
#3391 = VECTOR ( 'NONE', #4244, 1000.000000000000000 ) ;
#3392 = CARTESIAN_POINT ( 'NONE',  ( 1.227407189467063953, 1.100000000000002087, 0.5927238958993377160 ) ) ;
#3393 = VERTEX_POINT ( 'NONE', #170 ) ;
#3394 = MANIFOLD_SOLID_BREP ( 'NONE', #3001 ) ;
#3395 = DIRECTION ( 'NONE',  ( 0.0000000000000000000, 1.000000000000000000, 0.0000000000000000000 ) ) ;
#3396 = CARTESIAN_POINT ( 'NONE',  ( 0.4516343660860382414, 1.099999999999999645, 0.9368133320723572854 ) ) ;
#3397 = PRESENTATION_LAYER_ASSIGNMENT (  '', '', ( #929 ) ) ;
#3398 = VECTOR ( 'NONE', #152, 1000.000000000000000 ) ;
#3399 = EDGE_LOOP ( 'NONE', ( #3271, #1553, #4264, #3294, #3955, #1286, #495, #1742, #2714, #1235 ) ) ;
#3400 = CARTESIAN_POINT ( 'NONE',  ( 1.210013424146748173, 1.100000000000000311, 1.280003829352935441 ) ) ;
#3401 = CARTESIAN_POINT ( 'NONE',  ( 1.232980029940592859, 1.099000000000000199, -0.8347898400295982180 ) ) ;
#3402 = ORIENTED_EDGE ( 'NONE', *, *, #3944, .T. ) ;
#3403 = ORIENTED_EDGE ( 'NONE', *, *, #2682, .T. ) ;
#3404 =( LENGTH_UNIT ( ) NAMED_UNIT ( * ) SI_UNIT ( .MILLI., .METRE. ) );
#3405 = CARTESIAN_POINT ( 'NONE',  ( -0.7750000000000001332, 0.2500000000000000000, -2.009999999999999787 ) ) ;
#3406 = ORIENTED_EDGE ( 'NONE', *, *, #2771, .F. ) ;
#3407 = EDGE_LOOP ( 'NONE', ( #2022, #3200, #2490, #3952, #127, #3587, #717, #2039 ) ) ;
#3408 = VERTEX_POINT ( 'NONE', #824 ) ;
#3409 = DIRECTION ( 'NONE',  ( 1.000000000000000000, 0.0000000000000000000, -3.620439659733559842E-16 ) ) ;
#3410 = CARTESIAN_POINT ( 'NONE',  ( 0.4690281314063543538, 1.099999999999999645, 0.2495333986187597830 ) ) ;
#3411 = DIRECTION ( 'NONE',  ( 0.0000000000000000000, 1.000000000000000000, 0.0000000000000000000 ) ) ;
#3412 = VERTEX_POINT ( 'NONE', #3202 ) ;
#3413 = LINE ( 'NONE', #4162, #1539 ) ;
#3414 = CARTESIAN_POINT ( 'NONE',  ( 1.199630593666895395, 1.098999999999999977, 1.272893824678938079 ) ) ;
#3415 = FACE_OUTER_BOUND ( 'NONE', #1725, .T. ) ;
#3416 =( NAMED_UNIT ( * ) SI_UNIT ( $, .STERADIAN. ) SOLID_ANGLE_UNIT ( ) );
#3417 = EDGE_CURVE ( 'NONE', #1736, #1914, #1699, .T. ) ;
#3418 = ORIENTED_EDGE ( 'NONE', *, *, #3086, .F. ) ;
#3419 = DIRECTION ( 'NONE',  ( 0.9096111022939517010, 0.0000000000000000000, 0.4154607593787673081 ) ) ;
#3420 = CARTESIAN_POINT ( 'NONE',  ( 1.278161461003053168, 1.098999999999999977, -0.8608714527792582505 ) ) ;
#3421 = FACE_OUTER_BOUND ( 'NONE', #2698, .T. ) ;
#3422 = CARTESIAN_POINT ( 'NONE',  ( 0.3997380334563268578, 1.099000000000000199, 1.490242793065526428 ) ) ;
#3423 = FACE_OUTER_BOUND ( 'NONE', #1907, .T. ) ;
#3424 = VECTOR ( 'NONE', #849, 1000.000000000000114 ) ;
#3425 = CARTESIAN_POINT ( 'NONE',  ( 1.189526592139774186, 1.099000000000000199, 1.395092700311159506 ) ) ;
#3426 = ORIENTED_EDGE ( 'NONE', *, *, #118, .F. ) ;
#3427 = EDGE_CURVE ( 'NONE', #3841, #2895, #2018, .T. ) ;
#3428 = ORIENTED_EDGE ( 'NONE', *, *, #4187, .F. ) ;
#3429 = CARTESIAN_POINT ( 'NONE',  ( 1.278161461003053168, 1.098999999999998645, -0.8608714527792582505 ) ) ;
#3430 = FACE_OUTER_BOUND ( 'NONE', #510, .T. ) ;
#3431 = CARTESIAN_POINT ( 'NONE',  ( 1.244698779940592859, 1.099000000000000199, -1.447875777529598063 ) ) ;
#3432 = LINE ( 'NONE', #1318, #1760 ) ;
#3433 = CARTESIAN_POINT ( 'NONE',  ( -2.009999999999999343, 1.050000000000000044, 2.009999999999999787 ) ) ;
#3434 = DIRECTION ( 'NONE',  ( 0.0000000000000000000, -0.0000000000000000000, 1.000000000000000000 ) ) ;
#3435 = CARTESIAN_POINT ( 'NONE',  ( 0.4179409674405927810, 1.099000000000000199, -0.9084226525295984178 ) ) ;
#3436 = CARTESIAN_POINT ( 'NONE',  ( 1.274378195818535175, 1.098999999999999977, -0.8348012533504806099 ) ) ;
#3437 = CARTESIAN_POINT ( 'NONE',  ( 1.278827208874943500, 1.099999999999994760, -0.8847264881922133339 ) ) ;
#3438 = MECHANICAL_DESIGN_GEOMETRIC_PRESENTATION_REPRESENTATION (  '', ( #1655 ), #584 ) ;
#3439 = CARTESIAN_POINT ( 'NONE',  ( 0.4068260172365112393, 1.100000000000000311, -0.4150511250544166586 ) ) ;
#3440 = CARTESIAN_POINT ( 'NONE',  ( 0.3811381160545314617, 1.100000000000001643, 1.486564028853113006 ) ) ;
#3441 = CARTESIAN_POINT ( 'NONE',  ( 0.4420378526696251975, 1.099000000000000199, 0.2469767281807931092 ) ) ;
#3442 = DIRECTION ( 'NONE',  ( 1.000000000000000000, 0.0000000000000000000, -0.0000000000000000000 ) ) ;
#3443 = B_SPLINE_SURFACE_WITH_KNOTS ( 'NONE', 3, 1, ( 
 ( #341, #2729 ),
 ( #3048, #1035 ),
 ( #622, #4352 ),
 ( #3010, #2781 ) ),
 .UNSPECIFIED., .F., .F., .F.,
 ( 4, 4 ),
 ( 2, 2 ),
 ( 0.2727272727272727071, 0.3636363636363636465 ),
 ( 0.0000000000000000000, 1.000000000000000000 ),
 .UNSPECIFIED. ) ;
#3444 = DIRECTION ( 'NONE',  ( 0.7071067811865462405, 0.0000000000000000000, 0.7071067811865489050 ) ) ;
#3445 = CARTESIAN_POINT ( 'NONE',  ( 1.194326983513656737, 1.100000000000001421, 1.397172844360087707 ) ) ;
#3446 = CARTESIAN_POINT ( 'NONE',  ( -1.197867965644032973, 1.100000000000000089, -1.859999999999999654 ) ) ;
#3447 = ORIENTED_EDGE ( 'NONE', *, *, #3665, .F. ) ;
#3448 = ADVANCED_FACE ( 'NONE', ( #2555 ), #2042, .T. ) ;
#3449 = CARTESIAN_POINT ( 'NONE',  ( 1.288294794389030828, 1.100000000000000755, -1.391233548538874043 ) ) ;
#3450 = EDGE_CURVE ( 'NONE', #1370, #1584, #3793, .T. ) ;
#3451 = CARTESIAN_POINT ( 'NONE',  ( 0.4709375649320929891, 1.099000000000000199, 0.7947000415962391928 ) ) ;
#3452 = VECTOR ( 'NONE', #1461, 1000.000000000000000 ) ;
#3453 = EDGE_LOOP ( 'NONE', ( #3204, #1064, #3566, #1866, #3996, #2224 ) ) ;
#3454 = CARTESIAN_POINT ( 'NONE',  ( 0.4064425383190774510, 1.100000000000000311, -0.4096566426641825576 ) ) ;
#3455 = DIRECTION ( 'NONE',  ( 0.7071067811865469066, 0.0000000000000000000, 0.7071067811865482389 ) ) ;
#3456 = SURFACE_SIDE_STYLE ('',( #413 ) ) ;
#3457 = CARTESIAN_POINT ( 'NONE',  ( 0.4576608047253808431, 1.100000000000000089, 0.8006735414465170342 ) ) ;
#3458 = CARTESIAN_POINT ( 'NONE',  ( 0.4516343660860382414, 1.098999999999999755, 0.9368133320723572854 ) ) ;
#3459 = ORIENTED_EDGE ( 'NONE', *, *, #3712, .F. ) ;
#3460 = B_SPLINE_SURFACE_WITH_KNOTS ( 'NONE', 3, 1, ( 
 ( #2414, #371 ),
 ( #1437, #3454 ),
 ( #4128, #3439 ),
 ( #3749, #1110 ),
 ( #1053, #2087 ),
 ( #1396, #1447 ),
 ( #742, #1409 ),
 ( #4098, #2770 ),
 ( #3795, #1070 ),
 ( #3761, #2430 ),
 ( #726, #3089 ) ),
 .UNSPECIFIED., .F., .F., .F.,
 ( 4, 1, 1, 1, 1, 1, 1, 1, 4 ),
 ( 2, 2 ),
 ( 0.0000000000000000000, 0.1236068938263152617, 0.2322503210105519023, 0.3323442578780407830, 0.4255126411585591351, 0.5331790718045247290, 0.6573545666612784499, 0.8124698955084863616, 1.000000000000000000 ),
 ( 0.0000000000000000000, 1.000000000000000000 ),
 .UNSPECIFIED. ) ;
#3461 = ORIENTED_EDGE ( 'NONE', *, *, #2006, .F. ) ;
#3462 = CARTESIAN_POINT ( 'NONE',  ( -2.010000000000000231, 1.050000000000000044, -1.259999999999998899 ) ) ;
#3463 = ORIENTED_EDGE ( 'NONE', *, *, #4089, .T. ) ;
#3464 = DIRECTION ( 'NONE',  ( 0.0000000000000000000, -0.0000000000000000000, 1.000000000000000000 ) ) ;
#3465 = CARTESIAN_POINT ( 'NONE',  ( 0.3714509147944154988, 1.099999999999999867, 0.9677742437927659980 ) ) ;
#3466 = STYLED_ITEM ( 'NONE', ( #3799 ), #3155 ) ;
#3467 = ORIENTED_EDGE ( 'NONE', *, *, #2450, .F. ) ;
#3468 = DIRECTION ( 'NONE',  ( 0.0000000000000000000, 1.000000000000000000, 0.0000000000000000000 ) ) ;
#3469 = B_SPLINE_SURFACE_WITH_KNOTS ( 'NONE', 3, 1, ( 
 ( #3753, #3068 ),
 ( #3441, #2406 ),
 ( #3742, #1734 ),
 ( #3080, #3779 ),
 ( #395, #3410 ),
 ( #2784, #2091 ),
 ( #381, #2774 ),
 ( #731, #745 ),
 ( #3110, #4139 ),
 ( #2225, #3196 ),
 ( #542, #2241 ) ),
 .UNSPECIFIED., .F., .F., .F.,
 ( 4, 1, 1, 1, 1, 1, 1, 1, 4 ),
 ( 2, 2 ),
 ( 0.0000000000000000000, 0.1476840362725723999, 0.2806220788315175185, 0.4040628071562295531, 0.5233414091601490403, 0.6387570474572938917, 0.7546486285501172731, 0.8746849062435876343, 1.000000000000000000 ),
 ( 0.0000000000000000000, 1.000000000000000000 ),
 .UNSPECIFIED. ) ;
#3470 = CARTESIAN_POINT ( 'NONE',  ( 0.4109040397944155876, 1.099000000000000199, 1.490625806292765754 ) ) ;
#3471 = PLANE ( 'NONE',  #2040 ) ;
#3472 = VERTEX_POINT ( 'NONE', #2888 ) ;
#3473 = VECTOR ( 'NONE', #4018, 1000.000000000000000 ) ;
#3474 = CARTESIAN_POINT ( 'NONE',  ( 0.4398159674405927588, 1.100000000000000089, -0.9779539025295983512 ) ) ;
#3475 = ORIENTED_EDGE ( 'NONE', *, *, #2637, .F. ) ;
#3476 = CARTESIAN_POINT ( 'NONE',  ( 0.4087664657552774194, 1.099999999999999645, 0.1092239270946689655 ) ) ;
#3477 = CARTESIAN_POINT ( 'NONE',  ( 0.4316146909451480385, 1.099000000000000421, 1.489671576899805672 ) ) ;
#3478 = ADVANCED_FACE ( 'NONE', ( #788 ), #3184, .F. ) ;
#3479 = SURFACE_STYLE_FILL_AREA ( #1731 ) ;
#3480 = ORIENTED_EDGE ( 'NONE', *, *, #2987, .T. ) ;
#3481 = CARTESIAN_POINT ( 'NONE',  ( 1.186880602294415388, 1.098999999999895172, 1.393946118792765754 ) ) ;
#3482 = EDGE_CURVE ( 'NONE', #339, #1788, #4328, .T. ) ;
#3483 = LINE ( 'NONE', #551, #276 ) ;
#3484 = VECTOR ( 'NONE', #1525, 999.9999999999998863 ) ;
#3485 = DIRECTION ( 'NONE',  ( -0.0000000000000000000, -1.000000000000000000, -4.336808689942020694E-16 ) ) ;
#3486 = VECTOR ( 'NONE', #912, 1000.000000000000000 ) ;
#3487 = CARTESIAN_POINT ( 'NONE',  ( 1.287155693903437870, 1.098999999999999977, -1.365671648715105047 ) ) ;
#3488 = CARTESIAN_POINT ( 'NONE',  ( 0.3684047411851410492, 1.100000000000000533, 1.480091653380008365 ) ) ;
#3489 = CARTESIAN_POINT ( 'NONE',  ( 0.4608765230774166111, 1.099000000000000421, 1.472451505886179790 ) ) ;
#3490 = MECHANICAL_DESIGN_GEOMETRIC_PRESENTATION_REPRESENTATION (  '', ( #158 ), #3953 ) ;
#3491 = ADVANCED_FACE ( 'NONE', ( #4129 ), #1606, .T. ) ;
#3492 = CARTESIAN_POINT ( 'NONE',  ( 0.4318249699044150458, 1.100000000000000533, 0.9344013920913615268 ) ) ;
#3493 = CARTESIAN_POINT ( 'NONE',  ( 2.009999999999999343, 1.050000000000000044, -2.009999999999999787 ) ) ;
#3494 = CARTESIAN_POINT ( 'NONE',  ( 0.3888446801147316112, 1.100000000000000089, 0.2804943103391680514 ) ) ;
#3495 =( GEOMETRIC_REPRESENTATION_CONTEXT ( 3 ) GLOBAL_UNCERTAINTY_ASSIGNED_CONTEXT ( ( #3133 ) ) GLOBAL_UNIT_ASSIGNED_CONTEXT ( ( #4358, #1694, #1357 ) ) REPRESENTATION_CONTEXT ( 'NONE', 'WORKASPACE' ) );
#3496 = CARTESIAN_POINT ( 'NONE',  ( 0.4277341947191959370, 1.099999999999996314, -1.413627904278438985 ) ) ;
#3497 = ADVANCED_FACE ( 'NONE', ( #533 ), #1283, .F. ) ;
#3498 = CARTESIAN_POINT ( 'NONE',  ( -0.7750000000000002442, 0.0000000000000000000, 1.775000000000000577 ) ) ;
#3499 = CARTESIAN_POINT ( 'NONE',  ( 0.4164986062495964481, 1.099000000000000199, 0.9342210454321382418 ) ) ;
#3500 = EDGE_CURVE ( 'NONE', #3768, #4371, #607, .T. ) ;
#3501 = CARTESIAN_POINT ( 'NONE',  ( 0.3908346353647464411, 1.098999999999999977, 0.2646069886810794580 ) ) ;
#3502 = ORIENTED_EDGE ( 'NONE', *, *, #323, .F. ) ;
#3503 = CARTESIAN_POINT ( 'NONE',  ( 0.4171317987766430258, 1.100000000000000311, 0.8029628596119289252 ) ) ;
#3504 = DIRECTION ( 'NONE',  ( 2.157616263652745752E-16, 0.0000000000000000000, 1.000000000000000000 ) ) ;
#3505 = CARTESIAN_POINT ( 'NONE',  ( 0.4109040397944155876, 1.099499999999995925, 1.490625806292765754 ) ) ;
#3506 = B_SPLINE_SURFACE_WITH_KNOTS ( 'NONE', 3, 1, ( 
 ( #2876, #864 ),
 ( #535, #850 ),
 ( #3208, #1203 ),
 ( #3586, #192 ) ),
 .UNSPECIFIED., .F., .F., .F.,
 ( 4, 4 ),
 ( 2, 2 ),
 ( 0.8181818181818183433, 0.9090909090909092827 ),
 ( 0.0000000000000000000, 1.000000000000000000 ),
 .UNSPECIFIED. ) ;
#3507 = FACE_OUTER_BOUND ( 'NONE', #3399, .T. ) ;
#3508 = EDGE_CURVE ( 'NONE', #2895, #4150, #416, .T. ) ;
#3509 = ORIENTED_EDGE ( 'NONE', *, *, #2213, .F. ) ;
#3510 = CARTESIAN_POINT ( 'NONE',  ( -1.859999999999999210, 1.050000000000000044, 0.0000000000000000000 ) ) ;
#3511 = ADVANCED_FACE ( 'NONE', ( #1817 ), #926, .T. ) ;
#3512 = DIRECTION ( 'NONE',  ( -0.8594096594572042669, 0.0000000000000000000, -0.5112876267147997700 ) ) ;
#3513 = CARTESIAN_POINT ( 'NONE',  ( 0.5124774926147315224, 1.100000000000000089, 0.2636974353391679515 ) ) ;
#3514 = LINE ( 'NONE', #418, #3569 ) ;
#3515 = VERTEX_POINT ( 'NONE', #3934 ) ;
#3516 = VERTEX_POINT ( 'NONE', #1309 ) ;
#3517 = CARTESIAN_POINT ( 'NONE',  ( 1.272192155811584957, 1.100000000000000755, -1.331791385286216656 ) ) ;
#3518 = EDGE_CURVE ( 'NONE', #2419, #2297, #1317, .T. ) ;
#3519 = CARTESIAN_POINT ( 'NONE',  ( 0.4146167306785602524, 1.100000000000000311, 1.490621464810682806 ) ) ;
#3520 = PRESENTATION_STYLE_ASSIGNMENT (( #3810 ) ) ;
#3521 = CARTESIAN_POINT ( 'NONE',  ( 0.4582170496465172715, 1.099000000000000199, 1.477853955471219338 ) ) ;
#3522 = ORIENTED_EDGE ( 'NONE', *, *, #1030, .T. ) ;
#3523 = CARTESIAN_POINT ( 'NONE',  ( 0.3888446801147316112, 1.099000000000000199, 0.2804943103391679404 ) ) ;
#3524 = DIRECTION ( 'NONE',  ( -0.0000000000000000000, -1.000000000000000000, -0.0000000000000000000 ) ) ;
#3525 = CARTESIAN_POINT ( 'NONE',  ( 0.4402670394050647862, 1.099000000000000199, 1.487953474900115314 ) ) ;
#3526 = ORIENTED_EDGE ( 'NONE', *, *, #1588, .F. ) ;
#3527 = MECHANICAL_DESIGN_GEOMETRIC_PRESENTATION_REPRESENTATION (  '', ( #426 ), #2726 ) ;
#3528 = ORIENTED_EDGE ( 'NONE', *, *, #1353, .T. ) ;
#3529 = VERTEX_POINT ( 'NONE', #279 ) ;
#3530 = ORIENTED_EDGE ( 'NONE', *, *, #2823, .F. ) ;
#3531 = FILL_AREA_STYLE_COLOUR ( '', #3601 ) ;
#3532 = DIRECTION ( 'NONE',  ( -0.0000000000000000000, 0.0000000000000000000, -1.000000000000000000 ) ) ;
#3533 = AXIS2_PLACEMENT_3D ( 'NONE', #1789, #570, #3 ) ;
#3534 = CARTESIAN_POINT ( 'NONE',  ( 1.232025826741856900, 1.098999999999999977, 0.5985373217675169499 ) ) ;
#3535 = VECTOR ( 'NONE', #1184, 999.9999999999998863 ) ;
#3536 = CARTESIAN_POINT ( 'NONE',  ( 1.255768980152451642, 1.099999999999999867, -0.01501099108394800610 ) ) ;
#3537 = CARTESIAN_POINT ( 'NONE',  ( 0.4164986062495964481, 1.099999999999999867, 0.9342210454321382418 ) ) ;
#3538 = VERTEX_POINT ( 'NONE', #3966 ) ;
#3539 = ADVANCED_FACE ( 'NONE', ( #917 ), #1368, .T. ) ;
#3540 = CARTESIAN_POINT ( 'NONE',  ( 1.259542529940592681, 1.099000000000000199, -0.9476804650295981292 ) ) ;
#3541 = SURFACE_STYLE_FILL_AREA ( #955 ) ;
#3542 = CARTESIAN_POINT ( 'NONE',  ( 1.186880602294415388, 1.099000000000000199, 1.393946118792765754 ) ) ;
#3543 = SURFACE_STYLE_USAGE ( .BOTH. , #524 ) ;
#3544 = DIRECTION ( 'NONE',  ( -0.7071067811865466846, -0.0000000000000000000, -0.7071067811865483499 ) ) ;
#3545 = SURFACE_STYLE_FILL_AREA ( #2677 ) ;
#3546 = CARTESIAN_POINT ( 'NONE',  ( 0.5124774926147315224, 1.100000000000000089, 0.2636974353391679515 ) ) ;
#3547 = DIRECTION ( 'NONE',  ( -4.336808689942018722E-16, -1.000000000000000000, 0.0000000000000000000 ) ) ;
#3548 = CIRCLE ( 'NONE', #2862, 0.2266464119299103630 ) ;
#3549 = CARTESIAN_POINT ( 'NONE',  ( 1.287769158493794697, 1.099000000000000421, -1.432179803687375408 ) ) ;
#3550 = EDGE_CURVE ( 'NONE', #4213, #948, #1654, .T. ) ;
#3551 = CARTESIAN_POINT ( 'NONE',  ( 1.232025826741856900, 1.099999999999999867, 0.5985373217675169499 ) ) ;
#3552 = DIRECTION ( 'NONE',  ( 0.4247999946775884994, 0.0000000000000000000, -0.9052872276365777626 ) ) ;
#3553 = CARTESIAN_POINT ( 'NONE',  ( -2.010000000000000231, 1.050000000000000044, -2.009999999999999787 ) ) ;
#3554 = DIRECTION ( 'NONE',  ( 0.8728043946215182647, 0.0000000000000000000, -0.4880701678338526528 ) ) ;
#3555 = DIRECTION ( 'NONE',  ( 0.0000000000000000000, 1.000000000000000000, 0.0000000000000000000 ) ) ;
#3556 = CARTESIAN_POINT ( 'NONE',  ( 1.256491287125163003, 1.099000000000000199, -0.03862357114836765387 ) ) ;
#3557 = CARTESIAN_POINT ( 'NONE',  ( 0.5040900079350476570, 1.099000000000000199, -0.3173324981144300394 ) ) ;
#3558 = CARTESIAN_POINT ( 'NONE',  ( 0.3720384865958790699, 1.099000000000006194, 0.9595087418527791234 ) ) ;
#3559 =( GEOMETRIC_REPRESENTATION_CONTEXT ( 3 ) GLOBAL_UNCERTAINTY_ASSIGNED_CONTEXT ( ( #443 ) ) GLOBAL_UNIT_ASSIGNED_CONTEXT ( ( #832, #3903, #3886 ) ) REPRESENTATION_CONTEXT ( 'NONE', 'WORKASPACE' ) );
#3560 = DIRECTION ( 'NONE',  ( 0.0000000000000000000, -7.581733326769194682E-13, 1.000000000000000000 ) ) ;
#3561 = CARTESIAN_POINT ( 'NONE',  ( 0.4732144049405928032, 1.099999999999999867, -1.453149215029598151 ) ) ;
#3562 = DIRECTION ( 'NONE',  ( -0.9998179507796647325, 0.0000000000000000000, -0.01908049524388675394 ) ) ;
#3563 = ORIENTED_EDGE ( 'NONE', *, *, #3508, .F. ) ;
#3564 = DIRECTION ( 'NONE',  ( 0.9096111022939517010, 0.0000000000000000000, 0.4154607593787674746 ) ) ;
#3565 = CARTESIAN_POINT ( 'NONE',  ( 0.4316146909451480385, 1.100000000000000755, 1.489671576899805672 ) ) ;
#3566 = ORIENTED_EDGE ( 'NONE', *, *, #2612, .F. ) ;
#3567 = PLANE ( 'NONE',  #2133 ) ;
#3568 = DIRECTION ( 'NONE',  ( 0.0000000000000000000, -0.0000000000000000000, 1.000000000000000000 ) ) ;
#3569 = VECTOR ( 'NONE', #1136, 1000.000000000000000 ) ;
#3570 = CARTESIAN_POINT ( 'NONE',  ( 0.3817415484380849988, 1.099999999999999867, 0.7883735751938515390 ) ) ;
#3571 = B_SPLINE_CURVE_WITH_KNOTS ( 'NONE', 3,
 ( #3945, #3248, #3614, #1951, #1603, #1583, #4263, #556, #938, #3290, #3577 ),
 .UNSPECIFIED., .F., .F.,
 ( 4, 1, 1, 1, 1, 1, 1, 1, 4 ),
 ( 0.0000000000000000000, 8.152573046679265726E-06, 1.560446758378198769E-05, 2.265369305110761716E-05, 3.053496671793913439E-05, 3.956342181185748378E-05, 5.071274139239355443E-05, 6.398948291622100931E-05, 8.002440277392199421E-05 ),
 .UNSPECIFIED. ) ;
#3572 = CARTESIAN_POINT ( 'NONE',  ( 0.4398159674405927588, 1.099000000000000199, -0.9779539025295983512 ) ) ;
#3573 = ORIENTED_EDGE ( 'NONE', *, *, #3618, .F. ) ;
#3574 = CARTESIAN_POINT ( 'NONE',  ( 1.239008847429949434, 1.099999999999997424, -0.09934366101520127057 ) ) ;
#3575 = EDGE_CURVE ( 'NONE', #3998, #2807, #3984, .T. ) ;
#3576 = SURFACE_STYLE_FILL_AREA ( #370 ) ;
#3577 = CARTESIAN_POINT ( 'NONE',  ( 1.239039992614731522, 1.099499999999945743, 0.6539318103391680292 ) ) ;
#3578 =( NAMED_UNIT ( * ) SI_UNIT ( $, .STERADIAN. ) SOLID_ANGLE_UNIT ( ) );
#3579 = ORIENTED_EDGE ( 'NONE', *, *, #2823, .T. ) ;
#3580 = DIRECTION ( 'NONE',  ( 0.0000000000000000000, 1.000000000000000000, 0.0000000000000000000 ) ) ;
#3581 = CARTESIAN_POINT ( 'NONE',  ( 1.275623677516992016, 1.099000000000000421, -1.457949159081260104 ) ) ;
#3582 = DIRECTION ( 'NONE',  ( -0.0000000000000000000, -1.000000000000000000, -0.0000000000000000000 ) ) ;
#3583 = ORIENTED_EDGE ( 'NONE', *, *, #741, .T. ) ;
#3584 = VERTEX_POINT ( 'NONE', #3371 ) ;
#3585 = DIRECTION ( 'NONE',  ( 0.8612254267256904683, 0.0000000000000000000, 0.5082231442596374382 ) ) ;
#3586 = CARTESIAN_POINT ( 'NONE',  ( -0.6144117493969668553, 1.099000000000000199, 0.03437472550014940981 ) ) ;
#3587 = ORIENTED_EDGE ( 'NONE', *, *, #922, .F. ) ;
#3588 = VECTOR ( 'NONE', #873, 1000.000000000000000 ) ;
#3589 = CARTESIAN_POINT ( 'NONE',  ( 0.4275112799405929032, 1.100000000000000089, -1.407446090029598196 ) ) ;
#3590 = CARTESIAN_POINT ( 'NONE',  ( 1.256433757935047302, 1.099499999999945521, -0.03334812311443004912 ) ) ;
#3591 = CARTESIAN_POINT ( 'NONE',  ( 1.859999999999999210, 1.100000000000000089, -1.197867965644032529 ) ) ;
#3592 = CARTESIAN_POINT ( 'NONE',  ( -1.209744032861531648, 1.099000000000000199, 0.3468282688072377717 ) ) ;
#3593 = MECHANICAL_DESIGN_GEOMETRIC_PRESENTATION_REPRESENTATION (  '', ( #2465 ), #1649 ) ;
#3594 = VERTEX_POINT ( 'NONE', #4357 ) ;
#3595 = CARTESIAN_POINT ( 'NONE',  ( 0.7624722174405927921, 1.099000000000000199, -1.155102340029598107 ) ) ;
#3596 = CARTESIAN_POINT ( 'NONE',  ( 0.4306728810147195108, 1.099000000000000199, -0.8491051813517925817 ) ) ;
#3597 = EDGE_LOOP ( 'NONE', ( #3475, #2541, #526, #2540 ) ) ;
#3598 = CARTESIAN_POINT ( 'NONE',  ( -1.775000000000004130, 8.306242649238959469E-33, -0.7749999999999999112 ) ) ;
#3599 =( LENGTH_UNIT ( ) NAMED_UNIT ( * ) SI_UNIT ( .MILLI., .METRE. ) );
#3600 = CARTESIAN_POINT ( 'NONE',  ( 1.206920357460090854, 1.099000000000000643, 0.7078127668575614484 ) ) ;
#3601 = COLOUR_RGB ( '',0.0000000000000000000, 0.0000000000000000000, 0.0000000000000000000 ) ;
#3602 = MECHANICAL_DESIGN_GEOMETRIC_PRESENTATION_REPRESENTATION (  '', ( #2413 ), #1050 ) ;
#3603 = ORIENTED_EDGE ( 'NONE', *, *, #3146, .F. ) ;
#3604 = VECTOR ( 'NONE', #3116, 1000.000000000000000 ) ;
#3605 = DIRECTION ( 'NONE',  ( 0.7071067811865489050, 0.0000000000000000000, -0.7071067811865462405 ) ) ;
#3606 = VECTOR ( 'NONE', #30, 1000.000000000000000 ) ;
#3607 = CARTESIAN_POINT ( 'NONE',  ( -2.010000000000000231, 0.0000000000000000000, -1.259999999999998899 ) ) ;
#3608 = CARTESIAN_POINT ( 'NONE',  ( -1.757921040735550333, 1.099000000000000199, -0.1967603926100836564 ) ) ;
#3609 = B_SPLINE_CURVE_WITH_KNOTS ( 'NONE', 3,
 ( #4356, #2393, #683, #2348 ),
 .UNSPECIFIED., .F., .F.,
 ( 4, 4 ),
 ( 0.0000000000000000000, 0.001114856984642371551 ),
 .UNSPECIFIED. ) ;
#3610 = CARTESIAN_POINT ( 'NONE',  ( 1.249419592062173567, 1.099000000000000199, -0.08874261168608113537 ) ) ;
#3611 = VECTOR ( 'NONE', #3585, 1000.000000000000114 ) ;
#3612 = UNCERTAINTY_MEASURE_WITH_UNIT (LENGTH_MEASURE( 1.000000000000000082E-05 ), #975, 'distance_accuracy_value', 'NONE');
#3613 = CARTESIAN_POINT ( 'NONE',  ( 0.4690281314063543538, 1.098999999999999533, 0.2495333986187597830 ) ) ;
#3614 = CARTESIAN_POINT ( 'NONE',  ( 1.221615082109632766, 1.098999999999999311, 0.5879362724383965233 ) ) ;
#3615 = DIRECTION ( 'NONE',  ( -1.000000000000000000, 0.0000000000000000000, -0.0000000000000000000 ) ) ;
#3616 = CARTESIAN_POINT ( 'NONE',  ( 0.4180317780837535802, 1.100000000000003642, -0.8735431449338816323 ) ) ;
#3617 = CARTESIAN_POINT ( 'NONE',  ( 1.288540691756391743, 1.100000000000000977, -1.404259528453683847 ) ) ;
#3618 = EDGE_CURVE ( 'NONE', #1241, #3768, #173, .T. ) ;
#3619 = CARTESIAN_POINT ( 'NONE',  ( -2.010000000000000231, 1.050000000000000044, 0.0000000000000000000 ) ) ;
#3620 = AXIS2_PLACEMENT_3D ( 'NONE', #4332, #2985, #2309 ) ;
#3621 = CARTESIAN_POINT ( 'NONE',  ( 1.237222884201608419, 1.100000000000004530, -0.8323617905389003591 ) ) ;
#3622 = B_SPLINE_CURVE_WITH_KNOTS ( 'NONE', 3,
 ( #1884, #190, #1221, #2516, #2850, #814, #3176, #3565, #1168, #3519, #1592 ),
 .UNSPECIFIED., .F., .F.,
 ( 4, 1, 1, 1, 1, 1, 1, 1, 4 ),
 ( 0.0000000000000000000, 5.963880216887361881E-06, 1.166403173872031532E-05, 1.762791195560777969E-05, 2.448830115766681111E-05, 3.217847599258535614E-05, 4.098513122941581746E-05, 5.103372770938013848E-05, 6.221264457101945004E-05 ),
 .UNSPECIFIED. ) ;
#3623 = CARTESIAN_POINT ( 'NONE',  ( 0.4227989373780280946, 1.099000000000000421, -0.9597961795455132172 ) ) ;
#3624 = ORIENTED_EDGE ( 'NONE', *, *, #1588, .T. ) ;
#3625 = DIRECTION ( 'NONE',  ( -0.0000000000000000000, -1.000000000000000000, -0.0000000000000000000 ) ) ;
#3626 = CARTESIAN_POINT ( 'NONE',  ( -1.757921040735550333, 1.100000000000000089, -0.1967603926100836564 ) ) ;
#3627 = DIRECTION ( 'NONE',  ( -1.795779995835204083E-16, 4.336808689942020694E-16, -1.000000000000000000 ) ) ;
#3628 = CARTESIAN_POINT ( 'NONE',  ( 0.5269570037307060861, 1.099999999999997646, -0.4249221735977066761 ) ) ;
#3629 = LINE ( 'NONE', #1290, #932 ) ;
#3630 = ORIENTED_EDGE ( 'NONE', *, *, #1768, .F. ) ;
#3631 = DIRECTION ( 'NONE',  ( 0.0000000000000000000, 1.000000000000000000, 0.0000000000000000000 ) ) ;
#3632 = LINE ( 'NONE', #53, #2741 ) ;
#3633 = CARTESIAN_POINT ( 'NONE',  ( -1.207517891129247234, 1.099000000000000199, 0.5512005522718045336 ) ) ;
#3634 = B_SPLINE_CURVE_WITH_KNOTS ( 'NONE', 3,
 ( #3667, #1638, #625, #3330, #3301, #277, #3979, #4345, #1306, #596, #3656 ),
 .UNSPECIFIED., .F., .F.,
 ( 4, 1, 1, 1, 1, 1, 1, 1, 4 ),
 ( 0.0000000000000000000, 1.862456217151073169E-05, 3.337899444456338263E-05, 4.487567463699690818E-05, 5.311405338047677633E-05, 6.006966590409732257E-05, 6.790709280870021764E-05, 7.875118189902679806E-05, 9.329345987448005209E-05 ),
 .UNSPECIFIED. ) ;
#3635 = EDGE_LOOP ( 'NONE', ( #3881, #3630, #2618 ) ) ;
#3636 = CARTESIAN_POINT ( 'NONE',  ( 0.4398159674405927588, 1.098999999999970445, -0.9779539025295983512 ) ) ;
#3637 = EDGE_CURVE ( 'NONE', #202, #3262, #1986, .T. ) ;
#3638 =( NAMED_UNIT ( * ) SI_UNIT ( $, .STERADIAN. ) SOLID_ANGLE_UNIT ( ) );
#3639 = ORIENTED_EDGE ( 'NONE', *, *, #2168, .T. ) ;
#3640 = DIRECTION ( 'NONE',  ( 0.0000000000000000000, -1.000000000000000000, 4.336808689942020694E-16 ) ) ;
#3641 = EDGE_LOOP ( 'NONE', ( #1769, #3350, #4209, #569, #2712, #393, #3832, #3402 ) ) ;
#3642 =( NAMED_UNIT ( * ) PLANE_ANGLE_UNIT ( ) SI_UNIT ( $, .RADIAN. ) );
#3643 = FILL_AREA_STYLE ('',( #1269 ) ) ;
#3644 = ORIENTED_EDGE ( 'NONE', *, *, #4166, .T. ) ;
#3645 = STYLED_ITEM ( 'NONE', ( #3092 ), #146 ) ;
#3646 = ORIENTED_EDGE ( 'NONE', *, *, #4106, .T. ) ;
#3647 = VECTOR ( 'NONE', #1382, 1000.000000000000114 ) ;
#3648 = CARTESIAN_POINT ( 'NONE',  ( 0.3819282446988216950, 1.099999999999999423, 0.9407241030508046720 ) ) ;
#3649 = PRESENTATION_STYLE_ASSIGNMENT (( #422 ) ) ;
#3650 = AXIS2_PLACEMENT_3D ( 'NONE', #386, #675, #1741 ) ;
#3651 = ORIENTED_EDGE ( 'NONE', *, *, #698, .F. ) ;
#3652 = B_SPLINE_CURVE_WITH_KNOTS ( 'NONE', 3,
 ( #3142, #1135, #4165, #2790 ),
 .UNSPECIFIED., .F., .F.,
 ( 4, 4 ),
 ( 0.0000000000000000000, 0.0006149441512288079861 ),
 .UNSPECIFIED. ) ;
#3653 = CARTESIAN_POINT ( 'NONE',  ( 0.9236050299405927921, 1.099000000000000199, -1.145922652529598240 ) ) ;
#3654 = FACE_OUTER_BOUND ( 'NONE', #1277, .T. ) ;
#3655 = LINE ( 'NONE', #2528, #1609 ) ;
#3656 = CARTESIAN_POINT ( 'NONE',  ( 0.4732144049405928032, 1.099000000000144528, -1.453149215029598151 ) ) ;
#3657 = CARTESIAN_POINT ( 'NONE',  ( 0.4332825015473615871, 1.100000000000004086, -1.353920320481036610 ) ) ;
#3658 = LINE ( 'NONE', #825, #3535 ) ;
#3659 = APPLICATION_PROTOCOL_DEFINITION ( 'draft international standard', 'automotive_design', 1998, #2021 ) ;
#3660 = FACE_OUTER_BOUND ( 'NONE', #947, .T. ) ;
#3661 = CARTESIAN_POINT ( 'NONE',  ( 1.275623677516992016, 1.100000000000000977, -1.457949159081260104 ) ) ;
#3662 = LINE ( 'NONE', #946, #3611 ) ;
#3663 = CARTESIAN_POINT ( 'NONE',  ( 0.4594316179899413655, 1.098999999999999977, -0.4403032052728048651 ) ) ;
#3664 = DIRECTION ( 'NONE',  ( -0.4154607593787674746, 0.0000000000000000000, 0.9096111022939517010 ) ) ;
#3665 = EDGE_CURVE ( 'NONE', #1161, #3098, #3921, .T. ) ;
#3666 = CARTESIAN_POINT ( 'NONE',  ( 0.4420378526696251975, 1.098999999999999977, 0.2469767281807931092 ) ) ;
#3667 = CARTESIAN_POINT ( 'NONE',  ( 0.4275112799405929032, 1.099500000000067645, -1.407446090029598196 ) ) ;
#3668 = CARTESIAN_POINT ( 'NONE',  ( 0.3938048970362842960, 1.099000000000005972, 0.2580450398864340134 ) ) ;
#3669 = APPLICATION_PROTOCOL_DEFINITION ( 'draft international standard', 'automotive_design', 1998, #3916 ) ;
#3670 = CARTESIAN_POINT ( 'NONE',  ( 0.3896076822790676686, 1.099000000000003752, 1.489007129882474745 ) ) ;
#3671 = CARTESIAN_POINT ( 'NONE',  ( 1.287769158493794697, 1.100000000000000977, -1.432179803687375408 ) ) ;
#3672 = EDGE_CURVE ( 'NONE', #834, #2643, #1664, .T. ) ;
#3673 = CARTESIAN_POINT ( 'NONE',  ( 0.5125890894614824056, 1.098999999999999755, -0.4307704418292063187 ) ) ;
#3674 = CARTESIAN_POINT ( 'NONE',  ( 1.285683513976429548, 1.099999999999993427, -1.354583124521669069 ) ) ;
#3675 = CARTESIAN_POINT ( 'NONE',  ( -1.259999999999999343, 1.050000000000000044, 2.009999999999999787 ) ) ;
#3676 = VERTEX_POINT ( 'NONE', #3318 ) ;
#3677 = LINE ( 'NONE', #2470, #3452 ) ;
#3678 =( GEOMETRIC_REPRESENTATION_CONTEXT ( 3 ) GLOBAL_UNCERTAINTY_ASSIGNED_CONTEXT ( ( #1246 ) ) GLOBAL_UNIT_ASSIGNED_CONTEXT ( ( #3599, #3642, #1642 ) ) REPRESENTATION_CONTEXT ( 'NONE', 'WORKASPACE' ) );
#3679 = CARTESIAN_POINT ( 'NONE',  ( 0.4345255640969593047, 1.099000000000004196, 0.1156829261583307011 ) ) ;
#3680 = CARTESIAN_POINT ( 'NONE',  ( 0.4664022215857802633, 1.099000000000000199, 0.1151117099926098758 ) ) ;
#3681 = ORIENTED_EDGE ( 'NONE', *, *, #2006, .T. ) ;
#3682 = CARTESIAN_POINT ( 'NONE',  ( -1.727737733648935459, 1.100000000000001865, -0.3016781878856730770 ) ) ;
#3683 = CARTESIAN_POINT ( 'NONE',  ( 0.7750000000000002442, 1.641482089143054896E-15, 1.775000000000001465 ) ) ;
#3684 = ORIENTED_EDGE ( 'NONE', *, *, #3637, .F. ) ;
#3685 = CARTESIAN_POINT ( 'NONE',  ( 0.5298712579350476348, 1.098999999999986210, -0.4235824981144300505 ) ) ;
#3686 = ORIENTED_EDGE ( 'NONE', *, *, #1645, .F. ) ;
#3687 = EDGE_LOOP ( 'NONE', ( #1371, #4195, #4122, #1476 ) ) ;
#3688 = CARTESIAN_POINT ( 'NONE',  ( 1.259999999999997566, 1.050000000000000044, -2.009999999999999787 ) ) ;
#3689 = CARTESIAN_POINT ( 'NONE',  ( 1.275438687202308241, 1.099999999999994316, -0.9286723561753827960 ) ) ;
#3690 = ORIENTED_EDGE ( 'NONE', *, *, #2251, .F. ) ;
#3691 = FILL_AREA_STYLE_COLOUR ( '', #2766 ) ;
#3692 = EDGE_CURVE ( 'NONE', #1956, #730, #1909, .T. ) ;
#3693 = PLANE ( 'NONE',  #747 ) ;
#3694 = CARTESIAN_POINT ( 'NONE',  ( 0.4750545700456968445, 1.098999999999999977, 0.1133936079929190460 ) ) ;
#3695 =( LENGTH_UNIT ( ) NAMED_UNIT ( * ) SI_UNIT ( .MILLI., .METRE. ) );
#3696 = ORIENTED_EDGE ( 'NONE', *, *, #4366, .F. ) ;
#3697 = FACE_OUTER_BOUND ( 'NONE', #4274, .T. ) ;
#3698 = ORIENTED_EDGE ( 'NONE', *, *, #2456, .F. ) ;
#3699 = STYLED_ITEM ( 'NONE', ( #4059 ), #1503 ) ;
#3700 = CARTESIAN_POINT ( 'NONE',  ( 1.232019695435047968, 1.099499999999964839, -0.1028793731144300311 ) ) ;
#3701 = ORIENTED_EDGE ( 'NONE', *, *, #710, .F. ) ;
#3702 =( NAMED_UNIT ( * ) PLANE_ANGLE_UNIT ( ) SI_UNIT ( $, .RADIAN. ) );
#3703 = LINE ( 'NONE', #2162, #2620 ) ;
#3704 = MECHANICAL_DESIGN_GEOMETRIC_PRESENTATION_REPRESENTATION (  '', ( #1232 ), #3559 ) ;
#3705 = CARTESIAN_POINT ( 'NONE',  ( 0.7750000000000002442, 0.0000000000000000000, 0.0000000000000000000 ) ) ;
#3706 = CARTESIAN_POINT ( 'NONE',  ( 2.009999999999999787, -3.913447031308985224E-32, 0.7749999999999996891 ) ) ;
#3707 = CARTESIAN_POINT ( 'NONE',  ( -0.7750000000000002442, 0.0000000000000000000, 0.0000000000000000000 ) ) ;
#3708 = CARTESIAN_POINT ( 'NONE',  ( 1.207912154322962950, 1.098999999999999977, 1.398591820196211089 ) ) ;
#3709 = FACE_OUTER_BOUND ( 'NONE', #1000, .T. ) ;
#3710 = CARTESIAN_POINT ( 'NONE',  ( -1.209744032861531648, 1.099000000000000199, 0.3468282688072377717 ) ) ;
#3711 = B_SPLINE_CURVE_WITH_KNOTS ( 'NONE', 3,
 ( #2265, #3947, #3267, #3626 ),
 .UNSPECIFIED., .F., .F.,
 ( 4, 4 ),
 ( 0.0000000000000000000, 0.001015687672394009538 ),
 .UNSPECIFIED. ) ;
#3712 = EDGE_CURVE ( 'NONE', #1051, #4160, #743, .T. ) ;
#3713 = CARTESIAN_POINT ( 'NONE',  ( -1.293413599470953912, 1.099000000000000199, 1.353745634738269477 ) ) ;
#3714 = CARTESIAN_POINT ( 'NONE',  ( 1.236784164428215593, 1.099000000000000643, 0.6875880764151386382 ) ) ;
#3715 =( LENGTH_UNIT ( ) NAMED_UNIT ( * ) SI_UNIT ( .MILLI., .METRE. ) );
#3716 = CARTESIAN_POINT ( 'NONE',  ( 1.234418124307527842, 1.099000000000000199, -0.1016660422282577025 ) ) ;
#3717 = MECHANICAL_DESIGN_GEOMETRIC_PRESENTATION_REPRESENTATION (  '', ( #3645 ), #1527 ) ;
#3718 = EDGE_LOOP ( 'NONE', ( #347, #3328, #11, #1676 ) ) ;
#3719 = CARTESIAN_POINT ( 'NONE',  ( 0.4274977092940881462, 1.099000000000135646, -1.401719109535412011 ) ) ;
#3720 = LINE ( 'NONE', #3542, #2942 ) ;
#3721 = EDGE_LOOP ( 'NONE', ( #3785, #1858, #2891, #1689 ) ) ;
#3722 = CARTESIAN_POINT ( 'NONE',  ( 0.4494042613191924218, 1.099999999999997202, 0.1160615979034863715 ) ) ;
#3723 = CARTESIAN_POINT ( 'NONE',  ( 1.261332734588613835, 1.099999999999994760, -0.9464863799515444986 ) ) ;
#3724 =( NAMED_UNIT ( * ) PLANE_ANGLE_UNIT ( ) SI_UNIT ( $, .RADIAN. ) );
#3725 =( NAMED_UNIT ( * ) SI_UNIT ( $, .STERADIAN. ) SOLID_ANGLE_UNIT ( ) );
#3726 = CARTESIAN_POINT ( 'NONE',  ( 0.4962775079350477125, 1.099000000000000199, 0.09204250188556993562 ) ) ;
#3727 = UNCERTAINTY_MEASURE_WITH_UNIT (LENGTH_MEASURE( 1.000000000000000082E-05 ), #4341, 'distance_accuracy_value', 'NONE');
#3728 = FILL_AREA_STYLE ('',( #714 ) ) ;
#3729 = CARTESIAN_POINT ( 'NONE',  ( 1.221646227294415299, 1.099000000000000199, 1.341211743792765754 ) ) ;
#3730 = EDGE_CURVE ( 'NONE', #2748, #205, #2589, .T. ) ;
#3731 = VERTEX_POINT ( 'NONE', #1671 ) ;
#3732 = ORIENTED_EDGE ( 'NONE', *, *, #4084, .F. ) ;
#3733 = DIRECTION ( 'NONE',  ( -0.9052872276365776516, 0.0000000000000000000, -0.4247999946775884439 ) ) ;
#3734 = ORIENTED_EDGE ( 'NONE', *, *, #3735, .F. ) ;
#3735 = EDGE_CURVE ( 'NONE', #1015, #3538, #1763, .T. ) ;
#3736 = ORIENTED_EDGE ( 'NONE', *, *, #4316, .F. ) ;
#3737 = CARTESIAN_POINT ( 'NONE',  ( 1.263246842266364300, 1.098999999999999977, -0.8233379357385387509 ) ) ;
#3738 = EDGE_CURVE ( 'NONE', #4150, #3516, #3072, .T. ) ;
#3739 = CARTESIAN_POINT ( 'NONE',  ( -0.7750000000000001332, 0.2500000000000000000, 1.775000000000000577 ) ) ;
#3740 = CARTESIAN_POINT ( 'NONE',  ( -1.426603875381218245, 1.099000000000000199, 0.2587085837678691491 ) ) ;
#3741 = ORIENTED_EDGE ( 'NONE', *, *, #1976, .T. ) ;
#3742 = CARTESIAN_POINT ( 'NONE',  ( 0.4492187352247311027, 1.099000000000000199, 0.2471214586377634970 ) ) ;
#3743 = CARTESIAN_POINT ( 'NONE',  ( 1.189526592139774186, 1.099000000000000421, 1.395092700311159506 ) ) ;
#3744 = AXIS2_PLACEMENT_3D ( 'NONE', #1049, #3074, #1065 ) ;
#3745 = CARTESIAN_POINT ( 'NONE',  ( 1.204274367614731611, 1.099000000000000199, 0.7066661853391679182 ) ) ;
#3746 = FILL_AREA_STYLE ('',( #3345 ) ) ;
#3747 = CARTESIAN_POINT ( 'NONE',  ( 0.4456915704350478125, 1.099499999999996147, 0.1160659393855699439 ) ) ;
#3748 = AXIS2_PLACEMENT_3D ( 'NONE', #2615, #2293, #3933 ) ;
#3749 = CARTESIAN_POINT ( 'NONE',  ( 0.4082284006850626090, 1.098999999999999977, -0.4226729447725184330 ) ) ;
#3750 = DIRECTION ( 'NONE',  ( 0.0000000000000000000, 1.000000000000000000, 0.0000000000000000000 ) ) ;
#3751 = FACE_OUTER_BOUND ( 'NONE', #662, .T. ) ;
#3752 = DIRECTION ( 'NONE',  ( 0.7071067811865489050, 0.0000000000000000000, -0.7071067811865462405 ) ) ;
#3753 = CARTESIAN_POINT ( 'NONE',  ( 0.4382587426147316889, 1.099000000000000199, 0.2469005603391679626 ) ) ;
#3754 = CARTESIAN_POINT ( 'NONE',  ( 1.197867965644033195, 1.100000000000000089, -1.859999999999999654 ) ) ;
#3755 = DIRECTION ( 'NONE',  ( 0.0000000000000000000, 0.0000000000000000000, -1.000000000000000000 ) ) ;
#3756 = DIRECTION ( 'NONE',  ( 0.9096111022939517010, 0.0000000000000000000, 0.4154607593787674746 ) ) ;
#3757 = CARTESIAN_POINT ( 'NONE',  ( -1.207517891129247234, 1.099000000000000199, 0.5512005522718045336 ) ) ;
#3758 = EDGE_CURVE ( 'NONE', #737, #952, #1250, .T. ) ;
#3759 = ORIENTED_EDGE ( 'NONE', *, *, #2849, .T. ) ;
#3760 = CARTESIAN_POINT ( 'NONE',  ( 0.4782702883977327790, 1.099000000000000421, 0.7851715724325823986 ) ) ;
#3761 = CARTESIAN_POINT ( 'NONE',  ( 0.4512861368902286174, 1.099000000000000199, -0.4403388214750578178 ) ) ;
#3762 = CARTESIAN_POINT ( 'NONE',  ( 1.204274367614731833, 1.099000000000000421, 0.7066661853391680292 ) ) ;
#3763 = ORIENTED_EDGE ( 'NONE', *, *, #4300, .F. ) ;
#3764 = CARTESIAN_POINT ( 'NONE',  ( -1.383248914751299186, 1.098999999999997979, -0.4293808650510305136 ) ) ;
#3765 = CARTESIAN_POINT ( 'NONE',  ( 0.4208649772944155210, 1.099000000000000199, 0.9341804937927657981 ) ) ;
#3766 = EDGE_CURVE ( 'NONE', #2052, #1956, #1880, .T. ) ;
#3767 = VECTOR ( 'NONE', #3836, 1000.000000000000000 ) ;
#3768 = VERTEX_POINT ( 'NONE', #18 ) ;
#3769 = CARTESIAN_POINT ( 'NONE',  ( 1.239039992614731522, 1.099499999999945743, 0.6539318103391680292 ) ) ;
#3770 = CARTESIAN_POINT ( 'NONE',  ( 0.4291566463139711018, 1.099999999999995870, -1.439641903714004245 ) ) ;
#3771 = CARTESIAN_POINT ( 'NONE',  ( 0.4179409674405927810, 1.100000000000000089, -0.9084226525295984178 ) ) ;
#3772 = PRESENTATION_STYLE_ASSIGNMENT (( #2171 ) ) ;
#3773 = AXIS2_PLACEMENT_3D ( 'NONE', #3553, #2218, #4242 ) ;
#3774 = ORIENTED_EDGE ( 'NONE', *, *, #764, .F. ) ;
#3775 = FILL_AREA_STYLE_COLOUR ( '', #255 ) ;
#3776 = ORIENTED_EDGE ( 'NONE', *, *, #2182, .T. ) ;
#3777 = ORIENTED_EDGE ( 'NONE', *, *, #649, .F. ) ;
#3778 = CARTESIAN_POINT ( 'NONE',  ( 0.3739789351146451946, 1.100000000000001421, 1.483783794001864331 ) ) ;
#3779 = CARTESIAN_POINT ( 'NONE',  ( 0.4595105061459484608, 1.100000000000000089, 0.2481726915731989336 ) ) ;
#3780 = CARTESIAN_POINT ( 'NONE',  ( -1.239781828137123565, 1.100000000000000089, -0.1325670067833147892 ) ) ;
#3781 = EDGE_CURVE ( 'NONE', #294, #2652, #1927, .T. ) ;
#3782 = VERTEX_POINT ( 'NONE', #3052 ) ;
#3783 = LINE ( 'NONE', #2159, #89 ) ;
#3784 = CARTESIAN_POINT ( 'NONE',  ( 1.214625930114731522, 1.099499999999965061, 0.5844005603391679848 ) ) ;
#3785 = ORIENTED_EDGE ( 'NONE', *, *, #4197, .T. ) ;
#3786 = VECTOR ( 'NONE', #4298, 1000.000000000000000 ) ;
#3787 = CARTESIAN_POINT ( 'NONE',  ( -2.010000000000000675, 0.0000000000000000000, -0.7749999999999999112 ) ) ;
#3788 = CARTESIAN_POINT ( 'NONE',  ( 0.4349869646416301139, 1.100000000000000311, -0.9740777554782827918 ) ) ;
#3789 = EDGE_CURVE ( 'NONE', #3098, #345, #2674, .T. ) ;
#3790 = ORIENTED_EDGE ( 'NONE', *, *, #469, .F. ) ;
#3791 = CARTESIAN_POINT ( 'NONE',  ( 1.287155693903437870, 1.100000000000000311, -1.365671648715105047 ) ) ;
#3792 = DIRECTION ( 'NONE',  ( -0.9052872276365776516, 0.0000000000000000000, -0.4247999946775884439 ) ) ;
#3793 = LINE ( 'NONE', #2198, #2442 ) ;
#3794 = COLOUR_RGB ( '',0.0000000000000000000, 0.0000000000000000000, 0.0000000000000000000 ) ;
#3795 = CARTESIAN_POINT ( 'NONE',  ( 0.4433081266244827678, 1.099000000000000199, -0.4402647275897962342 ) ) ;
#3796 = ORIENTED_EDGE ( 'NONE', *, *, #2282, .T. ) ;
#3797 =( GEOMETRIC_REPRESENTATION_CONTEXT ( 3 ) GLOBAL_UNCERTAINTY_ASSIGNED_CONTEXT ( ( #2645 ) ) GLOBAL_UNIT_ASSIGNED_CONTEXT ( ( #2471, #74, #420 ) ) REPRESENTATION_CONTEXT ( 'NONE', 'WORKASPACE' ) );
#3798 = CARTESIAN_POINT ( 'NONE',  ( 0.0000000000000000000, 0.0000000000000000000, 0.0000000000000000000 ) ) ;
#3799 = PRESENTATION_STYLE_ASSIGNMENT (( #176 ) ) ;
#3800 =( LENGTH_UNIT ( ) NAMED_UNIT ( * ) SI_UNIT ( .MILLI., .METRE. ) );
#3801 = DIRECTION ( 'NONE',  ( -1.000000000000000000, 0.0000000000000000000, 2.157616263652745752E-16 ) ) ;
#3802 = CARTESIAN_POINT ( 'NONE',  ( 0.4921694730900738057, 1.099000000000000199, 0.9496376933094892170 ) ) ;
#3803 = VECTOR ( 'NONE', #3965, 1000.000000000000000 ) ;
#3804 = AXIS2_PLACEMENT_3D ( 'NONE', #4355, #1071, #3752 ) ;
#3805 = CARTESIAN_POINT ( 'NONE',  ( 0.9236050299405927921, 1.100000000000000089, -1.145922652529598240 ) ) ;
#3806 = CARTESIAN_POINT ( 'NONE',  ( 0.4317262611585562238, 1.099999999999995870, -1.450800453957566738 ) ) ;
#3807 = CARTESIAN_POINT ( 'NONE',  ( 0.3734408700444303286, 1.098999999999999977, 0.9518869221346770715 ) ) ;
#3808 = ADVANCED_FACE ( 'NONE', ( #3751 ), #1072, .F. ) ;
#3809 = CARTESIAN_POINT ( 'NONE',  ( 0.3971742560892590479, 1.099999999999996536, 0.09577061702319174252 ) ) ;
#3810 = SURFACE_STYLE_USAGE ( .BOTH. , #4127 ) ;
#3811 = CARTESIAN_POINT ( 'NONE',  ( 0.4614899772944155432, 1.100000000000000089, 1.466602368792765843 ) ) ;
#3812 =( NAMED_UNIT ( * ) SI_UNIT ( $, .STERADIAN. ) SOLID_ANGLE_UNIT ( ) );
#3813 = CARTESIAN_POINT ( 'NONE',  ( 0.4535437996117769321, 1.099000000000000199, 1.481979975049837028 ) ) ;
#3814 = DIRECTION ( 'NONE',  ( -0.0000000000000000000, -1.000000000000000000, 0.0000000000000000000 ) ) ;
#3815 = ADVANCED_FACE ( 'NONE', ( #980 ), #3469, .T. ) ;
#3816 = CARTESIAN_POINT ( 'NONE',  ( 0.3888446801147316112, 1.099000000000001753, 0.2804943103391680514 ) ) ;
#3817 = DIRECTION ( 'NONE',  ( -0.0000000000000000000, -1.000000000000000000, -0.0000000000000000000 ) ) ;
#3818 = EDGE_LOOP ( 'NONE', ( #4377, #3686, #829, #2581 ) ) ;
#3819 = CARTESIAN_POINT ( 'NONE',  ( 1.280486865091531756, 1.099000000000000199, -1.339865093364403181 ) ) ;
#3820 = EDGE_CURVE ( 'NONE', #2748, #205, #921, .T. ) ;
#3821 = FILL_AREA_STYLE_COLOUR ( '', #1783 ) ;
#3822 = LINE ( 'NONE', #3212, #3391 ) ;
#3823 = ORIENTED_EDGE ( 'NONE', *, *, #2306, .F. ) ;
#3824 = CARTESIAN_POINT ( 'NONE',  ( 0.4216667155967661063, 1.100000000000000089, 1.490613220821573881 ) ) ;
#3825 = CARTESIAN_POINT ( 'NONE',  ( 0.4864637257267224180, 1.100000000000000755, 0.9470147752932557284 ) ) ;
#3826 = ORIENTED_EDGE ( 'NONE', *, *, #4166, .F. ) ;
#3827 = CARTESIAN_POINT ( 'NONE',  ( 0.8452847174405927477, 1.099000000000000199, -1.074828902529598285 ) ) ;
#3828 = STYLED_ITEM ( 'NONE', ( #350 ), #1478 ) ;
#3829 = ADVANCED_FACE ( 'NONE', ( #2820 ), #841, .T. ) ;
#3830 = VERTEX_POINT ( 'NONE', #66 ) ;
#3831 = CARTESIAN_POINT ( 'NONE',  ( -1.505269072231613992, 1.099000000000000199, -0.4055452744998473968 ) ) ;
#3832 = ORIENTED_EDGE ( 'NONE', *, *, #189, .T. ) ;
#3833 = CARTESIAN_POINT ( 'NONE',  ( 0.3938048970362842960, 1.100000000000001199, 0.2580450398864340134 ) ) ;
#3834 = CARTESIAN_POINT ( 'NONE',  ( 2.009999999999999787, 1.050000000000000044, 0.7749999999999996891 ) ) ;
#3835 = VERTEX_POINT ( 'NONE', #2140 ) ;
#3836 = DIRECTION ( 'NONE',  ( 0.7071067811865487940, 0.0000000000000000000, 0.7071067811865463515 ) ) ;
#3837 = VERTEX_POINT ( 'NONE', #3546 ) ;
#3838 = CARTESIAN_POINT ( 'NONE',  ( 1.236044727913581331, 1.100000000000000089, 0.02493722787960908627 ) ) ;
#3839 = CARTESIAN_POINT ( 'NONE',  ( -1.239662773019015063, 1.100000000000000089, -0.3970243296179595260 ) ) ;
#3840 = ADVANCED_FACE ( 'NONE', ( #110, #3709 ), #528, .T. ) ;
#3841 = VERTEX_POINT ( 'NONE', #2262 ) ;
#3842 = FACE_OUTER_BOUND ( 'NONE', #1322, .T. ) ;
#3843 = CARTESIAN_POINT ( 'NONE',  ( 0.3888446801147316112, 1.100000000000000089, 0.2804943103391679404 ) ) ;
#3844 = CARTESIAN_POINT ( 'NONE',  ( 0.3794696801147315890, 1.100000000000000089, 0.7775646228391679404 ) ) ;
#3845 = CARTESIAN_POINT ( 'NONE',  ( 0.4243952129196996714, 1.099999999999999645, 0.1144472629752781717 ) ) ;
#3846 = CARTESIAN_POINT ( 'NONE',  ( 1.197232164794415521, 1.099499999999965061, 1.271680493792765931 ) ) ;
#3847 = FACE_OUTER_BOUND ( 'NONE', #1538, .T. ) ;
#3848 = CARTESIAN_POINT ( 'NONE',  ( -1.727737733648935459, 1.098999999999995758, -0.3016781878856730770 ) ) ;
#3849 = VECTOR ( 'NONE', #3580, 1000.000000000000000 ) ;
#3850 = VERTEX_POINT ( 'NONE', #1450 ) ;
#3851 =( NAMED_UNIT ( * ) SI_UNIT ( $, .STERADIAN. ) SOLID_ANGLE_UNIT ( ) );
#3852 = CARTESIAN_POINT ( 'NONE',  ( 0.4618862799405927810, 1.099000000000000199, -0.8599851525295982846 ) ) ;
#3853 = EDGE_CURVE ( 'NONE', #3472, #948, #3913, .T. ) ;
#3854 = LINE ( 'NONE', #3234, #847 ) ;
#3855 = SURFACE_STYLE_FILL_AREA ( #1514 ) ;
#3856 = LINE ( 'NONE', #2075, #3606 ) ;
#3857 = CARTESIAN_POINT ( 'NONE',  ( 1.268758322728069876, 1.099000000000000199, -1.330168778970889809 ) ) ;
#3858 = CARTESIAN_POINT ( 'NONE',  ( 1.242699684963595397, 1.100000000000000089, 0.02403195328901556668 ) ) ;
#3859 = CARTESIAN_POINT ( 'NONE',  ( 1.860000000000000098, 1.050000000000000044, 1.197867965644035415 ) ) ;
#3860 = PRESENTATION_STYLE_ASSIGNMENT (( #2561 ) ) ;
#3861 = PLANE ( 'NONE',  #3924 ) ;
#3862 = CARTESIAN_POINT ( 'NONE',  ( 0.4390604809170822187, 1.099000000000000421, 0.8033332873679761565 ) ) ;
#3863 = CARTESIAN_POINT ( 'NONE',  ( 0.4608765230774166111, 1.099000000000000421, 1.472451505886179790 ) ) ;
#3864 = MECHANICAL_DESIGN_GEOMETRIC_PRESENTATION_REPRESENTATION (  '', ( #3466 ), #3380 ) ;
#3865 = CARTESIAN_POINT ( 'NONE',  ( 0.4382587426147316889, 1.099499999999997923, 0.2469005603391679626 ) ) ;
#3866 = ADVANCED_FACE ( 'NONE', ( #4026 ), #1554, .F. ) ;
#3867 = CARTESIAN_POINT ( 'NONE',  ( 1.288703442923034403, 1.099000000000000199, -1.416255130709415777 ) ) ;
#3868 = CARTESIAN_POINT ( 'NONE',  ( 1.221615082109632544, 1.099999999999999645, 0.5879362724383965233 ) ) ;
#3869 = DIRECTION ( 'NONE',  ( -0.7071067811865463515, 6.133173666733500497E-16, 0.7071067811865487940 ) ) ;
#3870 = CARTESIAN_POINT ( 'NONE',  ( 0.3938048970362842960, 1.099000000000000421, 0.2580450398864340134 ) ) ;
#3871 = ORIENTED_EDGE ( 'NONE', *, *, #1976, .F. ) ;
#3872 = CARTESIAN_POINT ( 'NONE',  ( 0.3795736571815578886, 1.100000000000000311, 0.7793998580759667894 ) ) ;
#3873 = CARTESIAN_POINT ( 'NONE',  ( 0.4756108149668333285, 1.099999999999996314, 0.7905740220176211697 ) ) ;
#3874 = CARTESIAN_POINT ( 'NONE',  ( 0.3734408700444302731, 1.099000000000005972, 0.9518869221346769605 ) ) ;
#3875 = EDGE_CURVE ( 'NONE', #3370, #3990, #2313, .T. ) ;
#3876 = ORIENTED_EDGE ( 'NONE', *, *, #3482, .T. ) ;
#3877 =( LENGTH_UNIT ( ) NAMED_UNIT ( * ) SI_UNIT ( .MILLI., .METRE. ) );
#3878 =( NAMED_UNIT ( * ) PLANE_ANGLE_UNIT ( ) SI_UNIT ( $, .RADIAN. ) );
#3879 = CARTESIAN_POINT ( 'NONE',  ( 0.4243893689333082531, 1.100000000000000311, 0.8032118067541257345 ) ) ;
#3880 = LINE ( 'NONE', #4226, #1206 ) ;
#3881 = ORIENTED_EDGE ( 'NONE', *, *, #3692, .T. ) ;
#3882 = B_SPLINE_SURFACE_WITH_KNOTS ( 'NONE', 3, 1, ( 
 ( #2522, #112 ),
 ( #472, #818 ),
 ( #3181, #2493 ),
 ( #1841, #4176 ),
 ( #4190, #1115 ),
 ( #440, #1793 ),
 ( #1159, #3457 ),
 ( #1176, #1501 ),
 ( #3862, #2510 ),
 ( #1862, #4206 ),
 ( #2477, #2799 ) ),
 .UNSPECIFIED., .F., .F., .F.,
 ( 4, 1, 1, 1, 1, 1, 1, 1, 4 ),
 ( 2, 2 ),
 ( 0.0000000000000000000, 0.09586283074784313074, 0.1874865120932966978, 0.2833493428411391069, 0.3936225718505182991, 0.5172336944437665451, 0.6587910144637697529, 0.8203111772739718477, 1.000000000000000000 ),
 ( 0.0000000000000000000, 1.000000000000000000 ),
 .UNSPECIFIED. ) ;
#3883 = CARTESIAN_POINT ( 'NONE',  ( 1.238551775422630730, 1.100000000000000311, 0.6257291608372792524 ) ) ;
#3884 = EDGE_CURVE ( 'NONE', #2052, #2717, #2256, .T. ) ;
#3885 = DIRECTION ( 'NONE',  ( 0.7071067811865487940, 0.0000000000000000000, 0.7071067811865463515 ) ) ;
#3886 =( NAMED_UNIT ( * ) SI_UNIT ( $, .STERADIAN. ) SOLID_ANGLE_UNIT ( ) );
#3887 = ORIENTED_EDGE ( 'NONE', *, *, #3175, .T. ) ;
#3888 = ADVANCED_FACE ( 'NONE', ( #1393 ), #4344, .F. ) ;
#3889 = CARTESIAN_POINT ( 'NONE',  ( 1.264735126789952924, 1.099999999999999645, -0.9442169490449746627 ) ) ;
#3890 = CARTESIAN_POINT ( 'NONE',  ( 0.4070014475993835590, 1.099999999999999867, 0.8017271964288761321 ) ) ;
#3891 = CARTESIAN_POINT ( 'NONE',  ( 1.197867965644033195, 1.050000000000000044, -1.859999999999999654 ) ) ;
#3892 = CARTESIAN_POINT ( 'NONE',  ( 1.224314122780405967, 1.099999999999996758, 0.02053283340396308554 ) ) ;
#3893 = ORIENTED_EDGE ( 'NONE', *, *, #3738, .T. ) ;
#3894 = PRESENTATION_LAYER_ASSIGNMENT (  '', '', ( #2157 ) ) ;
#3895 = ORIENTED_EDGE ( 'NONE', *, *, #1170, .T. ) ;
#3896 = CARTESIAN_POINT ( 'NONE',  ( 0.4614899772944155432, 1.099499999999995259, 1.466602368792765843 ) ) ;
#3897 = SURFACE_STYLE_USAGE ( .BOTH. , #185 ) ;
#3898 = VERTEX_POINT ( 'NONE', #3653 ) ;
#3899 = CARTESIAN_POINT ( 'NONE',  ( 1.211720748833972960, 1.099000000000000199, 0.7098929109064897602 ) ) ;
#3900 = AXIS2_PLACEMENT_3D ( 'NONE', #2923, #958, #3981 ) ;
#3901 = PRODUCT_DEFINITION_CONTEXT ( 'detailed design', #2021, 'design' ) ;
#3902 = SURFACE_SIDE_STYLE ('',( #523 ) ) ;
#3903 =( NAMED_UNIT ( * ) PLANE_ANGLE_UNIT ( ) SI_UNIT ( $, .RADIAN. ) );
#3904 = ORIENTED_EDGE ( 'NONE', *, *, #1337, .F. ) ;
#3905 = CARTESIAN_POINT ( 'NONE',  ( 0.3993220100191377520, 1.098999999999999755, 0.2534441695972069475 ) ) ;
#3906 = LINE ( 'NONE', #2211, #3273 ) ;
#3907 = CARTESIAN_POINT ( 'NONE',  ( 0.4950837272944154654, 1.098999999999986210, 0.9509773687927658425 ) ) ;
#3908 = B_SPLINE_CURVE_WITH_KNOTS ( 'NONE', 3,
 ( #1868, #2212, #4215, #2267, #3919, #3253, #4268, #2281, #478, #171, #2872 ),
 .UNSPECIFIED., .F., .F.,
 ( 4, 1, 1, 1, 1, 1, 1, 1, 4 ),
 ( 0.0000000000000000000, 1.796917036476519634E-05, 3.225312974320847047E-05, 4.348934733883431990E-05, 5.234308335504277452E-05, 5.924215479687977500E-05, 6.490334075681943407E-05, 7.064473641788764481E-05, 7.704820906420896322E-05 ),
 .UNSPECIFIED. ) ;
#3909 = FACE_OUTER_BOUND ( 'NONE', #1367, .T. ) ;
#3910 = CARTESIAN_POINT ( 'NONE',  ( 1.266964404940592814, 1.099499999999986377, -1.329321090029598196 ) ) ;
#3911 = CARTESIAN_POINT ( 'NONE',  ( 1.251656488536639689, 1.099999999999997202, 0.01157246410973892560 ) ) ;
#3912 = ORIENTED_EDGE ( 'NONE', *, *, #2402, .F. ) ;
#3913 = B_SPLINE_CURVE_WITH_KNOTS ( 'NONE', 3,
 ( #1194, #2476, #3558, #3874, #1567, #423, #1211, #1881, #3930, #4281, #2798 ),
 .UNSPECIFIED., .F., .F.,
 ( 4, 1, 1, 1, 1, 1, 1, 1, 4 ),
 ( 2.168404344971008868E-19, 8.673153922596133064E-06, 1.629636277024552584E-05, 2.331967752476214574E-05, 2.985704533570955399E-05, 3.741170103801274720E-05, 4.612475212252965633E-05, 5.700876579846833999E-05, 7.016723464293925510E-05 ),
 .UNSPECIFIED. ) ;
#3914 = FACE_OUTER_BOUND ( 'NONE', #1641, .T. ) ;
#3915 = CARTESIAN_POINT ( 'NONE',  ( 0.4179284620432054398, 1.099000000000000199, -0.9015919728991658166 ) ) ;
#3916 = APPLICATION_CONTEXT ( 'automotive_design' ) ;
#3917 = FACE_OUTER_BOUND ( 'NONE', #3359, .T. ) ;
#3918 = CARTESIAN_POINT ( 'NONE',  ( 1.286142309091845792, 1.099999999999999867, -1.444277467295839168 ) ) ;
#3919 = CARTESIAN_POINT ( 'NONE',  ( 0.4207640015640028430, 1.099999999999999867, -0.9510342776544440380 ) ) ;
#3920 = EDGE_CURVE ( 'NONE', #3516, #3841, #3377, .T. ) ;
#3921 = LINE ( 'NONE', #1682, #1075 ) ;
#3922 = DIRECTION ( 'NONE',  ( -0.7071067811865462405, 0.0000000000000000000, -0.7071067811865489050 ) ) ;
#3923 = CARTESIAN_POINT ( 'NONE',  ( 1.213088767946238544, 1.100000000000001421, 1.393817192986634979 ) ) ;
#3924 = AXIS2_PLACEMENT_3D ( 'NONE', #1547, #2205, #3568 ) ;
#3925 = CARTESIAN_POINT ( 'NONE',  ( 1.251656488536639689, 1.099000000000000643, 0.01157246410973892560 ) ) ;
#3926 = CARTESIAN_POINT ( 'NONE',  ( 1.255945540742946731, 1.099999999999999867, -0.06155077261631866636 ) ) ;
#3927 = DIRECTION ( 'NONE',  ( 0.8522411767943783856, 0.0000000000000000000, 0.5231490959335906021 ) ) ;
#3928 = B_SPLINE_SURFACE_WITH_KNOTS ( 'NONE', 3, 1, ( 
 ( #424, #2817 ),
 ( #2840, #807 ),
 ( #4158, #3125 ),
 ( #2830, #3845 ),
 ( #773, #3137 ),
 ( #1130, #3476 ),
 ( #1466, #1925 ),
 ( #231, #2239 ),
 ( #2222, #244 ),
 ( #4294, #2287 ),
 ( #1209, #214 ) ),
 .UNSPECIFIED., .F., .F., .F.,
 ( 4, 1, 1, 1, 1, 1, 1, 1, 4 ),
 ( 2, 2 ),
 ( 0.0000000000000000000, 0.1912484810763439569, 0.3551290604063927492, 0.4972500434854988938, 0.6214064575436905047, 0.7291291740953755873, 0.8216699013209505242, 0.9103518880955832060, 1.000000000000000000 ),
 ( 0.0000000000000000000, 1.000000000000000000 ),
 .UNSPECIFIED. ) ;
#3929 = UNCERTAINTY_MEASURE_WITH_UNIT (LENGTH_MEASURE( 1.000000000000000082E-05 ), #375, 'distance_accuracy_value', 'NONE');
#3930 = CARTESIAN_POINT ( 'NONE',  ( 0.4085205959838505430, 1.099000000000006194, 0.9342951393173994923 ) ) ;
#3931 = CARTESIAN_POINT ( 'NONE',  ( 0.4510992760573022675, 1.099999999999999645, -1.463159300486943204 ) ) ;
#3932 = FILL_AREA_STYLE_COLOUR ( '', #1477 ) ;
#3933 = DIRECTION ( 'NONE',  ( 0.0000000000000000000, -1.000000000000000000, 4.336808689942020694E-16 ) ) ;
#3934 = CARTESIAN_POINT ( 'NONE',  ( 0.4866962426147316001, 1.100000000000000089, 0.3699474353391679626 ) ) ;
#3935 = CARTESIAN_POINT ( 'NONE',  ( 1.238375214832136084, 1.099000000000000199, 0.6722689423696502908 ) ) ;
#3936 = ORIENTED_EDGE ( 'NONE', *, *, #1305, .T. ) ;
#3937 = CARTESIAN_POINT ( 'NONE',  ( 1.199630593666895395, 1.100000000000001199, 1.272893824678938079 ) ) ;
#3938 = PRESENTATION_STYLE_ASSIGNMENT (( #1652 ) ) ;
#3939 = CARTESIAN_POINT ( 'NONE',  ( 1.263246842266364300, 1.100000000000004308, -0.8233379357385387509 ) ) ;
#3940 = B_SPLINE_CURVE_WITH_KNOTS ( 'NONE', 3,
 ( #461, #2842, #761, #3128 ),
 .UNSPECIFIED., .F., .F.,
 ( 4, 4 ),
 ( 0.0000000000000000000, 0.0008126823217256674923 ),
 .UNSPECIFIED. ) ;
#3941 = FILL_AREA_STYLE ('',( #4277 ) ) ;
#3942 = ORIENTED_EDGE ( 'NONE', *, *, #1330, .T. ) ;
#3943 = CARTESIAN_POINT ( 'NONE',  ( 0.4492187352247311027, 1.098999999999999977, 0.2471214586377634970 ) ) ;
#3944 = EDGE_CURVE ( 'NONE', #4023, #3412, #799, .T. ) ;
#3945 = CARTESIAN_POINT ( 'NONE',  ( 1.214625930114731522, 1.099499999999965061, 0.5844005603391679848 ) ) ;
#3946 = DIRECTION ( 'NONE',  ( 0.7071067811865487940, -0.0000000000000000000, -0.7071067811865463515 ) ) ;
#3947 = CARTESIAN_POINT ( 'NONE',  ( -1.481854899003264059, 1.100000000000001421, 0.4763243317993647863 ) ) ;
#3948 = CARTESIAN_POINT ( 'NONE',  ( 0.4960699639288183027, 1.099000000000000199, 0.09402138362069099864 ) ) ;
#3949 = CARTESIAN_POINT ( 'NONE',  ( 1.249007985641734209, 1.100000000000000977, -1.450146409782714585 ) ) ;
#3950 = LINE ( 'NONE', #3379, #3261 ) ;
#3951 = B_SPLINE_SURFACE_WITH_KNOTS ( 'NONE', 3, 1, ( 
 ( #69, #1711 ),
 ( #3414, #1059 ),
 ( #22, #8 ),
 ( #385, #3400 ),
 ( #2065, #2420 ),
 ( #4082, #2050 ),
 ( #1402, #4120 ),
 ( #2397, #1045 ),
 ( #374, #364 ),
 ( #3375, #348 ),
 ( #4091, #3385 ) ),
 .UNSPECIFIED., .F., .F., .F.,
 ( 4, 1, 1, 1, 1, 1, 1, 1, 4 ),
 ( 2, 2 ),
 ( 0.0000000000000000000, 0.1018760873443967929, 0.1949963641449018459, 0.2830848124553564937, 0.3815706916826842598, 0.4943919659560425672, 0.6337159620630085088, 0.7996246232164774259, 1.000000000000000000 ),
 ( 0.0000000000000000000, 1.000000000000000000 ),
 .UNSPECIFIED. ) ;
#3952 = ORIENTED_EDGE ( 'NONE', *, *, #2612, .T. ) ;
#3953 =( GEOMETRIC_REPRESENTATION_CONTEXT ( 3 ) GLOBAL_UNCERTAINTY_ASSIGNED_CONTEXT ( ( #1392 ) ) GLOBAL_UNIT_ASSIGNED_CONTEXT ( ( #2154, #2207, #1140 ) ) REPRESENTATION_CONTEXT ( 'NONE', 'WORKASPACE' ) );
#3954 = SURFACE_STYLE_USAGE ( .BOTH. , #2298 ) ;
#3955 = ORIENTED_EDGE ( 'NONE', *, *, #1766, .F. ) ;
#3956 = ORIENTED_EDGE ( 'NONE', *, *, #2, .T. ) ;
#3957 = FACE_OUTER_BOUND ( 'NONE', #827, .T. ) ;
#3958 = CARTESIAN_POINT ( 'NONE',  ( 2.009999999999999343, 0.0000000000000000000, -2.009999999999999787 ) ) ;
#3959 = MECHANICAL_DESIGN_GEOMETRIC_PRESENTATION_REPRESENTATION (  '', ( #1391 ), #1844 ) ;
#3960 = B_SPLINE_CURVE_WITH_KNOTS ( 'NONE', 3,
 ( #1551, #4260, #197, #1566, #3911, #232, #4246, #1906, #2899, #3892, #1228 ),
 .UNSPECIFIED., .F., .F.,
 ( 4, 1, 1, 1, 1, 1, 1, 1, 4 ),
 ( 0.0000000000000000000, 1.999502115593464725E-05, 3.517383274653345651E-05, 4.628592649345493503E-05, 5.452094255788979049E-05, 6.063775892980469091E-05, 6.659261680499147028E-05, 7.366836098334236620E-05, 8.235863853670776164E-05 ),
 .UNSPECIFIED. ) ;
#3961 = ORIENTED_EDGE ( 'NONE', *, *, #2328, .T. ) ;
#3962 = PRESENTATION_STYLE_ASSIGNMENT (( #1416 ) ) ;
#3963 = CARTESIAN_POINT ( 'NONE',  ( 1.204274367614731611, 1.099000000000000421, 0.7066661853391679182 ) ) ;
#3964 = CARTESIAN_POINT ( 'NONE',  ( -2.009999999999999343, 0.0000000000000000000, 1.259999999999997122 ) ) ;
#3965 = DIRECTION ( 'NONE',  ( 0.0000000000000000000, 1.000000000000000000, 0.0000000000000000000 ) ) ;
#3966 = CARTESIAN_POINT ( 'NONE',  ( -0.7750000000000001332, 0.2500000000000000000, -1.775000000000001465 ) ) ;
#3967 = CARTESIAN_POINT ( 'NONE',  ( 0.4332825015473615871, 1.098999999999999977, -1.353920320481036610 ) ) ;
#3968 =( GEOMETRIC_REPRESENTATION_CONTEXT ( 3 ) GLOBAL_UNCERTAINTY_ASSIGNED_CONTEXT ( ( #2156 ) ) GLOBAL_UNIT_ASSIGNED_CONTEXT ( ( #1670, #290, #977 ) ) REPRESENTATION_CONTEXT ( 'NONE', 'WORKASPACE' ) );
#3969 = ORIENTED_EDGE ( 'NONE', *, *, #2232, .T. ) ;
#3970 = EDGE_CURVE ( 'NONE', #3841, #144, #3432, .T. ) ;
#3971 = COLOUR_RGB ( '',0.1882352941176470562, 0.2039215686274509776, 0.2039215686274509776 ) ;
#3972 = CARTESIAN_POINT ( 'NONE',  ( 1.210013424146748173, 1.100000000000001643, 1.280003829352935441 ) ) ;
#3973 = LINE ( 'NONE', #3390, #3021 ) ;
#3974 = EDGE_CURVE ( 'NONE', #3156, #2438, #2608, .T. ) ;
#3975 = B_SPLINE_CURVE_WITH_KNOTS ( 'NONE', 3,
 ( #3219, #2964, #1991, #3270, #2938, #1969, #2617, #4347, #575, #3628, #2335 ),
 .UNSPECIFIED., .F., .F.,
 ( 4, 1, 1, 1, 1, 1, 1, 1, 4 ),
 ( 0.0000000000000000000, 1.133812775071883450E-05, 2.154416319981729652E-05, 3.102106255002344255E-05, 4.017842350507983516E-05, 4.903921363833823742E-05, 5.793654326737177838E-05, 6.715207316186511274E-05, 7.677287293118579409E-05 ),
 .UNSPECIFIED. ) ;
#3976 = LINE ( 'NONE', #918, #166 ) ;
#3977 = B_SPLINE_CURVE_WITH_KNOTS ( 'NONE', 3,
 ( #693, #2120, #77, #2459, #4110, #2103, #4085, #408, #709, #64, #2443 ),
 .UNSPECIFIED., .F., .F.,
 ( 4, 1, 1, 1, 1, 1, 1, 1, 4 ),
 ( 2.424349759030540154E-19, 6.501887090332968574E-06, 1.235722963549760228E-05, 1.826532407998974111E-05, 2.506747708051423285E-05, 3.337856993001583786E-05, 4.427433772576430253E-05, 5.807254582393468387E-05, 7.619177239572999278E-05 ),
 .UNSPECIFIED. ) ;
#3978 = CARTESIAN_POINT ( 'NONE',  ( 0.4299464310900082964, 1.099000000000000199, -0.9709276500841007573 ) ) ;
#3979 = CARTESIAN_POINT ( 'NONE',  ( 0.4422705320332384060, 1.099000000000154076, -1.463569176806350569 ) ) ;
#3980 = CARTESIAN_POINT ( 'NONE',  ( 0.3908346353647464411, 1.099000000000005528, 0.2646069886810794580 ) ) ;
#3981 = DIRECTION ( 'NONE',  ( 0.7071067811865489050, 0.0000000000000000000, -0.7071067811865462405 ) ) ;
#3982 = CARTESIAN_POINT ( 'NONE',  ( 0.4332825015473615871, 1.100000000000000089, -1.353920320481036610 ) ) ;
#3983 = EDGE_CURVE ( 'NONE', #812, #1198, #2931, .T. ) ;
#3984 = LINE ( 'NONE', #3707, #2978 ) ;
#3985 = CARTESIAN_POINT ( 'NONE',  ( 1.232980029940592859, 1.100000000000000311, -0.8347898400295982180 ) ) ;
#3986 = CARTESIAN_POINT ( 'NONE',  ( 1.221668132935047613, 1.098999999999895172, 0.01938625188556994394 ) ) ;
#3987 = B_SPLINE_SURFACE_WITH_KNOTS ( 'NONE', 3, 1, ( 
 ( #3085, #724 ),
 ( #1078, #354 ),
 ( #3420, #740 ),
 ( #3378, #3060 ),
 ( #3436, #4126 ),
 ( #1394, #2117 ),
 ( #3737, #1726 ),
 ( #4094, #2411 ),
 ( #73, #2457 ),
 ( #2754, #705 ),
 ( #766, #1610 ) ),
 .UNSPECIFIED., .F., .F., .F.,
 ( 4, 1, 1, 1, 1, 1, 1, 1, 4 ),
 ( 2, 2 ),
 ( 0.0000000000000000000, 0.2084901227578047078, 0.3692962205014747590, 0.4866821068951429075, 0.5736716642428315582, 0.6452159589316361910, 0.7272814734276181747, 0.8418033924084027397, 1.000000000000000000 ),
 ( 0.0000000000000000000, 1.000000000000000000 ),
 .UNSPECIFIED. ) ;
#3988 = B_SPLINE_CURVE_WITH_KNOTS ( 'NONE', 3,
 ( #3174, #428, #1829, #1165 ),
 .UNSPECIFIED., .F., .F.,
 ( 4, 4 ),
 ( 0.0000000000000000000, 0.0006733700387052737532 ),
 .UNSPECIFIED. ) ;
#3989 = DIRECTION ( 'NONE',  ( 1.795779995835204083E-16, 4.336808689942020694E-16, 1.000000000000000000 ) ) ;
#3990 = VERTEX_POINT ( 'NONE', #1964 ) ;
#3991 = PRESENTATION_LAYER_ASSIGNMENT (  '', '', ( #1655 ) ) ;
#3992 = CARTESIAN_POINT ( 'NONE',  ( 0.4456915704350478125, 1.099499999999996147, 0.1160659393855699439 ) ) ;
#3993 = CARTESIAN_POINT ( 'NONE',  ( 0.4450277330202477288, 1.100000000000004308, -1.344101270810187376 ) ) ;
#3994 = DIRECTION ( 'NONE',  ( 0.9998221880029836139, -0.0000000000000000000, 0.01885715718041001618 ) ) ;
#3995 = CARTESIAN_POINT ( 'NONE',  ( 0.4466519049405928143, 1.099000000000000199, -1.342992965029598196 ) ) ;
#3996 = ORIENTED_EDGE ( 'NONE', *, *, #3288, .F. ) ;
#3997 = CARTESIAN_POINT ( 'NONE',  ( 1.283379587518902021, 1.099000000000000199, -1.346231262517279648 ) ) ;
#3998 = VERTEX_POINT ( 'NONE', #2647 ) ;
#3999 = SURFACE_STYLE_FILL_AREA ( #3941 ) ;
#4000 = ORIENTED_EDGE ( 'NONE', *, *, #151, .F. ) ;
#4001 = CARTESIAN_POINT ( 'NONE',  ( 1.221668132935047613, 1.099000000000000199, 0.01938625188556994394 ) ) ;
#4002 = EDGE_CURVE ( 'NONE', #2738, #444, #568, .T. ) ;
#4003 = DIRECTION ( 'NONE',  ( 1.000000000000000000, 4.336808689942018722E-16, -0.0000000000000000000 ) ) ;
#4004 = CARTESIAN_POINT ( 'NONE',  ( 0.3993220100191377520, 1.099000000000005306, 0.2534441695972069475 ) ) ;
#4005 = VERTEX_POINT ( 'NONE', #275 ) ;
#4006 = CARTESIAN_POINT ( 'NONE',  ( 0.4082284006850626090, 1.099000000000006860, -0.4226729447725183775 ) ) ;
#4007 = CARTESIAN_POINT ( 'NONE',  ( 0.4370864447665455121, 1.100000000000000533, -1.349454452622509182 ) ) ;
#4008 = ORIENTED_EDGE ( 'NONE', *, *, #3197, .F. ) ;
#4009 = MECHANICAL_DESIGN_GEOMETRIC_PRESENTATION_REPRESENTATION (  '', ( #4208 ), #901 ) ;
#4010 = ORIENTED_EDGE ( 'NONE', *, *, #804, .T. ) ;
#4011 = VECTOR ( 'NONE', #3040, 1000.000000000000000 ) ;
#4012 = CARTESIAN_POINT ( 'NONE',  ( -0.5190920643575979154, 1.099000000000000199, -0.3144435422163850968 ) ) ;
#4013 = PRESENTATION_LAYER_ASSIGNMENT (  '', '', ( #3466 ) ) ;
#4014 = ORIENTED_EDGE ( 'NONE', *, *, #3146, .T. ) ;
#4015 = LINE ( 'NONE', #96, #673 ) ;
#4016 = LINE ( 'NONE', #1183, #1239 ) ;
#4017 = FILL_AREA_STYLE ('',( #1668 ) ) ;
#4018 = DIRECTION ( 'NONE',  ( -0.0000000000000000000, -1.000000000000000000, -0.0000000000000000000 ) ) ;
#4019 = FACE_OUTER_BOUND ( 'NONE', #1658, .T. ) ;
#4020 = ORIENTED_EDGE ( 'NONE', *, *, #1688, .T. ) ;
#4021 = CARTESIAN_POINT ( 'NONE',  ( 0.3620759147944154765, 1.099499999999999478, 1.464844556292765665 ) ) ;
#4022 = CARTESIAN_POINT ( 'NONE',  ( 0.4693024772944154877, 1.099000000000000199, 1.057227368792765798 ) ) ;
#4023 = VERTEX_POINT ( 'NONE', #2944 ) ;
#4024 = B_SPLINE_SURFACE_WITH_KNOTS ( 'NONE', 3, 1, ( 
 ( #4380, #334 ),
 ( #3035, #626 ),
 ( #3369, #4062 ),
 ( #1366, #2045 ) ),
 .UNSPECIFIED., .F., .F., .F.,
 ( 4, 4 ),
 ( 2, 2 ),
 ( 0.1818181818181818232, 0.2727272727272727071 ),
 ( 0.0000000000000000000, 1.000000000000000000 ),
 .UNSPECIFIED. ) ;
#4025 = EDGE_CURVE ( 'NONE', #3830, #3408, #3548, .T. ) ;
#4026 = FACE_OUTER_BOUND ( 'NONE', #257, .T. ) ;
#4027 = VECTOR ( 'NONE', #612, 1000.000000000000114 ) ;
#4028 = CARTESIAN_POINT ( 'NONE',  ( 1.288023498585127768, 1.099999999999993427, -1.380219307831618059 ) ) ;
#4029 = EDGE_CURVE ( 'NONE', #606, #3002, #1710, .T. ) ;
#4030 = B_SPLINE_SURFACE_WITH_KNOTS ( 'NONE', 3, 1, ( 
 ( #1607, #280 ),
 ( #2656, #599 ),
 ( #3305, #1944 ),
 ( #2296, #1310 ),
 ( #1980, #251 ),
 ( #2628, #927 ),
 ( #1953, #2725 ),
 ( #2382, #686 ),
 ( #328, #3018 ),
 ( #4081, #2061 ),
 ( #1002, #4383 ) ),
 .UNSPECIFIED., .F., .F., .F.,
 ( 4, 1, 1, 1, 1, 1, 1, 1, 4 ),
 ( 2, 2 ),
 ( 0.0000000000000000000, 0.1476840362725723999, 0.2806220788315175185, 0.4040628071562295531, 0.5233414091601490403, 0.6387570474572938917, 0.7546486285501172731, 0.8746849062435876343, 1.000000000000000000 ),
 ( 0.0000000000000000000, 1.000000000000000000 ),
 .UNSPECIFIED. ) ;
#4031 = CARTESIAN_POINT ( 'NONE',  ( 1.204274367614731833, 1.099000000000000199, 0.7066661853391680292 ) ) ;
#4032 = CARTESIAN_POINT ( 'NONE',  ( 0.4456915704350478125, 1.099000000000000199, 0.1160659393855699301 ) ) ;
#4033 = SURFACE_STYLE_USAGE ( .BOTH. , #1308 ) ;
#4034 = CARTESIAN_POINT ( 'NONE',  ( -1.627281670656810286, 1.100000000000001865, -0.3817115737124471830 ) ) ;
#4035 = CARTESIAN_POINT ( 'NONE',  ( 1.219390399107898926, 1.100000000000000089, 1.374868009868736252 ) ) ;
#4036 = B_SPLINE_SURFACE_WITH_KNOTS ( 'NONE', 3, 1, ( 
 ( #4039, #2013 ),
 ( #1329, #2718 ),
 ( #4012, #3338 ),
 ( #4363, #27 ) ),
 .UNSPECIFIED., .F., .F., .F.,
 ( 4, 4 ),
 ( 2, 2 ),
 ( 0.0000000000000000000, 0.09090909090909091161 ),
 ( 0.0000000000000000000, 1.000000000000000000 ),
 .UNSPECIFIED. ) ;
#4037 = CARTESIAN_POINT ( 'NONE',  ( -0.4359386785308242418, 1.099000000000000199, 0.02057944990959716808 ) ) ;
#4038 = MECHANICAL_DESIGN_GEOMETRIC_PRESENTATION_REPRESENTATION (  '', ( #2157 ), #2702 ) ;
#4039 = CARTESIAN_POINT ( 'NONE',  ( -0.4359386785308242418, 1.099000000000000199, 0.02057944990959716808 ) ) ;
#4040 = ORIENTED_EDGE ( 'NONE', *, *, #342, .T. ) ;
#4041 = VERTEX_POINT ( 'NONE', #3340 ) ;
#4042 = CARTESIAN_POINT ( 'NONE',  ( 0.7750000000000002442, -1.019150042136372319E-16, -1.775000000000000355 ) ) ;
#4043 = VECTOR ( 'NONE', #271, 1000.000000000000000 ) ;
#4044 = AXIS2_PLACEMENT_3D ( 'NONE', #2310, #3994, #4286 ) ;
#4045 = PLANE ( 'NONE',  #3043 ) ;
#4046 = CARTESIAN_POINT ( 'NONE',  ( 0.4960699639288183027, 1.100000000000000089, 0.09402138362069099864 ) ) ;
#4047 = VERTEX_POINT ( 'NONE', #12 ) ;
#4048 = CARTESIAN_POINT ( 'NONE',  ( 0.4512861368902286174, 1.099000000000007082, -0.4403388214750578178 ) ) ;
#4049 = DIRECTION ( 'NONE',  ( 0.7071067811865483499, 0.0000000000000000000, -0.7071067811865465735 ) ) ;
#4050 = COLOUR_RGB ( '',1.000000000000000000, 1.000000000000000000, 1.000000000000000000 ) ;
#4051 = B_SPLINE_SURFACE_WITH_KNOTS ( 'NONE', 3, 1, ( 
 ( #1732, #695 ),
 ( #3740, #1055 ),
 ( #2405, #4087 ),
 ( #712, #359 ) ),
 .UNSPECIFIED., .F., .F., .F.,
 ( 4, 4 ),
 ( 2, 2 ),
 ( 0.6363636363636364646, 0.7272727272727274039 ),
 ( 0.0000000000000000000, 1.000000000000000000 ),
 .UNSPECIFIED. ) ;
#4052 = CARTESIAN_POINT ( 'NONE',  ( 1.280486865091531756, 1.098999999999999977, -1.339865093364403181 ) ) ;
#4053 = FACE_BOUND ( 'NONE', #3047, .T. ) ;
#4054 = ORIENTED_EDGE ( 'NONE', *, *, #896, .T. ) ;
#4055 = DIRECTION ( 'NONE',  ( -0.01908049524388661516, 0.0000000000000000000, 0.9998179507796646215 ) ) ;
#4056 = ORIENTED_EDGE ( 'NONE', *, *, #4089, .F. ) ;
#4057 = ORIENTED_EDGE ( 'NONE', *, *, #594, .T. ) ;
#4058 = CARTESIAN_POINT ( 'NONE',  ( 0.4866962426147316001, 1.100000000000000089, 0.3699474353391679626 ) ) ;
#4059 = PRESENTATION_STYLE_ASSIGNMENT (( #1860 ) ) ;
#4060 = EDGE_CURVE ( 'NONE', #429, #1511, #1662, .T. ) ;
#4061 =( NAMED_UNIT ( * ) SI_UNIT ( $, .STERADIAN. ) SOLID_ANGLE_UNIT ( ) );
#4062 = CARTESIAN_POINT ( 'NONE',  ( -1.481854899003264059, 1.100000000000000089, 0.4763243317993647863 ) ) ;
#4063 = UNCERTAINTY_MEASURE_WITH_UNIT (LENGTH_MEASURE( 1.000000000000000082E-05 ), #3715, 'distance_accuracy_value', 'NONE');
#4064 = CARTESIAN_POINT ( 'NONE',  ( 0.3643477831177689974, 1.099000000000003530, 1.475653508647449152 ) ) ;
#4065 = DIRECTION ( 'NONE',  ( -0.01908049524388675047, 0.0000000000000000000, 0.9998179507796646215 ) ) ;
#4066 = ORIENTED_EDGE ( 'NONE', *, *, #1830, .T. ) ;
#4067 = PRESENTATION_STYLE_ASSIGNMENT (( #1014 ) ) ;
#4068 =( GEOMETRIC_REPRESENTATION_CONTEXT ( 3 ) GLOBAL_UNCERTAINTY_ASSIGNED_CONTEXT ( ( #2037 ) ) GLOBAL_UNIT_ASSIGNED_CONTEXT ( ( #836, #193, #1190 ) ) REPRESENTATION_CONTEXT ( 'NONE', 'WORKASPACE' ) );
#4069 = PLANE ( 'NONE',  #2035 ) ;
#4070 = CARTESIAN_POINT ( 'NONE',  ( 0.4183830270234220050, 1.099999999999999867, -0.9251668828591607108 ) ) ;
#4071 = ORIENTED_EDGE ( 'NONE', *, *, #272, .F. ) ;
#4072 = CARTESIAN_POINT ( 'NONE',  ( 0.7750000000000002442, 0.0000000000000000000, -2.009999999999999787 ) ) ;
#4073 = VECTOR ( 'NONE', #2946, 1000.000000000000000 ) ;
#4074 = STYLED_ITEM ( 'NONE', ( #234 ), #3840 ) ;
#4075 = COLOUR_RGB ( '',0.1882352941176470562, 0.2039215686274509776, 0.2039215686274509776 ) ;
#4076 = SURFACE_STYLE_FILL_AREA ( #1677 ) ;
#4077 = CARTESIAN_POINT ( 'NONE',  ( 0.0000000000000000000, 0.0000000000000000000, -2.009999999999999787 ) ) ;
#4078 = CARTESIAN_POINT ( 'NONE',  ( 1.230482533266555212, 1.100000000000000089, 0.7065372595330373651 ) ) ;
#4079 = SURFACE_STYLE_FILL_AREA ( #44 ) ;
#4080 = CARTESIAN_POINT ( 'NONE',  ( -0.7750000000000001332, 0.2500000000000000000, -2.009999999999999787 ) ) ;
#4081 = CARTESIAN_POINT ( 'NONE',  ( 0.5269570037307060861, 1.099000000000000199, -0.4249221735977066761 ) ) ;
#4082 = CARTESIAN_POINT ( 'NONE',  ( 1.217877003221353949, 1.099000000000000199, 1.293061299489226323 ) ) ;
#4083 = DIRECTION ( 'NONE',  ( -0.7071067811865466846, 6.133173666733497538E-16, -0.7071067811865484609 ) ) ;
#4084 = EDGE_CURVE ( 'NONE', #1210, #2940, #2451, .T. ) ;
#4085 = CARTESIAN_POINT ( 'NONE',  ( 1.277513140792359669, 1.098999999999999977, -0.9203219311761028365 ) ) ;
#4086 = CARTESIAN_POINT ( 'NONE',  ( 0.5298712579350476348, 1.099000000000000199, -0.4235824981144300505 ) ) ;
#4087 = CARTESIAN_POINT ( 'NONE',  ( -1.656591906877280529, 1.100000000000000089, 0.01500842628755501458 ) ) ;
#4088 = CARTESIAN_POINT ( 'NONE',  ( 1.244800954787380398, 1.099000000000000199, -0.09455603755426025825 ) ) ;
#4089 = EDGE_CURVE ( 'NONE', #2886, #1511, #1613, .T. ) ;
#4090 = ORIENTED_EDGE ( 'NONE', *, *, #2579, .F. ) ;
#4091 = CARTESIAN_POINT ( 'NONE',  ( 1.221646227294415299, 1.099000000000000199, 1.341211743792765754 ) ) ;
#4092 = CARTESIAN_POINT ( 'NONE',  ( 0.7750000000000002442, 0.0000000000000000000, -2.009999999999999787 ) ) ;
#4093 = ORIENTED_EDGE ( 'NONE', *, *, #3314, .F. ) ;
#4094 = CARTESIAN_POINT ( 'NONE',  ( 1.254679152380771878, 1.099000000000000199, -0.8237084471316190593 ) ) ;
#4095 = CARTESIAN_POINT ( 'NONE',  ( 1.278435520559263905, 1.099999999999994760, -0.9094151726827771620 ) ) ;
#4096 = VECTOR ( 'NONE', #3485, 1000.000000000000000 ) ;
#4097 = ORIENTED_EDGE ( 'NONE', *, *, #1353, .F. ) ;
#4098 = CARTESIAN_POINT ( 'NONE',  ( 0.4324987943626281139, 1.099000000000000199, -0.4389404135336982815 ) ) ;
#4099 = DIRECTION ( 'NONE',  ( 0.0000000000000000000, -0.0000000000000000000, 1.000000000000000000 ) ) ;
#4100 = CARTESIAN_POINT ( 'NONE',  ( -0.6144117493969669663, 1.099499999999999922, 0.03437472550014940981 ) ) ;
#4101 = EDGE_LOOP ( 'NONE', ( #2525, #3774, #209 ) ) ;
#4102 = ORIENTED_EDGE ( 'NONE', *, *, #2456, .T. ) ;
#4103 =( LENGTH_UNIT ( ) NAMED_UNIT ( * ) SI_UNIT ( .MILLI., .METRE. ) );
#4104 = EDGE_LOOP ( 'NONE', ( #1278, #2482, #736, #1636 ) ) ;
#4105 = DIRECTION ( 'NONE',  ( -4.336808689942018722E-16, 1.000000000000000000, 0.0000000000000000000 ) ) ;
#4106 = EDGE_CURVE ( 'NONE', #1633, #3266, #1557, .T. ) ;
#4107 = ORIENTED_EDGE ( 'NONE', *, *, #826, .F. ) ;
#4108 = SURFACE_SIDE_STYLE ('',( #515 ) ) ;
#4109 = B_SPLINE_SURFACE_WITH_KNOTS ( 'NONE', 3, 1, ( 
 ( #2827, #3811 ),
 ( #1138, #2167 ),
 ( #3489, #1189 ),
 ( #3521, #4171 ),
 ( #4221, #2150 ),
 ( #421, #2185 ),
 ( #4201, #93 ),
 ( #2474, #1808 ),
 ( #136, #3824 ),
 ( #1823, #4154 ),
 ( #2204, #1499 ) ),
 .UNSPECIFIED., .F., .F., .F.,
 ( 4, 1, 1, 1, 1, 1, 1, 1, 4 ),
 ( 2, 2 ),
 ( 0.0000000000000000000, 0.09586283074784317237, 0.1874865120932952267, 0.2833493428411400505, 0.3936225718505175220, 0.5172336944437669892, 0.6587910144637694199, 0.8203111772739718477, 1.000000000000000000 ),
 ( 0.0000000000000000000, 1.000000000000000000 ),
 .UNSPECIFIED. ) ;
#4110 = CARTESIAN_POINT ( 'NONE',  ( 1.273068428772991645, 1.099000000000000421, -0.9352786916062694189 ) ) ;
#4111 = EDGE_CURVE ( 'NONE', #900, #1591, #2358, .T. ) ;
#4112 = ADVANCED_FACE ( 'NONE', ( #2818 ), #2041, .F. ) ;
#4113 = FACE_OUTER_BOUND ( 'NONE', #1325, .T. ) ;
#4114 = CARTESIAN_POINT ( 'NONE',  ( 1.263246842266364300, 1.098999999999998645, -0.8233379357385387509 ) ) ;
#4115 = VERTEX_POINT ( 'NONE', #2720 ) ;
#4116 = CARTESIAN_POINT ( 'NONE',  ( -1.505269072231613992, 1.099000000000000199, -0.4055452744998473968 ) ) ;
#4117 = CARTESIAN_POINT ( 'NONE',  ( 0.4246440873493090851, 1.100000000000000089, 0.9342566616343910280 ) ) ;
#4118 = VECTOR ( 'NONE', #3434, 1000.000000000000000 ) ;
#4119 = PRESENTATION_LAYER_ASSIGNMENT (  '', '', ( #3275 ) ) ;
#4120 = CARTESIAN_POINT ( 'NONE',  ( 1.220325462251159898, 1.100000000000000311, 1.302001786690940577 ) ) ;
#4121 = ORIENTED_EDGE ( 'NONE', *, *, #792, .T. ) ;
#4122 = ORIENTED_EDGE ( 'NONE', *, *, #3388, .T. ) ;
#4123 = DIRECTION ( 'NONE',  ( -0.7071067811865466846, -0.0000000000000000000, -0.7071067811865483499 ) ) ;
#4124 =( NAMED_UNIT ( * ) PLANE_ANGLE_UNIT ( ) SI_UNIT ( $, .RADIAN. ) );
#4125 = DIRECTION ( 'NONE',  ( -0.0000000000000000000, 1.000000000000000000, 0.0000000000000000000 ) ) ;
#4126 = CARTESIAN_POINT ( 'NONE',  ( 1.274378195818535175, 1.100000000000000089, -0.8348012533504806099 ) ) ;
#4127 = SURFACE_SIDE_STYLE ('',( #1468 ) ) ;
#4128 = CARTESIAN_POINT ( 'NONE',  ( 0.4068260172365112393, 1.099000000000000199, -0.4150511250544166586 ) ) ;
#4129 = FACE_OUTER_BOUND ( 'NONE', #3327, .T. ) ;
#4130 = CARTESIAN_POINT ( 'NONE',  ( 1.278683154940592814, 1.098999999999572541, -0.8787351525295984400 ) ) ;
#4131 = CARTESIAN_POINT ( 'NONE',  ( -1.860000000000000320, 1.100000000000000089, -1.197867965644034749 ) ) ;
#4132 = CARTESIAN_POINT ( 'NONE',  ( -1.239662773019015063, 1.100000000000001199, -0.3970243296179595260 ) ) ;
#4133 = DIRECTION ( 'NONE',  ( 0.8612254267256904683, 0.0000000000000000000, 0.5082231442596374382 ) ) ;
#4134 = CARTESIAN_POINT ( 'NONE',  ( 0.4950837272944154654, 1.099000000000000199, 0.9509773687927658425 ) ) ;
#4135 = EDGE_CURVE ( 'NONE', #3515, #3095, #4178, .T. ) ;
#4136 = CARTESIAN_POINT ( 'NONE',  ( 1.220981449511819417, 1.098999999999999755, 1.359548875823247682 ) ) ;
#4137 = CARTESIAN_POINT ( 'NONE',  ( 1.204274367614731833, 1.100000000000000089, 0.7066661853391680292 ) ) ;
#4138 = ORIENTED_EDGE ( 'NONE', *, *, #1871, .T. ) ;
#4139 = CARTESIAN_POINT ( 'NONE',  ( 0.5038574910470384749, 1.100000000000000311, 0.2597348418396576153 ) ) ;
#4140 = CARTESIAN_POINT ( 'NONE',  ( -1.859999999999999210, 1.100000000000000089, 1.197867965644033195 ) ) ;
#4141 = CARTESIAN_POINT ( 'NONE',  ( -0.6126089147512974176, 1.100000000000001199, -0.09607755796441845575 ) ) ;
#4142 = PRESENTATION_LAYER_ASSIGNMENT (  '', '', ( #518 ) ) ;
#4143 = ADVANCED_FACE ( 'NONE', ( #3169 ), #1706, .F. ) ;
#4144 = LINE ( 'NONE', #1512, #1839 ) ;
#4145 = ORIENTED_EDGE ( 'NONE', *, *, #224, .F. ) ;
#4146 = DIRECTION ( 'NONE',  ( 0.01885715718041001618, 0.0000000000000000000, -0.9998221880029836139 ) ) ;
#4147 = DIRECTION ( 'NONE',  ( -1.000000000000000000, -7.787954291162158718E-32, 1.795779995835204083E-16 ) ) ;
#4148 = CARTESIAN_POINT ( 'NONE',  ( 0.4255671909736432612, 1.100000000000000311, -0.9665115789528940793 ) ) ;
#4149 = AXIS2_PLACEMENT_3D ( 'NONE', #1919, #3605, #3922 ) ;
#4150 = VERTEX_POINT ( 'NONE', #2379 ) ;
#4151 = CARTESIAN_POINT ( 'NONE',  ( 1.276711974440236652, 1.100000000000000533, -1.335249459025501295 ) ) ;
#4152 = DIRECTION ( 'NONE',  ( -1.000000000000000000, 0.0000000000000000000, -0.0000000000000000000 ) ) ;
#4153 = FACE_BOUND ( 'NONE', #1331, .T. ) ;
#4154 = CARTESIAN_POINT ( 'NONE',  ( 0.4146167306785602524, 1.099999999999999867, 1.490621464810682806 ) ) ;
#4155 = ORIENTED_EDGE ( 'NONE', *, *, #2550, .T. ) ;
#4156 = ADVANCED_FACE ( 'NONE', ( #2398 ), #3443, .F. ) ;
#4157 = CARTESIAN_POINT ( 'NONE',  ( 0.4208649772944155210, 1.099499999999997701, 0.9341804937927656871 ) ) ;
#4158 = CARTESIAN_POINT ( 'NONE',  ( 0.4345255640969593047, 1.099000000000000643, 0.1156829261583307011 ) ) ;
#4159 = CARTESIAN_POINT ( 'NONE',  ( 0.0000000000000000000, 1.050000000000000044, 2.009999999999999787 ) ) ;
#4160 = VERTEX_POINT ( 'NONE', #1690 ) ;
#4161 = EDGE_LOOP ( 'NONE', ( #2429, #2967, #1831 ) ) ;
#4162 = CARTESIAN_POINT ( 'NONE',  ( 1.204274367614731833, 1.100000000000000089, 0.7066661853391680292 ) ) ;
#4163 = ORIENTED_EDGE ( 'NONE', *, *, #758, .F. ) ;
#4164 = VECTOR ( 'NONE', #3946, 1000.000000000000000 ) ;
#4165 = CARTESIAN_POINT ( 'NONE',  ( -0.6126089147512974176, 1.098999999999995980, -0.09607755796441846963 ) ) ;
#4166 = EDGE_CURVE ( 'NONE', #4160, #1608, #3973, .T. ) ;
#4167 = ADVANCED_FACE ( 'NONE', ( #465 ), #3460, .T. ) ;
#4168 = CARTESIAN_POINT ( 'NONE',  ( 1.268758322728069876, 1.100000000000000533, -1.330168778970889809 ) ) ;
#4169 = DIRECTION ( 'NONE',  ( 0.7071067811865483499, 0.0000000000000000000, -0.7071067811865465735 ) ) ;
#4170 = VECTOR ( 'NONE', #1913, 1000.000000000000227 ) ;
#4171 = CARTESIAN_POINT ( 'NONE',  ( 0.4582170496465172715, 1.100000000000000089, 1.477853955471219338 ) ) ;
#4172 = ORIENTED_EDGE ( 'NONE', *, *, #2306, .T. ) ;
#4173 = AXIS2_PLACEMENT_3D ( 'NONE', #4134, #1821, #451 ) ;
#4174 = CARTESIAN_POINT ( 'NONE',  ( 0.4921694730900738057, 1.100000000000000533, 0.9496376933094892170 ) ) ;
#4175 = FACE_OUTER_BOUND ( 'NONE', #2845, .T. ) ;
#4176 = CARTESIAN_POINT ( 'NONE',  ( 0.4756108149668333285, 1.099999999999999645, 0.7905740220176211697 ) ) ;
#4177 = CARTESIAN_POINT ( 'NONE',  ( 0.4582170496465172715, 1.099000000000000199, 1.477853955471219338 ) ) ;
#4178 = LINE ( 'NONE', #4058, #2504 ) ;
#4179 = MECHANICAL_DESIGN_GEOMETRIC_PRESENTATION_REPRESENTATION (  '', ( #934 ), #3495 ) ;
#4180 = DIRECTION ( 'NONE',  ( 0.7901669519244168827, -0.0000000000000000000, 0.6128916609699273099 ) ) ;
#4181 = ADVANCED_FACE ( 'NONE', ( #3660 ), #3106, .F. ) ;
#4182 = DIRECTION ( 'NONE',  ( 0.0000000000000000000, -1.000000000000000000, -0.0000000000000000000 ) ) ;
#4183 = CARTESIAN_POINT ( 'NONE',  ( 0.4693024772944154877, 1.099000000000000199, 1.057227368792765798 ) ) ;
#4184 = CARTESIAN_POINT ( 'NONE',  ( 0.4417831342536244765, 1.099999999999996758, 0.1159318733005276075 ) ) ;
#4185 = PRODUCT_DEFINITION_FORMATION_WITH_SPECIFIED_SOURCE ( 'ANY', '', #590, .NOT_KNOWN. ) ;
#4186 = PLANE ( 'NONE',  #4376 ) ;
#4187 = EDGE_CURVE ( 'NONE', #294, #1003, #3856, .T. ) ;
#4188 = CARTESIAN_POINT ( 'NONE',  ( 0.4382587426147316889, 1.099000000000000199, 0.2469005603391679626 ) ) ;
#4189 = CARTESIAN_POINT ( 'NONE',  ( 0.5298712579350476348, 1.099000000000000199, -0.4235824981144300505 ) ) ;
#4190 = CARTESIAN_POINT ( 'NONE',  ( 0.4709375649320929891, 1.099000000000000199, 0.7947000415962391928 ) ) ;
#4191 = CARTESIAN_POINT ( 'NONE',  ( 0.4612824332881860778, 1.099000000000000199, 1.468581250527886795 ) ) ;
#4192 = EDGE_CURVE ( 'NONE', #549, #3224, #1279, .T. ) ;
#4193 = UNCERTAINTY_MEASURE_WITH_UNIT (LENGTH_MEASURE( 1.000000000000000082E-05 ), #3241, 'distance_accuracy_value', 'NONE');
#4194 = CARTESIAN_POINT ( 'NONE',  ( 1.249007985641734209, 1.099000000000000421, -1.450146409782714585 ) ) ;
#4195 = ORIENTED_EDGE ( 'NONE', *, *, #687, .F. ) ;
#4196 = CARTESIAN_POINT ( 'NONE',  ( 1.266964404940592814, 1.099000000000000199, -1.329321090029598196 ) ) ;
#4197 = EDGE_CURVE ( 'NONE', #952, #2683, #3977, .T. ) ;
#4198 = FACE_OUTER_BOUND ( 'NONE', #309, .T. ) ;
#4199 = CARTESIAN_POINT ( 'NONE',  ( 1.221668132935047613, 1.099000000000000199, 0.01938625188556994394 ) ) ;
#4200 = ORIENTED_EDGE ( 'NONE', *, *, #2721, .F. ) ;
#4201 = CARTESIAN_POINT ( 'NONE',  ( 0.4402670394050647862, 1.099000000000000199, 1.487953474900115314 ) ) ;
#4202 = ADVANCED_FACE ( 'NONE', ( #3917 ), #754, .T. ) ;
#4203 = CARTESIAN_POINT ( 'NONE',  ( 1.259542529940592681, 1.099999999999999423, -0.9476804650295981292 ) ) ;
#4204 = LINE ( 'NONE', #4189, #1413 ) ;
#4205 = CARTESIAN_POINT ( 'NONE',  ( 0.9236050299405927921, 1.099000000000000199, -1.145922652529598240 ) ) ;
#4206 = CARTESIAN_POINT ( 'NONE',  ( 0.4320104959988763649, 1.099999999999999645, 0.8033415313570844152 ) ) ;
#4207 = CARTESIAN_POINT ( 'NONE',  ( 0.4476844067672737792, 1.099000000000000199, 1.485522138053218200 ) ) ;
#4208 = STYLED_ITEM ( 'NONE', ( #1387 ), #1758 ) ;
#4209 = ORIENTED_EDGE ( 'NONE', *, *, #3206, .T. ) ;
#4210 = ORIENTED_EDGE ( 'NONE', *, *, #3781, .F. ) ;
#4211 = PLANE ( 'NONE',  #3020 ) ;
#4212 = ORIENTED_EDGE ( 'NONE', *, *, #2959, .F. ) ;
#4213 = VERTEX_POINT ( 'NONE', #1942 ) ;
#4214 = CARTESIAN_POINT ( 'NONE',  ( 1.286142309091845792, 1.098999999999999977, -1.444277467295839168 ) ) ;
#4215 = CARTESIAN_POINT ( 'NONE',  ( 0.4183830270234220050, 1.099999999999999867, -0.9251668828591607108 ) ) ;
#4216 = MECHANICAL_DESIGN_GEOMETRIC_PRESENTATION_REPRESENTATION (  '', ( #1295 ), #3678 ) ;
#4217 = VERTEX_POINT ( 'NONE', #222 ) ;
#4218 = ORIENTED_EDGE ( 'NONE', *, *, #3500, .T. ) ;
#4219 = CARTESIAN_POINT ( 'NONE',  ( 1.227407189467063953, 1.099000000000000421, 0.5927238958993377160 ) ) ;
#4220 = CARTESIAN_POINT ( 'NONE',  ( 1.229114514154289184, 1.100000000000000089, 0.02261297745289166106 ) ) ;
#4221 = CARTESIAN_POINT ( 'NONE',  ( 0.4535437996117769321, 1.099000000000000199, 1.481979975049837028 ) ) ;
#4222 = VERTEX_POINT ( 'NONE', #3598 ) ;
#4223 = LINE ( 'NONE', #689, #3103 ) ;
#4224 = CARTESIAN_POINT ( 'NONE',  ( 0.8454800299405927921, 1.099000000000000199, -1.224633590029598151 ) ) ;
#4225 = B_SPLINE_CURVE_WITH_KNOTS ( 'NONE', 3,
 ( #2686, #4375, #4028, #1997, #3674, #3311, #2390, #3029, #660, #2675, #293 ),
 .UNSPECIFIED., .F., .F.,
 ( 4, 1, 1, 1, 1, 1, 1, 1, 4 ),
 ( 0.0000000000000000000, 1.879132275696309334E-05, 3.310704778485772218E-05, 4.378731937610784848E-05, 5.233332845310647099E-05, 5.907110352992722972E-05, 6.463244862518872935E-05, 7.007201037891014990E-05, 7.602239489550678209E-05 ),
 .UNSPECIFIED. ) ;
#4226 = CARTESIAN_POINT ( 'NONE',  ( -2.009999999999999787, 1.050000000000000044, 0.7750000000000004663 ) ) ;
#4227 = CARTESIAN_POINT ( 'NONE',  ( 1.252664533861986396, 1.099999999999997424, -0.08149856741796955573 ) ) ;
#4228 = VECTOR ( 'NONE', #2038, 1000.000000000000000 ) ;
#4229 = LINE ( 'NONE', #2433, #154 ) ;
#4230 = CARTESIAN_POINT ( 'NONE',  ( 0.4179409674405927810, 1.100000000000000311, -0.9084226525295984178 ) ) ;
#4231 = ORIENTED_EDGE ( 'NONE', *, *, #3065, .F. ) ;
#4232 = ADVANCED_FACE ( 'NONE', ( #1299 ), #2626, .F. ) ;
#4233 = CARTESIAN_POINT ( 'NONE',  ( -0.6646435604205906955, 1.100000000000000089, -0.4946457469407960494 ) ) ;
#4234 = CARTESIAN_POINT ( 'NONE',  ( 0.3764111317159681835, 1.099000000000000421, 0.9453249733400321819 ) ) ;
#4235 = EDGE_CURVE ( 'NONE', #1736, #82, #4385, .T. ) ;
#4236 = VECTOR ( 'NONE', #2577, 1000.000000000000000 ) ;
#4237 = PRESENTATION_STYLE_ASSIGNMENT (( #2567 ) ) ;
#4238 = ORIENTED_EDGE ( 'NONE', *, *, #649, .T. ) ;
#4239 = ORIENTED_EDGE ( 'NONE', *, *, #2542, .T. ) ;
#4240 = PRESENTATION_STYLE_ASSIGNMENT (( #71 ) ) ;
#4241 = CARTESIAN_POINT ( 'NONE',  ( -0.7750000000000001332, 0.2500000000000000000, -0.7749999999999996891 ) ) ;
#4242 = DIRECTION ( 'NONE',  ( 1.000000000000000000, 0.0000000000000000000, -0.0000000000000000000 ) ) ;
#4243 = CARTESIAN_POINT ( 'NONE',  ( 0.3993220100191377520, 1.099999999999999645, 0.2534441695972069475 ) ) ;
#4244 = DIRECTION ( 'NONE',  ( 0.0000000000000000000, 1.000000000000000000, -0.0000000000000000000 ) ) ;
#4245 = CARTESIAN_POINT ( 'NONE',  ( 0.3794696801147315890, 1.100000000000000089, 0.7775646228391679404 ) ) ;
#4246 = CARTESIAN_POINT ( 'NONE',  ( 1.242699684963595397, 1.099999999999996980, 0.02403195328901556668 ) ) ;
#4247 = VECTOR ( 'NONE', #1028, 1000.000000000000000 ) ;
#4248 = CARTESIAN_POINT ( 'NONE',  ( 1.232980029940592859, 1.099000000000000199, -0.8347898400295982180 ) ) ;
#4249 = CARTESIAN_POINT ( 'NONE',  ( 1.244537231709696101, 1.098999999999999089, -0.8281760239183071359 ) ) ;
#4250 = CARTESIAN_POINT ( 'NONE',  ( 0.4499670368908927354, 1.100000000000000311, -0.8540120948820907332 ) ) ;
#4251 = CARTESIAN_POINT ( 'NONE',  ( -0.4359386785308242418, 1.100000000000000089, 0.02057944990959716808 ) ) ;
#4252 = CARTESIAN_POINT ( 'NONE',  ( 1.204274367614731833, 1.098999999999895172, 0.7066661853391680292 ) ) ;
#4253 = PLANE ( 'NONE',  #661 ) ;
#4254 = CARTESIAN_POINT ( 'NONE',  ( 1.219390399107898926, 1.100000000000001421, 1.374868009868736252 ) ) ;
#4255 = EDGE_CURVE ( 'NONE', #957, #188, #969, .T. ) ;
#4256 = CARTESIAN_POINT ( 'NONE',  ( 0.4259143613041667109, 1.099000000000000199, 0.2470152058638017678 ) ) ;
#4257 = CARTESIAN_POINT ( 'NONE',  ( 0.3985318813748476297, 1.100000000000000089, 0.7992840953995150599 ) ) ;
#4258 = B_SPLINE_CURVE_WITH_KNOTS ( 'NONE', 3,
 ( #1530, #2930, #3213, #3873, #1938, #868, #3245, #1889, #905, #196, #3232 ),
 .UNSPECIFIED., .F., .F.,
 ( 4, 1, 1, 1, 1, 1, 1, 1, 4 ),
 ( 0.0000000000000000000, 5.963880216887380515E-06, 1.166403173872044745E-05, 1.762791195560778308E-05, 2.448830115766694663E-05, 3.217847599258543746E-05, 4.098513122941598686E-05, 5.103372770938031466E-05, 6.221264457101966688E-05 ),
 .UNSPECIFIED. ) ;
#4259 = DIRECTION ( 'NONE',  ( 0.7071067811865466846, 0.0000000000000000000, 0.7071067811865483499 ) ) ;
#4260 = CARTESIAN_POINT ( 'NONE',  ( 1.256192820433418733, 1.099999999999996758, -0.02670213870560309011 ) ) ;
#4261 = CARTESIAN_POINT ( 'NONE',  ( 0.0000000000000000000, 1.050000000000000044, 0.0000000000000000000 ) ) ;
#4262 = EDGE_CURVE ( 'NONE', #3189, #1051, #165, .T. ) ;
#4263 = CARTESIAN_POINT ( 'NONE',  ( 1.237719227571475233, 1.098999999999999755, 0.6147218532373425193 ) ) ;
#4264 = ORIENTED_EDGE ( 'NONE', *, *, #3692, .F. ) ;
#4265 = CARTESIAN_POINT ( 'NONE',  ( 0.4179063030106316412, 1.099000000000000421, -0.8894882989618951852 ) ) ;
#4266 = CARTESIAN_POINT ( 'NONE',  ( 0.4199882641362773783, 1.099000000000000421, -0.8618597926969954193 ) ) ;
#4267 = CARTESIAN_POINT ( 'NONE',  ( -1.197867965644032973, 1.100000000000000089, -1.859999999999999654 ) ) ;
#4268 = CARTESIAN_POINT ( 'NONE',  ( 0.4255671909736432612, 1.100000000000000311, -0.9665115789528940793 ) ) ;
#4269 = VECTOR ( 'NONE', #180, 1000.000000000000000 ) ;
#4270 = ORIENTED_EDGE ( 'NONE', *, *, #2085, .F. ) ;
#4271 = STYLED_ITEM ( 'NONE', ( #3772 ), #102 ) ;
#4272 = CARTESIAN_POINT ( 'NONE',  ( 1.197232164794415521, 1.099499999999965061, 1.271680493792765931 ) ) ;
#4273 = CARTESIAN_POINT ( 'NONE',  ( -0.7750000000000002442, 0.0000000000000000000, -2.009999999999999787 ) ) ;
#4274 = EDGE_LOOP ( 'NONE', ( #1681, #508, #1316, #3149 ) ) ;
#4275 = CARTESIAN_POINT ( 'NONE',  ( 1.278683154940592814, 1.099999999999999423, -0.8787351525295984400 ) ) ;
#4276 = CARTESIAN_POINT ( 'NONE',  ( 0.9236050299405927921, 1.099000000000000199, -1.145922652529598240 ) ) ;
#4277 = FILL_AREA_STYLE_COLOUR ( '', #498 ) ;
#4278 = ORIENTED_EDGE ( 'NONE', *, *, #62, .F. ) ;
#4279 = AXIS2_PLACEMENT_3D ( 'NONE', #2228, #3562, #4299 ) ;
#4280 = ORIENTED_EDGE ( 'NONE', *, *, #2981, .F. ) ;
#4281 = CARTESIAN_POINT ( 'NONE',  ( 0.4164986062495964481, 1.099000000000006194, 0.9342210454321382418 ) ) ;
#4282 = CARTESIAN_POINT ( 'NONE',  ( 0.4732144049405928032, 1.099999999999999867, -1.453149215029598151 ) ) ;
#4283 = CARTESIAN_POINT ( 'NONE',  ( 2.010000000000000231, 1.050000000000000044, 1.259999999999999787 ) ) ;
#4284 = CARTESIAN_POINT ( 'NONE',  ( 1.232980029940592859, 1.100000000000000089, -0.8347898400295982180 ) ) ;
#4285 = ORIENTED_EDGE ( 'NONE', *, *, #3336, .F. ) ;
#4286 = DIRECTION ( 'NONE',  ( 0.01885715718041001618, 0.0000000000000000000, -0.9998221880029836139 ) ) ;
#4287 = DIRECTION ( 'NONE',  ( -0.0000000000000000000, -1.000000000000000000, -0.0000000000000000000 ) ) ;
#4288 =( GEOMETRIC_REPRESENTATION_CONTEXT ( 3 ) GLOBAL_UNCERTAINTY_ASSIGNED_CONTEXT ( ( #642 ) ) GLOBAL_UNIT_ASSIGNED_CONTEXT ( ( #2962, #940, #3291 ) ) REPRESENTATION_CONTEXT ( 'NONE', 'WORKASPACE' ) );
#4289 = ORIENTED_EDGE ( 'NONE', *, *, #3450, .T. ) ;
#4290 = DIRECTION ( 'NONE',  ( 0.0000000000000000000, -0.0000000000000000000, 1.000000000000000000 ) ) ;
#4291 = CARTESIAN_POINT ( 'NONE',  ( 0.4291566463139711018, 1.099999999999999867, -1.439641903714004245 ) ) ;
#4292 = VECTOR ( 'NONE', #1541, 1000.000000000000000 ) ;
#4293 = SURFACE_STYLE_FILL_AREA ( #2859 ) ;
#4294 = CARTESIAN_POINT ( 'NONE',  ( 0.3969674225018739455, 1.099000000000000199, 0.09211992462236867629 ) ) ;
#4295 = ORIENTED_EDGE ( 'NONE', *, *, #369, .T. ) ;
#4296 = CARTESIAN_POINT ( 'NONE',  ( 0.5038574910470384749, 1.099000000000000199, 0.2597348418396576153 ) ) ;
#4297 = LINE ( 'NONE', #1481, #2307 ) ;
#4298 = DIRECTION ( 'NONE',  ( -0.0000000000000000000, -1.000000000000000000, 0.0000000000000000000 ) ) ;
#4299 = DIRECTION ( 'NONE',  ( -0.01908049524388675047, 0.0000000000000000000, 0.9998179507796646215 ) ) ;
#4300 = EDGE_CURVE ( 'NONE', #3002, #2417, #1245, .T. ) ;
#4301 = FACE_OUTER_BOUND ( 'NONE', #1784, .T. ) ;
#4302 = DIRECTION ( 'NONE',  ( 1.000000000000000000, 0.0000000000000000000, -0.0000000000000000000 ) ) ;
#4303 = PRESENTATION_LAYER_ASSIGNMENT (  '', '', ( #3699 ) ) ;
#4304 = DIRECTION ( 'NONE',  ( 2.157616263652745752E-16, 0.0000000000000000000, 1.000000000000000000 ) ) ;
#4305 = B_SPLINE_CURVE_WITH_KNOTS ( 'NONE', 3,
 ( #1326, #3663, #3337, #2366, #3324, #2673, #1673, #3673, #320, #2338, #3685 ),
 .UNSPECIFIED., .F., .F.,
 ( 4, 1, 1, 1, 1, 1, 1, 1, 4 ),
 ( 0.0000000000000000000, 1.138750426848444488E-05, 2.163798607607775516E-05, 3.115615646321490676E-05, 4.035339689447977018E-05, 4.925277496492246363E-05, 5.818885165732955151E-05, 6.744451434848555596E-05, 7.710721182800791239E-05 ),
 .UNSPECIFIED. ) ;
#4306 = CARTESIAN_POINT ( 'NONE',  ( 0.4180991331147685397, 1.099000000000000421, -0.9144136152448046895 ) ) ;
#4307 = AXIS2_PLACEMENT_3D ( 'NONE', #3329, #4365, #2689 ) ;
#4308 = CARTESIAN_POINT ( 'NONE',  ( -0.6646435604205906955, 1.100000000000000089, -0.4946457469407960494 ) ) ;
#4309 = CARTESIAN_POINT ( 'NONE',  ( 0.4274736477042572202, 1.100000000000004530, -1.391564821339002389 ) ) ;
#4310 = CARTESIAN_POINT ( 'NONE',  ( 0.4418670505311990682, 1.100000000000000311, -1.346258063837661112 ) ) ;
#4311 = ORIENTED_EDGE ( 'NONE', *, *, #1745, .F. ) ;
#4312 = CARTESIAN_POINT ( 'NONE',  ( 1.236044727913581331, 1.099000000000000421, 0.02493722787960908280 ) ) ;
#4313 = B_SPLINE_CURVE_WITH_KNOTS ( 'NONE', 3,
 ( #3590, #2630, #1946, #1577, #3925, #2272, #2605, #4312, #2928, #1261, #3986 ),
 .UNSPECIFIED., .F., .F.,
 ( 4, 1, 1, 1, 1, 1, 1, 1, 4 ),
 ( 0.0000000000000000000, 1.995763853813244289E-05, 3.510807187856798136E-05, 4.619939049600677586E-05, 5.441901040478212679E-05, 6.052439079936975828E-05, 6.646811549423737111E-05, 7.353063088737105406E-05, 8.220466112987645881E-05 ),
 .UNSPECIFIED. ) ;
#4314 = ORIENTED_EDGE ( 'NONE', *, *, #4111, .F. ) ;
#4315 = CARTESIAN_POINT ( 'NONE',  ( -0.4359386785308242418, 1.099000000000000199, 0.02057944990959716808 ) ) ;
#4316 = EDGE_CURVE ( 'NONE', #2758, #3082, #2303, .T. ) ;
#4317 = FACE_OUTER_BOUND ( 'NONE', #1439, .T. ) ;
#4318 = CARTESIAN_POINT ( 'NONE',  ( 1.197867965644033639, 1.050000000000000044, 1.859999999999999654 ) ) ;
#4319 = CARTESIAN_POINT ( 'NONE',  ( 0.4618862799405928365, 1.098999999999921817, -0.8599851525295982846 ) ) ;
#4320 = ORIENTED_EDGE ( 'NONE', *, *, #1082, .F. ) ;
#4321 = CARTESIAN_POINT ( 'NONE',  ( 1.256456281768593364, 1.100000000000001199, -1.454071110200688466 ) ) ;
#4322 = ORIENTED_EDGE ( 'NONE', *, *, #1715, .F. ) ;
#4323 = AXIS2_PLACEMENT_3D ( 'NONE', #1762, #1126, #2119 ) ;
#4324 = EDGE_LOOP ( 'NONE', ( #3148, #2046, #2372 ) ) ;
#4325 = ORIENTED_EDGE ( 'NONE', *, *, #3030, .T. ) ;
#4326 = ORIENTED_EDGE ( 'NONE', *, *, #2550, .F. ) ;
#4327 = CARTESIAN_POINT ( 'NONE',  ( -1.853318206089877185, 1.098999999999996424, 0.1348137806182634069 ) ) ;
#4328 = B_SPLINE_CURVE_WITH_KNOTS ( 'NONE', 3,
 ( #477, #2963, #1932, #1979, #3282, #2635, #2616, #3616, #250, #1268, #239 ),
 .UNSPECIFIED., .F., .F.,
 ( 4, 1, 1, 1, 1, 1, 1, 1, 4 ),
 ( 0.0000000000000000000, 1.453792626603330572E-05, 2.549737382911631018E-05, 3.352748321655291147E-05, 4.037761891096640495E-05, 4.878554574847444880E-05, 6.015195832748098379E-05, 7.602247809668314510E-05, 9.658127824014003699E-05 ),
 .UNSPECIFIED. ) ;
#4329 = ORIENTED_EDGE ( 'NONE', *, *, #2082, .T. ) ;
#4330 = VECTOR ( 'NONE', #3154, 1000.000000000000000 ) ;
#4331 = PLANE ( 'NONE',  #3804 ) ;
#4332 = CARTESIAN_POINT ( 'NONE',  ( -1.293413599470953912, 1.099000000000000199, 1.353745634738269477 ) ) ;
#4333 = CARTESIAN_POINT ( 'NONE',  ( 1.288703442923034403, 1.100000000000000755, -1.416255130709415777 ) ) ;
#4334 = FACE_OUTER_BOUND ( 'NONE', #1102, .T. ) ;
#4335 = ORIENTED_EDGE ( 'NONE', *, *, #1830, .F. ) ;
#4336 = CARTESIAN_POINT ( 'NONE',  ( 1.288703442923034403, 1.099000000000003752, -1.416255130709415777 ) ) ;
#4337 = FACE_OUTER_BOUND ( 'NONE', #4161, .T. ) ;
#4338 = COLOUR_RGB ( '',0.1882352941176470562, 0.2039215686274509776, 0.2039215686274509776 ) ;
#4339 = VERTEX_POINT ( 'NONE', #558 ) ;
#4340 = ORIENTED_EDGE ( 'NONE', *, *, #3637, .T. ) ;
#4341 =( LENGTH_UNIT ( ) NAMED_UNIT ( * ) SI_UNIT ( .MILLI., .METRE. ) );
#4342 = EDGE_CURVE ( 'NONE', #3393, #3156, #3361, .T. ) ;
#4343 = VECTOR ( 'NONE', #2920, 999.9999999999998863 ) ;
#4344 = PLANE ( 'NONE',  #2200 ) ;
#4345 = CARTESIAN_POINT ( 'NONE',  ( 0.4510992760573022675, 1.099000000000153632, -1.463159300486943426 ) ) ;
#4346 = CARTESIAN_POINT ( 'NONE',  ( 0.4167157753394540309, 1.099000000000006638, -0.4338357638563909435 ) ) ;
#4347 = CARTESIAN_POINT ( 'NONE',  ( 0.5125890894614824056, 1.099999999999997424, -0.4307704418292063187 ) ) ;
#4348 = EDGE_CURVE ( 'NONE', #887, #202, #3711, .T. ) ;
#4349 = DIRECTION ( 'NONE',  ( -1.000000000000000000, -0.0000000000000000000, 0.0000000000000000000 ) ) ;
#4350 = STYLED_ITEM ( 'NONE', ( #4237 ), #2505 ) ;
#4351 = CARTESIAN_POINT ( 'NONE',  ( 1.259999999999997566, 0.0000000000000000000, -2.009999999999999787 ) ) ;
#4352 = CARTESIAN_POINT ( 'NONE',  ( -1.727737733648935459, 1.100000000000000089, -0.3016781878856730770 ) ) ;
#4353 = ORIENTED_EDGE ( 'NONE', *, *, #2682, .F. ) ;
#4354 = AXIS2_PLACEMENT_3D ( 'NONE', #4042, #3381, #681 ) ;
#4355 = CARTESIAN_POINT ( 'NONE',  ( -2.010000000000000231, 1.050000000000000044, -1.259999999999998677 ) ) ;
#4356 = CARTESIAN_POINT ( 'NONE',  ( -0.4359386785308242418, 1.100000000000000089, 0.02057944990959716808 ) ) ;
#4357 = CARTESIAN_POINT ( 'NONE',  ( -0.4359386785308242418, 1.100000000000000089, 0.02057944990959716808 ) ) ;
#4358 =( LENGTH_UNIT ( ) NAMED_UNIT ( * ) SI_UNIT ( .MILLI., .METRE. ) );
#4359 = ORIENTED_EDGE ( 'NONE', *, *, #1771, .T. ) ;
#4360 = CARTESIAN_POINT ( 'NONE',  ( -1.207517891129247234, 1.099000000000000199, 0.5512005522718045336 ) ) ;
#4361 = LINE ( 'NONE', #2848, #937 ) ;
#4362 = EDGE_LOOP ( 'NONE', ( #845, #2217, #101 ) ) ;
#4363 = CARTESIAN_POINT ( 'NONE',  ( -0.6646435604205906955, 1.099000000000000199, -0.4946457469407961605 ) ) ;
#4364 = ORIENTED_EDGE ( 'NONE', *, *, #1087, .T. ) ;
#4365 = DIRECTION ( 'NONE',  ( -1.795779995835204083E-16, 4.336808689942020694E-16, -1.000000000000000000 ) ) ;
#4366 = EDGE_CURVE ( 'NONE', #2163, #1524, #2129, .T. ) ;
#4367 = FILL_AREA_STYLE_COLOUR ( '', #2762 ) ;
#4368 = ORIENTED_EDGE ( 'NONE', *, *, #1452, .F. ) ;
#4369 = CARTESIAN_POINT ( 'NONE',  ( 0.4064425383190774510, 1.099000000000007082, -0.4096566426641825576 ) ) ;
#4370 = CARTESIAN_POINT ( 'NONE',  ( 1.213088767946238544, 1.099000000000000199, 1.393817192986634979 ) ) ;
#4371 = VERTEX_POINT ( 'NONE', #2948 ) ;
#4372 = ORIENTED_EDGE ( 'NONE', *, *, #3086, .T. ) ;
#4373 = EDGE_LOOP ( 'NONE', ( #4218, #4107 ) ) ;
#4374 = VECTOR ( 'NONE', #1941, 1000.000000000000000 ) ;
#4375 = CARTESIAN_POINT ( 'NONE',  ( 1.288294794389030828, 1.099999999999993650, -1.391233548538874043 ) ) ;
#4376 = AXIS2_PLACEMENT_3D ( 'NONE', #207, #3869, #3885 ) ;
#4377 = ORIENTED_EDGE ( 'NONE', *, *, #3875, .T. ) ;
#4378 = SURFACE_STYLE_USAGE ( .BOTH. , #3032 ) ;
#4379 = DIRECTION ( 'NONE',  ( -3.620439659733559842E-16, 0.0000000000000000000, -1.000000000000000000 ) ) ;
#4380 = CARTESIAN_POINT ( 'NONE',  ( -1.757921040735550333, 1.099000000000000199, -0.1967603926100836564 ) ) ;
#4381 = UNCERTAINTY_MEASURE_WITH_UNIT (LENGTH_MEASURE( 1.000000000000000082E-05 ), #2254, 'distance_accuracy_value', 'NONE');
#4382 = ORIENTED_EDGE ( 'NONE', *, *, #2085, .T. ) ;
#4383 = CARTESIAN_POINT ( 'NONE',  ( 0.5298712579350476348, 1.100000000000000089, -0.4235824981144300505 ) ) ;
#4384 = FACE_OUTER_BOUND ( 'NONE', #1948, .T. ) ;
#4385 = LINE ( 'NONE', #278, #2134 ) ;
ENDSEC;
END-ISO-10303-21;
