#include "gfx/legato/generated/le_gen_assets.h"

/*********************************
 * Legato Image Asset
 * Name:   microchip_logo_white
 * Size:   128x30 pixels
 * Mode:   RGBA_8888
 ***********************************/

const uint8_t microchip_logo_white_data[5602] =
{
    0x01,0x04,0x0A,0x00,0x00,0x00,0x00,0x01,0x3A,0x4F,0x42,0xF2,0x01,0xA6,0x62,0x53,
    0xF1,0x01,0xE1,0x56,0x46,0xF0,0x01,0xF6,0x44,0x32,0xEF,0x01,0xFD,0x35,0x22,0xEE,
    0x01,0xFF,0x2D,0x19,0xED,0x01,0xFD,0x34,0x21,0xEE,0x01,0xF8,0x42,0x2F,0xEF,0x01,
    0xE2,0x56,0x46,0xF0,0x01,0xAD,0x6C,0x5D,0xF2,0x01,0x36,0x5A,0x4C,0xF1,0x72,0x00,
    0x00,0x00,0x00,0x01,0x01,0x00,0x00,0xFF,0x01,0x74,0x6E,0x61,0xF2,0x01,0xF0,0x4A,
    0x39,0xEF,0x0B,0xFF,0x2D,0x19,0xED,0x01,0xC1,0x2D,0x19,0xED,0x01,0x1D,0x2C,0x1A,
    0xED,0x01,0x00,0x00,0x00,0x00,0x01,0x25,0x22,0x1C,0x22,0x01,0x62,0x1F,0x1F,0x22,
    0x01,0x51,0x1F,0x1F,0x23,0x6B,0x00,0x00,0x00,0x00,0x01,0x4C,0x79,0x6B,0xF5,0x01,
    0xF0,0x4A,0x39,0xEF,0x0E,0xFF,0x2D,0x19,0xED,0x01,0xB1,0x2D,0x18,0xEE,0x01,0x00,
    0x00,0x00,0x00,0x01,0x3F,0x20,0x20,0x24,0x01,0x60,0x20,0x20,0x23,0x01,0x63,0x1F,
    0x1F,0x24,0x6A,0x00,0x00,0x00,0x00,0x01,0x8B,0x72,0x63,0xF2,0x01,0xFE,0x34,0x21,
    0xEE,0x10,0xFF,0x2D,0x19,0xED,0x01,0x51,0x2C,0x19,0xEC,0x01,0x08,0x20,0x20,0x20,
    0x01,0x37,0x20,0x20,0x25,0x01,0x23,0x1D,0x1D,0x24,0x69,0x00,0x00,0x00,0x00,0x01,
    0xBA,0x68,0x59,0xF3,0x12,0xFF,0x2D,0x19,0xED,0x01,0xE4,0x2D,0x19,0xED,0x01,0x0E,
    0x24,0x12,0xED,0x6A,0x00,0x00,0x00,0x00,0x01,0x9C,0x6E,0x60,0xF2,0x05,0xFF,0x2D,
    0x19,0xED,0x01,0xFF,0x2F,0x1B,0xED,0x01,0xFF,0x47,0x36,0xEF,0x09,0xFF,0x2D,0x19,
    0xED,0x01,0xFF,0x38,0x25,0xEE,0x01,0xFF,0x35,0x22,0xEE,0x02,0xFF,0x2D,0x19,0xED,
    0x01,0x92,0x2D,0x18,0xEE,0x0C,0x00,0x00,0x00,0x00,0x01,0x68,0xFF,0xFF,0xFF,0x01,
    0xA6,0xFF,0xFF,0xFF,0x01,0x45,0xFF,0xFF,0xFF,0x07,0x00,0x00,0x00,0x00,0x01,0x5B,
    0xFF,0xFF,0xFF,0x01,0xA7,0xFF,0xFF,0xFF,0x01,0x4B,0xFF,0xFF,0xFF,0x50,0x00,0x00,
    0x00,0x00,0x01,0x6A,0x7B,0x6F,0xF3,0x01,0xFF,0x2F,0x1C,0xED,0x04,0xFF,0x2D,0x19,
    0xED,0x01,0xFF,0x2F,0x1C,0xED,0x01,0xFF,0xC3,0xBD,0xFA,0x01,0xFF,0xFF,0xFF,0xFF,
    0x01,0xFF,0x9F,0x96,0xF7,0x07,0xFF,0x2D,0x19,0xED,0x01,0xFF,0x54,0x43,0xF0,0x01,
    0xFF,0xF0,0xEF,0xFE,0x01,0xFF,0xEB,0xE9,0xFD,0x01,0xFF,0x50,0x3F,0xF0,0x01,0xFF,
    0x2D,0x19,0xED,0x01,0xFC,0x2D,0x19,0xED,0x01,0x35,0x2B,0x18,0xEC,0x0A,0x00,0x00,
    0x00,0x00,0x01,0x2D,0xFF,0xFF,0xFF,0x01,0xFE,0xFF,0xFF,0xFF,0x01,0xFF,0xFF,0xFF,
    0xFF,0x01,0xF7,0xFF,0xFF,0xFF,0x01,0x1B,0xFF,0xFF,0xFF,0x05,0x00,0x00,0x00,0x00,
    0x01,0x3A,0xFF,0xFF,0xFF,0x01,0xFE,0xFF,0xFF,0xFF,0x01,0xFF,0xFF,0xFF,0xFF,0x01,
    0xF2,0xFF,0xFF,0xFF,0x01,0x09,0xFF,0xFF,0xFF,0x4E,0x00,0x00,0x00,0x00,0x01,0x06,
    0x80,0x55,0xFF,0x01,0xF6,0x4B,0x3A,0xEF,0x05,0xFF,0x2D,0x19,0xED,0x01,0xFF,0x93,
    0x89,0xF6,0x03,0xFF,0xFF,0xFF,0xFF,0x01,0xFF,0x65,0x56,0xF2,0x05,0xFF,0x2D,0x19,
    0xED,0x01,0xFF,0x34,0x20,0xEE,0x01,0xFF,0xDC,0xD8,0xFC,0x02,0xFF,0xFF,0xFF,0xFF,
    0x01,0xFF,0xD4,0xD0,0xFB,0x01,0xFF,0x2F,0x1C,0xED,0x01,0xFF,0x2D,0x19,0xED,0x01,
    0xD1,0x2D,0x18,0xED,0x01,0x05,0x33,0x00,0xFF,0x09,0x00,0x00,0x00,0x00,0x01,0x5C,
    0xFF,0xFF,0xFF,0x03,0xFF,0xFF,0xFF,0xFF,0x01,0x7D,0xFF,0xFF,0xFF,0x05,0x00,0x00,
    0x00,0x00,0x01,0xA5,0xFF,0xFF,0xFF,0x03,0xFF,0xFF,0xFF,0xFF,0x01,0x30,0xFF,0xFF,
    0xFF,0x4E,0x00,0x00,0x00,0x00,0x01,0xA6,0x72,0x64,0xF3,0x05,0xFF,0x2D,0x19,0xED,
    0x01,0xFF,0x57,0x47,0xF1,0x01,0xFF,0xFB,0xFA,0xFF,0x03,0xFF,0xFF,0xFF,0xFF,0x01,
    0xFF,0xE1,0xDE,0xFC,0x01,0xFF,0x34,0x20,0xEE,0x04,0xFF,0x2D,0x19,0xED,0x01,0xFF,
    0xA7,0x9E,0xF7,0x04,0xFF,0xFF,0xFF,0xFF,0x01,0xFF,0x88,0x7C,0xF5,0x02,0xFF,0x2D,
    0x19,0xED,0x01,0x72,0x2D,0x19,0xED,0x09,0x00,0x00,0x00,0x00,0x01,0x78,0xFF,0xFF,
    0xFF,0x03,0xFF,0xFF,0xFF,0xFF,0x01,0xE1,0xFF,0xFF,0xFF,0x01,0x03,0xFF,0xFF,0xFF,
    0x03,0x00,0x00,0x00,0x00,0x01,0x10,0xFF,0xFF,0xFF,0x01,0xF6,0xFF,0xFF,0xFF,0x03,
    0xFF,0xFF,0xFF,0xFF,0x01,0x4B,0xFF,0xFF,0xFF,0x02,0x00,0x00,0x00,0x00,0x02,0x0C,
    0xFF,0xFF,0xFF,0x01,0x06,0xFF,0xFF,0xFF,0x03,0x00,0x00,0x00,0x00,0x01,0x11,0xFF,
    0xFF,0xFF,0x01,0x2D,0xFF,0xFF,0xFF,0x03,0x33,0xFF,0xFF,0xFF,0x01,0x22,0xFF,0xFF,
    0xFF,0x01,0x19,0xFF,0xFF,0xFF,0x02,0x00,0x00,0x00,0x00,0x01,0x0B,0xFF,0xFF,0xFF,
    0x06,0x11,0xFF,0xFF,0xFF,0x01,0x0F,0xFF,0xFF,0xFF,0x05,0x00,0x00,0x00,0x00,0x01,
    0x04,0xFF,0xFF,0xFF,0x01,0x1F,0xFF,0xFF,0xFF,0x03,0x33,0xFF,0xFF,0xFF,0x01,0x2E,
    0xFF,0xFF,0xFF,0x01,0x12,0xFF,0xFF,0xFF,0x05,0x00,0x00,0x00,0x00,0x01,0x06,0xFF,
    0xFF,0xFF,0x01,0x1F,0xFF,0xFF,0xFF,0x04,0x22,0xFF,0xFF,0xFF,0x01,0x1E,0xFF,0xFF,
    0xFF,0x01,0x02,0xFF,0xFF,0xFF,0x01,0x00,0x00,0x00,0x00,0x01,0x04,0xFF,0xFF,0xFF,
    0x01,0x0C,0xFF,0xFF,0xFF,0x01,0x0B,0xFF,0xFF,0xFF,0x04,0x00,0x00,0x00,0x00,0x01,
    0x01,0xFF,0xFF,0xFF,0x02,0x0C,0xFF,0xFF,0xFF,0x01,0x03,0xFF,0xFF,0xFF,0x01,0x01,
    0xFF,0xFF,0xFF,0x02,0x0C,0xFF,0xFF,0xFF,0x01,0x05,0xFF,0xFF,0xFF,0x01,0x00,0x00,
    0x00,0x00,0x07,0x11,0xFF,0xFF,0xFF,0x01,0x07,0xFF,0xFF,0xFF,0x02,0x00,0x00,0x00,
    0x00,0x01,0x06,0x80,0x55,0xFF,0x01,0xFC,0x41,0x2F,0xEF,0x04,0xFF,0x2D,0x19,0xED,
    0x01,0xFF,0x34,0x20,0xEE,0x01,0xFF,0xDB,0xD7,0xFC,0x05,0xFF,0xFF,0xFF,0xFF,0x01,
    0xFF,0x98,0x8E,0xF6,0x03,0xFF,0x2D,0x19,0xED,0x01,0xFF,0x66,0x57,0xF2,0x01,0xFF,
    0xFE,0xFE,0xFF,0x04,0xFF,0xFF,0xFF,0xFF,0x01,0xFF,0xF4,0xF3,0xFE,0x01,0xFF,0x44,
    0x32,0xEF,0x01,0xFF,0x2D,0x19,0xED,0x01,0xF6,0x2E,0x1A,0xED,0x01,0x21,0x2E,0x17,
    0xF0,0x08,0x00,0x00,0x00,0x00,0x01,0x93,0xFF,0xFF,0xFF,0x04,0xFF,0xFF,0xFF,0xFF,
    0x01,0x46,0xFF,0xFF,0xFF,0x03,0x00,0x00,0x00,0x00,0x01,0x6F,0xFF,0xFF,0xFF,0x04,
    0xFF,0xFF,0xFF,0xFF,0x01,0x66,0xFF,0xFF,0xFF,0x02,0x00,0x00,0x00,0x00,0x02,0xFF,
    0xFF,0xFF,0xFF,0x01,0x94,0xFF,0xFF,0xFF,0x01,0x00,0x00,0x00,0x00,0x01,0x18,0xFF,
    0xFF,0xFF,0x01,0xC7,0xFF,0xFF,0xFF,0x07,0xFF,0xFF,0xFF,0xFF,0x01,0x80,0xFF,0xFF,
    0xFF,0x01,0x00,0x00,0x00,0x00,0x01,0xA1,0xFF,0xFF,0xFF,0x07,0xFF,0xFF,0xFF,0xFF,
    0x01,0xE7,0xFF,0xFF,0xFF,0x01,0x4D,0xFF,0xFF,0xFF,0x02,0x00,0x00,0x00,0x00,0x01,
    0x62,0xFF,0xFF,0xFF,0x01,0xF2,0xFF,0xFF,0xFF,0x06,0xFF,0xFF,0xFF,0xFF,0x01,0xCA,
    0xFF,0xFF,0xFF,0x01,0x1A,0xFF,0xFF,0xFF,0x01,0x00,0x00,0x00,0x00,0x01,0x01,0xFF,
    0xFF,0xFF,0x01,0x93,0xFF,0xFF,0xFF,0x01,0xFB,0xFF,0xFF,0xFF,0x06,0xFF,0xFF,0xFF,
    0xFF,0x01,0xC6,0xFF,0xFF,0xFF,0x01,0x00,0x00,0x00,0x00,0x01,0x5E,0xFF,0xFF,0xFF,
    0x01,0xFF,0xFF,0xFF,0xFF,0x01,0xF9,0xFF,0xFF,0xFF,0x04,0x00,0x00,0x00,0x00,0x01,
    0x18,0xFF,0xFF,0xFF,0x02,0xFF,0xFF,0xFF,0xFF,0x01,0x40,0xFF,0xFF,0xFF,0x01,0x18,
    0xFF,0xFF,0xFF,0x02,0xFF,0xFF,0xFF,0xFF,0x01,0x7B,0xFF,0xFF,0xFF,0x01,0x00,0x00,
    0x00,0x00,0x01,0xFE,0xFF,0xFF,0xFF,0x07,0xFF,0xFF,0xFF,0xFF,0x01,0xC2,0xFF,0xFF,
    0xFF,0x01,0x1A,0xFF,0xFF,0xFF,0x01,0x77,0x7E,0x72,0xF4,0x05,0xFF,0x2D,0x19,0xED,
    0x01,0xFF,0x8D,0x82,0xF5,0x06,0xFF,0xFF,0xFF,0xFF,0x01,0xFF,0xFA,0xFA,0xFF,0x01,
    0xFF,0x4F,0x3E,0xF0,0x01,0xFF,0x2D,0x19,0xED,0x01,0xFF,0x2F,0x1B,0xED,0x01,0xFF,
    0xE5,0xE2,0xFD,0x06,0xFF,0xFF,0xFF,0xFF,0x01,0xFF,0xBB,0xB5,0xF9,0x02,0xFF,0x2D,
    0x19,0xED,0x01,0xB2,0x2C,0x18,0xEC,0x08,0x00,0x00,0x00,0x00,0x01,0xAD,0xFF,0xFF,
    0xFF,0x01,0xFF,0xFF,0xFF,0xFF,0x01,0xFD,0xFF,0xFF,0xFF,0x02,0xFF,0xFF,0xFF,0xFF,
    0x01,0xAA,0xFF,0xFF,0xFF,0x03,0x00,0x00,0x00,0x00,0x01,0xD2,0xFF,0xFF,0xFF,0x01,
    0xFF,0xFF,0xFF,0xFF,0x02,0xFD,0xFF,0xFF,0xFF,0x01,0xFF,0xFF,0xFF,0xFF,0x01,0x81,
    0xFF,0xFF,0xFF,0x02,0x00,0x00,0x00,0x00,0x02,0xFF,0xFF,0xFF,0xFF,0x01,0x94,0xFF,
    0xFF,0xFF,0x01,0x00,0x00,0x00,0x00,0x01,0x9E,0xFF,0xFF,0xFF,0x08,0xFF,0xFF,0xFF,
    0xFF,0x01,0xC7,0xFF,0xFF,0xFF,0x01,0x00,0x00,0x00,0x00,0x01,0xA1,0xFF,0xFF,0xFF,
    0x08,0xFF,0xFF,0xFF,0xFF,0x01,0xDF,0xFF,0xFF,0xFF,0x01,0x01,0xFF,0xFF,0xFF,0x01,
    0x18,0xFF,0xFF,0xFF,0x01,0xFA,0xFF,0xFF,0xFF,0x08,0xFF,0xFF,0xFF,0xFF,0x01,0xA2,
    0xFF,0xFF,0xFF,0x01,0x00,0x00,0x00,0x00,0x01,0x51,0xFF,0xFF,0xFF,0x09,0xFF,0xFF,
    0xFF,0xFF,0x01,0x0F,0xFF,0xFF,0xFF,0x01,0x5E,0xFF,0xFF,0xFF,0x01,0xFF,0xFF,0xFF,
    0xFF,0x01,0xF9,0xFF,0xFF,0xFF,0x04,0x00,0x00,0x00,0x00,0x01,0x18,0xFF,0xFF,0xFF,
    0x02,0xFF,0xFF,0xFF,0xFF,0x01,0x40,0xFF,0xFF,0xFF,0x01,0x18,0xFF,0xFF,0xFF,0x02,
    0xFF,0xFF,0xFF,0xFF,0x01,0x7B,0xFF,0xFF,0xFF,0x01,0x00,0x00,0x00,0x00,0x01,0xFE,
    0xFF,0xFF,0xFF,0x08,0xFF,0xFF,0xFF,0xFF,0x01,0x99,0xFF,0xFF,0xFF,0x01,0xCD,0x6B,
    0x5C,0xF3,0x05,0xFF,0x2D,0x19,0xED,0x01,0xFF,0x43,0x31,0xEF,0x01,0xFF,0xF3,0xF2,
    0xFE,0x06,0xFF,0xFF,0xFF,0xFF,0x01,0xFF,0xCC,0xC7,0xFB,0x01,0xFF,0x2E,0x1A,0xED,
    0x01,0xFF,0x2D,0x19,0xED,0x01,0xFF,0x99,0x8F,0xF6,0x07,0xFF,0xFF,0xFF,0xFF,0x01,
    0xFF,0x6C,0x5E,0xF2,0x02,0xFF,0x2D,0x19,0xED,0x01,0x52,0x2C,0x19,0xEC,0x07,0x00,
    0x00,0x00,0x00,0x01,0xC9,0xFF,0xFF,0xFF,0x01,0xFF,0xFF,0xFF,0xFF,0x01,0xCF,0xFF,
    0xFF,0xFF,0x01,0xDC,0xFF,0xFF,0xFF,0x01,0xFF,0xFF,0xFF,0xFF,0x01,0xF9,0xFF,0xFF,
    0xFF,0x01,0x16,0xFF,0xFF,0xFF,0x01,0x00,0x00,0x00,0x00,0x01,0x38,0xFF,0xFF,0xFF,
    0x02,0xFF,0xFF,0xFF,0xFF,0x01,0xBB,0xFF,0xFF,0xFF,0x01,0xE7,0xFF,0xFF,0xFF,0x01,
    0xFF,0xFF,0xFF,0xFF,0x01,0x9C,0xFF,0xFF,0xFF,0x02,0x00,0x00,0x00,0x00,0x02,0xFF,
    0xFF,0xFF,0xFF,0x01,0x94,0xFF,0xFF,0xFF,0x01,0x00,0x00,0x00,0x00,0x01,0xD7,0xFF,
    0xFF,0xFF,0x02,0xFF,0xFF,0xFF,0xFF,0x01,0xE0,0xFF,0xFF,0xFF,0x05,0xCC,0xFF,0xFF,
    0xFF,0x01,0xAA,0xFF,0xFF,0xFF,0x01,0x00,0x00,0x00,0x00,0x01,0xA1,0xFF,0xFF,0xFF,
    0x01,0xFF,0xFF,0xFF,0xFF,0x01,0xF0,0xFF,0xFF,0xFF,0x04,0xCC,0xFF,0xFF,0xFF,0x01,
    0xEA,0xFF,0xFF,0xFF,0x02,0xFF,0xFF,0xFF,0xFF,0x01,0x12,0xFF,0xFF,0xFF,0x01,0x4B,
    0xFF,0xFF,0xFF,0x02,0xFF,0xFF,0xFF,0xFF,0x01,0xF2,0xFF,0xFF,0xFF,0x01,0xC0,0xFF,
    0xFF,0xFF,0x02,0xBB,0xFF,0xFF,0xFF,0x01,0xD1,0xFF,0xFF,0xFF,0x02,0xFF,0xFF,0xFF,
    0xFF,0x01,0xDC,0xFF,0xFF,0xFF,0x01,0x00,0x00,0x00,0x00,0x01,0x8A,0xFF,0xFF,0xFF,
    0x02,0xFF,0xFF,0xFF,0xFF,0x01,0xF1,0xFF,0xFF,0xFF,0x01,0xCE,0xFF,0xFF,0xFF,0x01,
    0xDB,0xFF,0xFF,0xFF,0x04,0xDD,0xFF,0xFF,0xFF,0x01,0x1A,0xFF,0xFF,0xFF,0x01,0x5E,
    0xFF,0xFF,0xFF,0x01,0xFF,0xFF,0xFF,0xFF,0x01,0xF9,0xFF,0xFF,0xFF,0x04,0x00,0x00,
    0x00,0x00,0x01,0x18,0xFF,0xFF,0xFF,0x02,0xFF,0xFF,0xFF,0xFF,0x01,0x40,0xFF,0xFF,
    0xFF,0x01,0x18,0xFF,0xFF,0xFF,0x02,0xFF,0xFF,0xFF,0xFF,0x01,0x7B,0xFF,0xFF,0xFF,
    0x01,0x00,0x00,0x00,0x00,0x01,0xFE,0xFF,0xFF,0xFF,0x01,0xFF,0xFF,0xFF,0xFF,0x01,
    0xDE,0xFF,0xFF,0xFF,0x03,0xCC,0xFF,0xFF,0xFF,0x01,0xCD,0xFF,0xFF,0xFF,0x01,0xF9,
    0xFF,0xFF,0xFF,0x01,0xFF,0xFF,0xFF,0xFF,0x01,0xE1,0xFF,0xFF,0xFF,0x01,0xF1,0x54,
    0x43,0xF0,0x03,0xFF,0x2D,0x19,0xED,0x01,0xFF,0x3E,0x2C,0xEE,0x01,0xFF,0x38,0x25,
    0xEE,0x01,0xFF,0x2D,0x19,0xED,0x01,0xFF,0x87,0x7B,0xF5,0x07,0xFF,0xFF,0xFF,0xFF,
    0x01,0xFF,0x7E,0x71,0xF4,0x01,0xFF,0x2D,0x19,0xED,0x01,0xFF,0x34,0x20,0xEE,0x01,
    0xFF,0xE1,0xDF,0xFC,0x06,0xFF,0xFF,0xFF,0xFF,0x01,0xFF,0xE6,0xE4,0xFD,0x01,0xFF,
    0x37,0x24,0xEE,0x01,0xFF,0x2D,0x19,0xED,0x01,0xE6,0x2F,0x1B,0xED,0x01,0x0E,0x24,
    0x12,0xED,0x06,0x00,0x00,0x00,0x00,0x01,0xE3,0xFF,0xFF,0xFF,0x01,0xFF,0xFF,0xFF,
    0xFF,0x01,0xB8,0xFF,0xFF,0xFF,0x01,0x7E,0xFF,0xFF,0xFF,0x02,0xFF,0xFF,0xFF,0xFF,
    0x01,0x73,0xFF,0xFF,0xFF,0x01,0x00,0x00,0x00,0x00,0x01,0x9B,0xFF,0xFF,0xFF,0x02,
    0xFF,0xFF,0xFF,0xFF,0x01,0x5A,0xFF,0xFF,0xFF,0x01,0xD3,0xFF,0xFF,0xFF,0x01,0xFF,
    0xFF,0xFF,0xFF,0x01,0xB7,0xFF,0xFF,0xFF,0x02,0x00,0x00,0x00,0x00,0x02,0xFF,0xFF,
    0xFF,0xFF,0x01,0x94,0xFF,0xFF,0xFF,0x01,0x00,0x00,0x00,0x00,0x01,0xF3,0xFF,0xFF,
    0xFF,0x01,0xFF,0xFF,0xFF,0xFF,0x01,0xAB,0xFF,0xFF,0xFF,0x08,0x00,0x00,0x00,0x00,
    0x01,0xA1,0xFF,0xFF,0xFF,0x01,0xFF,0xFF,0xFF,0xFF,0x01,0xB4,0xFF,0xFF,0xFF,0x04,
    0x00,0x00,0x00,0x00,0x01,0x38,0xFF,0xFF,0xFF,0x02,0xFF,0xFF,0xFF,0xFF,0x01,0x21,
    0xFF,0xFF,0xFF,0x01,0x67,0xFF,0xFF,0xFF,0x02,0xFF,0xFF,0xFF,0xFF,0x01,0x37,0xFF,
    0xFF,0xFF,0x04,0x00,0x00,0x00,0x00,0x01,0xA6,0xFF,0xFF,0xFF,0x01,0xFF,0xFF,0xFF,
    0xFF,0x01,0xF8,0xFF,0xFF,0xFF,0x01,0x01,0xFF,0xFF,0xFF,0x01,0xA6,0xFF,0xFF,0xFF,
    0x01,0xFF,0xFF,0xFF,0xFF,0x01,0xE9,0xFF,0xFF,0xFF,0x01,0x0F,0xFF,0xFF,0xFF,0x07,
    0x00,0x00,0x00,0x00,0x01,0x5E,0xFF,0xFF,0xFF,0x01,0xFF,0xFF,0xFF,0xFF,0x01,0xF9,
    0xFF,0xFF,0xFF,0x04,0x00,0x00,0x00,0x00,0x01,0x18,0xFF,0xFF,0xFF,0x02,0xFF,0xFF,
    0xFF,0xFF,0x01,0x40,0xFF,0xFF,0xFF,0x01,0x18,0xFF,0xFF,0xFF,0x02,0xFF,0xFF,0xFF,
    0xFF,0x01,0x7B,0xFF,0xFF,0xFF,0x01,0x00,0x00,0x00,0x00,0x01,0xFE,0xFF,0xFF,0xFF,
    0x01,0xFF,0xFF,0xFF,0xFF,0x01,0x58,0xFF,0xFF,0xFF,0x04,0x00,0x00,0x00,0x00,0x01,
    0x86,0xFF,0xFF,0xFF,0x01,0xFF,0xFF,0xFF,0xFF,0x01,0xF8,0xFF,0xFF,0xFF,0x01,0xFD,
    0x3D,0x2B,0xEF,0x03,0xFF,0x2D,0x19,0xED,0x01,0xFF,0xBF,0xB9,0xF9,0x01,0xFF,0xA4,
    0x9C,0xF7,0x01,0xFF,0x2D,0x19,0xED,0x01,0xFF,0x2F,0x1C,0xED,0x01,0xFF,0xD3,0xCE,
    0xFB,0x06,0xFF,0xFF,0xFF,0xFF,0x01,0xFF,0xEF,0xEE,0xFE,0x01,0xFF,0x3E,0x2C,0xEE,
    0x01,0xFF,0x2D,0x19,0xED,0x01,0xFF,0x65,0x56,0xF2,0x07,0xFF,0xFF,0xFF,0xFF,0x01,
    0xFF,0xA1,0x98,0xF7,0x02,0xFF,0x2D,0x19,0xED,0x01,0x92,0x2D,0x18,0xEE,0x05,0x00,
    0x00,0x00,0x00,0x01,0x02,0xFF,0xFF,0xFF,0x01,0xFB,0xFF,0xFF,0xFF,0x01,0xFF,0xFF,
    0xFF,0xFF,0x01,0xA2,0xFF,0xFF,0xFF,0x01,0x1F,0xFF,0xFF,0xFF,0x01,0xFD,0xFF,0xFF,
    0xFF,0x01,0xFF,0xFF,0xFF,0xFF,0x01,0xD8,0xFF,0xFF,0xFF,0x01,0x0D,0xFF,0xFF,0xFF,
    0x01,0xF2,0xFF,0xFF,0xFF,0x01,0xFF,0xFF,0xFF,0xFF,0x01,0xF0,0xFF,0xFF,0xFF,0x01,
    0x0A,0xFF,0xFF,0xFF,0x01,0xBE,0xFF,0xFF,0xFF,0x01,0xFF,0xFF,0xFF,0xFF,0x01,0xD2,
    0xFF,0xFF,0xFF,0x02,0x00,0x00,0x00,0x00,0x02,0xFF,0xFF,0xFF,0xFF,0x01,0x94,0xFF,
    0xFF,0xFF,0x01,0x00,0x00,0x00,0x00,0x02,0xFF,0xFF,0xFF,0xFF,0x01,0x6E,0xFF,0xFF,
    0xFF,0x08,0x00,0x00,0x00,0x00,0x01,0xA1,0xFF,0xFF,0xFF,0x01,0xFF,0xFF,0xFF,0xFF,
    0x01,0xB4,0xFF,0xFF,0xFF,0x04,0x00,0x00,0x00,0x00,0x01,0x30,0xFF,0xFF,0xFF,0x02,
    0xFF,0xFF,0xFF,0xFF,0x01,0x1C,0xFF,0xFF,0xFF,0x01,0x74,0xFF,0xFF,0xFF,0x01,0xFF,
    0xFF,0xFF,0xFF,0x01,0xF9,0xFF,0xFF,0xFF,0x05,0x00,0x00,0x00,0x00,0x01,0x69,0xFF,
    0xFF,0xFF,0x02,0xFF,0xFF,0xFF,0xFF,0x01,0x07,0xFF,0xFF,0xFF,0x01,0xB3,0xFF,0xFF,
    0xFF,0x01,0xFF,0xFF,0xFF,0xFF,0x01,0xB9,0xFF,0xFF,0xFF,0x08,0x00,0x00,0x00,0x00,
    0x01,0x5E,0xFF,0xFF,0xFF,0x09,0xFF,0xFF,0xFF,0xFF,0x01,0x40,0xFF,0xFF,0xFF,0x01,
    0x18,0xFF,0xFF,0xFF,0x02,0xFF,0xFF,0xFF,0xFF,0x01,0x7B,0xFF,0xFF,0xFF,0x01,0x00,
    0x00,0x00,0x00,0x01,0xFE,0xFF,0xFF,0xFF,0x01,0xFF,0xFF,0xFF,0xFF,0x01,0x58,0xFF,
    0xFF,0xFF,0x04,0x00,0x00,0x00,0x00,0x01,0x6F,0xFF,0xFF,0xFF,0x02,0xFF,0xFF,0xFF,
    0xFF,0x01,0xFF,0x32,0x1E,0xED,0x02,0xFF,0x2D,0x19,0xED,0x01,0xFF,0x81,0x75,0xF4,
    0x01,0xFF,0xFF,0xFF,0xFF,0x01,0xFF,0xFD,0xFC,0xFF,0x01,0xFF,0x59,0x4A,0xF1,0x01,
    0xFF,0x2D,0x19,0xED,0x01,0xFF,0x55,0x44,0xF0,0x01,0xFF,0xFC,0xFB,0xFF,0x06,0xFF,
    0xFF,0xFF,0xFF,0x01,0xFF,0xB2,0xAA,0xF8,0x02,0xFF,0x2D,0x19,0xED,0x01,0xFF,0xB4,
    0xAD,0xF9,0x06,0xFF,0xFF,0xFF,0xFF,0x01,0xFF,0xFC,0xFB,0xFF,0x01,0xFF,0x55,0x45,
    0xF0,0x01,0xFF,0x2D,0x19,0xED,0x01,0xFD,0x2D,0x1A,0xED,0x01,0x35,0x2B,0x18,0xEC,
    0x04,0x00,0x00,0x00,0x00,0x01,0x19,0xFF,0xFF,0xFF,0x02,0xFF,0xFF,0xFF,0xFF,0x01,
    0x8E,0xFF,0xFF,0xFF,0x01,0x00,0x00,0x00,0x00,0x01,0xBC,0xFF,0xFF,0xFF,0x02,0xFF,
    0xFF,0xFF,0xFF,0x01,0xA0,0xFF,0xFF,0xFF,0x02,0xFF,0xFF,0xFF,0xFF,0x01,0x98,0xFF,
    0xFF,0xFF,0x01,0x00,0x00,0x00,0x00,0x01,0xAB,0xFF,0xFF,0xFF,0x01,0xFF,0xFF,0xFF,
    0xFF,0x01,0xEC,0xFF,0xFF,0xFF,0x02,0x00,0x00,0x00,0x00,0x02,0xFF,0xFF,0xFF,0xFF,
    0x01,0x94,0xFF,0xFF,0xFF,0x01,0x00,0x00,0x00,0x00,0x02,0xFF,0xFF,0xFF,0xFF,0x01,
    0x68,0xFF,0xFF,0xFF,0x08,0x00,0x00,0x00,0x00,0x01,0xA1,0xFF,0xFF,0xFF,0x01,0xFF,
    0xFF,0xFF,0xFF,0x01,0xD7,0xFF,0xFF,0xFF,0x04,0x77,0xFF,0xFF,0xFF,0x01,0xB3,0xFF,
    0xFF,0xFF,0x01,0xFF,0xFF,0xFF,0xFF,0x01,0xF2,0xFF,0xFF,0xFF,0x01,0x05,0xFF,0xFF,
    0xFF,0x01,0x74,0xFF,0xFF,0xFF,0x01,0xFF,0xFF,0xFF,0xFF,0x01,0xF2,0xFF,0xFF,0xFF,
    0x05,0x00,0x00,0x00,0x00,0x01,0x61,0xFF,0xFF,0xFF,0x02,0xFF,0xFF,0xFF,0xFF,0x01,
    0x07,0xFF,0xFF,0xFF,0x01,0xB3,0xFF,0xFF,0xFF,0x01,0xFF,0xFF,0xFF,0xFF,0x01,0xB2,
    0xFF,0xFF,0xFF,0x08,0x00,0x00,0x00,0x00,0x01,0x5E,0xFF,0xFF,0xFF,0x09,0xFF,0xFF,
    0xFF,0xFF,0x01,0x40,0xFF,0xFF,0xFF,0x01,0x18,0xFF,0xFF,0xFF,0x02,0xFF,0xFF,0xFF,
    0xFF,0x01,0x7B,0xFF,0xFF,0xFF,0x01,0x00,0x00,0x00,0x00,0x01,0xFE,0xFF,0xFF,0xFF,
    0x01,0xFF,0xFF,0xFF,0xFF,0x01,0x9B,0xFF,0xFF,0xFF,0x04,0x66,0xFF,0xFF,0xFF,0x01,
    0xCA,0xFF,0xFF,0xFF,0x01,0xFF,0xFF,0xFF,0xFF,0x01,0xF1,0xFF,0xFF,0xFF,0x01,0xFF,
    0x36,0x23,0xEE,0x01,0xFF,0x2D,0x19,0xED,0x01,0xFF,0x4A,0x39,0xEF,0x01,0xFF,0xF4,
    0xF3,0xFE,0x02,0xFF,0xFF,0xFF,0xFF,0x01,0xFF,0xD9,0xD6,0xFC,0x01,0xFF,0x31,0x1E,
    0xED,0x01,0xFF,0x2D,0x19,0xED,0x01,0xFF,0xA0,0x97,0xF7,0x07,0xFF,0xFF,0xFF,0xFF,
    0x01,0xFF,0x64,0x55,0xF2,0x01,0xFF,0x2D,0x19,0xED,0x01,0xFF,0x3D,0x2B,0xEE,0x01,
    0xFF,0xEF,0xED,0xFE,0x06,0xFF,0xFF,0xFF,0xFF,0x01,0xFF,0xD3,0xCF,0xFB,0x01,0xFF,
    0x2F,0x1C,0xED,0x01,0xFF,0x2D,0x19,0xED,0x01,0xD6,0x32,0x1E,0xED,0x01,0x05,0x33,
    0x00,0xFF,0x03,0x00,0x00,0x00,0x00,0x01,0x34,0xFF,0xFF,0xFF,0x02,0xFF,0xFF,0xFF,
    0xFF,0x01,0x77,0xFF,0xFF,0xFF,0x01,0x00,0x00,0x00,0x00,0x01,0x5C,0xFF,0xFF,0xFF,
    0x05,0xFF,0xFF,0xFF,0xFF,0x01,0x36,0xFF,0xFF,0xFF,0x01,0x00,0x00,0x00,0x00,0x01,
    0x96,0xFF,0xFF,0xFF,0x02,0xFF,0xFF,0xFF,0xFF,0x01,0x09,0xFF,0xFF,0xFF,0x01,0x00,
    0x00,0x00,0x00,0x02,0xFF,0xFF,0xFF,0xFF,0x01,0x94,0xFF,0xFF,0xFF,0x01,0x00,0x00,
    0x00,0x00,0x02,0xFF,0xFF,0xFF,0xFF,0x01,0x6B,0xFF,0xFF,0xFF,0x08,0x00,0x00,0x00,
    0x00,0x01,0xA1,0xFF,0xFF,0xFF,0x07,0xFF,0xFF,0xFF,0xFF,0x01,0xFA,0xFF,0xFF,0xFF,
    0x01,0x5C,0xFF,0xFF,0xFF,0x01,0x00,0x00,0x00,0x00,0x01,0x74,0xFF,0xFF,0xFF,0x01,
    0xFF,0xFF,0xFF,0xFF,0x01,0xF6,0xFF,0xFF,0xFF,0x05,0x00,0x00,0x00,0x00,0x01,0x65,
    0xFF,0xFF,0xFF,0x02,0xFF,0xFF,0xFF,0xFF,0x01,0x07,0xFF,0xFF,0xFF,0x01,0xB3,0xFF,
    0xFF,0xFF,0x01,0xFF,0xFF,0xFF,0xFF,0x01,0xB6,0xFF,0xFF,0xFF,0x08,0x00,0x00,0x00,
    0x00,0x01,0x5E,0xFF,0xFF,0xFF,0x09,0xFF,0xFF,0xFF,0xFF,0x01,0x40,0xFF,0xFF,0xFF,
    0x01,0x18,0xFF,0xFF,0xFF,0x02,0xFF,0xFF,0xFF,0xFF,0x01,0x7B,0xFF,0xFF,0xFF,0x01,
    0x00,0x00,0x00,0x00,0x01,0xFE,0xFF,0xFF,0xFF,0x08,0xFF,0xFF,0xFF,0xFF,0x01,0xC5,
    0xFF,0xFF,0xFF,0x01,0xFC,0x40,0x2E,0xEF,0x01,0xFF,0x30,0x1D,0xED,0x01,0xFF,0xD2,
    0xCD,0xFB,0x04,0xFF,0xFF,0xFF,0xFF,0x01,0xFF,0x8D,0x83,0xF5,0x01,0xFF,0x2D,0x19,
    0xED,0x01,0xFF,0x36,0x23,0xEE,0x01,0xFF,0xE5,0xE2,0xFD,0x06,0xFF,0xFF,0xFF,0xFF,
    0x01,0xFF,0xE0,0xDD,0xFC,0x01,0xFF,0x33,0x1F,0xED,0x01,0xFF,0x2D,0x19,0xED,0x01,
    0xFF,0x7F,0x73,0xF4,0x07,0xFF,0xFF,0xFF,0xFF,0x01,0xFF,0x86,0x7A,0xF5,0x02,0xFF,
    0x2D,0x19,0xED,0x01,0x32,0x2E,0x1A,0xEB,0x03,0x00,0x00,0x00,0x00,0x01,0x4F,0xFF,
    0xFF,0xFF,0x02,0xFF,0xFF,0xFF,0xFF,0x01,0x61,0xFF,0xFF,0xFF,0x01,0x00,0x00,0x00,
    0x00,0x01,0x09,0xFF,0xFF,0xFF,0x01,0xEF,0xFF,0xFF,0xFF,0x03,0xFF,0xFF,0xFF,0xFF,
    0x01,0xD4,0xFF,0xFF,0xFF,0x02,0x00,0x00,0x00,0x00,0x01,0x82,0xFF,0xFF,0xFF,0x02,
    0xFF,0xFF,0xFF,0xFF,0x01,0x23,0xFF,0xFF,0xFF,0x01,0x00,0x00,0x00,0x00,0x02,0xFF,
    0xFF,0xFF,0xFF,0x01,0x94,0xFF,0xFF,0xFF,0x01,0x00,0x00,0x00,0x00,0x01,0xF9,0xFF,
    0xFF,0xFF,0x01,0xFF,0xFF,0xFF,0xFF,0x01,0x86,0xFF,0xFF,0xFF,0x08,0x00,0x00,0x00,
    0x00,0x01,0xA1,0xFF,0xFF,0xFF,0x08,0xFF,0xFF,0xFF,0xFF,0x01,0xA5,0xFF,0xFF,0xFF,
    0x01,0x00,0x00,0x00,0x00,0x01,0x6D,0xFF,0xFF,0xFF,0x01,0xFF,0xFF,0xFF,0xFF,0x01,
    0xFE,0xFF,0xFF,0xFF,0x01,0x13,0xFF,0xFF,0xFF,0x04,0x00,0x00,0x00,0x00,0x01,0x81,
    0xFF,0xFF,0xFF,0x01,0xFF,0xFF,0xFF,0xFF,0x01,0xFC,0xFF,0xFF,0xFF,0x01,0x03,0xFF,
    0xFF,0xFF,0x01,0xAD,0xFF,0xFF,0xFF,0x01,0xFF,0xFF,0xFF,0xFF,0x01,0xD0,0xFF,0xFF,
    0xFF,0x08,0x00,0x00,0x00,0x00,0x01,0x5E,0xFF,0xFF,0xFF,0x01,0xFF,0xFF,0xFF,0xFF,
    0x01,0xF9,0xFF,0xFF,0xFF,0x04,0x03,0xFF,0xFF,0xFF,0x01,0x1A,0xFF,0xFF,0xFF,0x02,
    0xFF,0xFF,0xFF,0xFF,0x01,0x40,0xFF,0xFF,0xFF,0x01,0x18,0xFF,0xFF,0xFF,0x02,0xFF,
    0xFF,0xFF,0xFF,0x01,0x7B,0xFF,0xFF,0xFF,0x01,0x00,0x00,0x00,0x00,0x01,0xFE,0xFF,
    0xFF,0xFF,0x08,0xFF,0xFF,0xFF,0xFF,0x01,0x58,0xFF,0xFF,0xFF,0x01,0xEF,0x57,0x47,
    0xF1,0x01,0xFF,0x96,0x8C,0xF6,0x05,0xFF,0xFF,0xFF,0xFF,0x01,0xFF,0xF7,0xF6,0xFE,
    0x01,0xFF,0x45,0x33,0xEF,0x01,0xFF,0x2D,0x19,0xED,0x01,0xFF,0x6B,0x5D,0xF2,0x07,
    0xFF,0xFF,0xFF,0xFF,0x01,0xFF,0x96,0x8C,0xF6,0x01,0xFF,0x2D,0x19,0xED,0x01,0xFF,
    0x2E,0x1A,0xED,0x01,0xFF,0xCE,0xC9,0xFB,0x06,0xFF,0xFF,0xFF,0xFF,0x01,0xFF,0xF3,
    0xF2,0xFE,0x01,0xFF,0x42,0x30,0xEF,0x01,0xFF,0x2D,0x19,0xED,0x01,0x12,0x2B,0x1C,
    0xF1,0x03,0x00,0x00,0x00,0x00,0x01,0x6A,0xFF,0xFF,0xFF,0x02,0xFF,0xFF,0xFF,0xFF,
    0x01,0x4B,0xFF,0xFF,0xFF,0x02,0x00,0x00,0x00,0x00,0x01,0x9B,0xFF,0xFF,0xFF,0x03,
    0xFF,0xFF,0xFF,0xFF,0x01,0x73,0xFF,0xFF,0xFF,0x02,0x00,0x00,0x00,0x00,0x01,0x6F,
    0xFF,0xFF,0xFF,0x02,0xFF,0xFF,0xFF,0xFF,0x01,0x3E,0xFF,0xFF,0xFF,0x01,0x00,0x00,
    0x00,0x00,0x02,0xFF,0xFF,0xFF,0xFF,0x01,0x94,0xFF,0xFF,0xFF,0x01,0x00,0x00,0x00,
    0x00,0x01,0xDE,0xFF,0xFF,0xFF,0x01,0xFF,0xFF,0xFF,0xFF,0x01,0xF1,0xFF,0xFF,0xFF,
    0x01,0x88,0xFF,0xFF,0xFF,0x05,0x77,0xFF,0xFF,0xFF,0x01,0x70,0xFF,0xFF,0xFF,0x01,
    0x00,0x00,0x00,0x00,0x01,0xA1,0xFF,0xFF,0xFF,0x01,0xFF,0xFF,0xFF,0xFF,0x01,0xCD,
    0xFF,0xFF,0xFF,0x03,0x55,0xFF,0xFF,0xFF,0x01,0x58,0xFF,0xFF,0xFF,0x01,0xB5,0xFF,
    0xFF,0xFF,0x01,0xFF,0xFF,0xFF,0xFF,0x01,0xFD,0xFF,0xFF,0xFF,0x01,0x07,0xFF,0xFF,
    0xFF,0x01,0x52,0xFF,0xFF,0xFF,0x02,0xFF,0xFF,0xFF,0xFF,0x01,0xC0,0xFF,0xFF,0xFF,
    0x01,0x7A,0xFF,0xFF,0xFF,0x02,0x77,0xFF,0xFF,0xFF,0x01,0x86,0xFF,0xFF,0xFF,0x01,
    0xEF,0xFF,0xFF,0xFF,0x01,0xFF,0xFF,0xFF,0xFF,0x01,0xE4,0xFF,0xFF,0xFF,0x01,0x00,
    0x00,0x00,0x00,0x01,0x93,0xFF,0xFF,0xFF,0x02,0xFF,0xFF,0xFF,0xFF,0x01,0x9D,0xFF,
    0xFF,0xFF,0x06,0x77,0xFF,0xFF,0xFF,0x01,0x1D,0xFF,0xFF,0xFF,0x01,0x5E,0xFF,0xFF,
    0xFF,0x01,0xFF,0xFF,0xFF,0xFF,0x01,0xF9,0xFF,0xFF,0xFF,0x04,0x00,0x00,0x00,0x00,
    0x01,0x18,0xFF,0xFF,0xFF,0x02,0xFF,0xFF,0xFF,0xFF,0x01,0x40,0xFF,0xFF,0xFF,0x01,
    0x18,0xFF,0xFF,0xFF,0x02,0xFF,0xFF,0xFF,0xFF,0x01,0x7B,0xFF,0xFF,0xFF,0x01,0x00,
    0x00,0x00,0x00,0x01,0xFE,0xFF,0xFF,0xFF,0x01,0xFF,0xFF,0xFF,0xFF,0x01,0xA6,0xFF,
    0xFF,0xFF,0x05,0x77,0xFF,0xFF,0xFF,0x01,0x48,0xFF,0xFF,0xFF,0x01,0x00,0x00,0x00,
    0x00,0x01,0xAF,0x9A,0x90,0xF6,0x01,0xFF,0xFC,0xFB,0xFF,0x06,0xFF,0xFF,0xFF,0xFF,
    0x01,0xFF,0x80,0x74,0xF4,0x02,0xFF,0x2D,0x19,0xED,0x01,0xFF,0xB9,0xB2,0xF9,0x06,
    0xFF,0xFF,0xFF,0xFF,0x01,0xFF,0xF9,0xF9,0xFF,0x01,0xFF,0x4D,0x3C,0xF0,0x01,0xFF,
    0x2D,0x19,0xED,0x01,0xFF,0x50,0x3F,0xF0,0x01,0xFF,0xFA,0xFA,0xFF,0x06,0xFF,0xFF,
    0xFF,0xFF,0x01,0xFF,0xBA,0xB3,0xF9,0x01,0xEF,0x45,0x34,0xEF,0x04,0x00,0x00,0x00,
    0x00,0x01,0x84,0xFF,0xFF,0xFF,0x02,0xFF,0xFF,0xFF,0xFF,0x01,0x36,0xFF,0xFF,0xFF,
    0x02,0x00,0x00,0x00,0x00,0x01,0x30,0xFF,0xFF,0xFF,0x01,0xFB,0xFF,0xFF,0xFF,0x01,
    0xFF,0xFF,0xFF,0xFF,0x01,0xED,0xFF,0xFF,0xFF,0x01,0x15,0xFF,0xFF,0xFF,0x02,0x00,
    0x00,0x00,0x00,0x01,0x5A,0xFF,0xFF,0xFF,0x02,0xFF,0xFF,0xFF,0xFF,0x01,0x59,0xFF,
    0xFF,0xFF,0x01,0x00,0x00,0x00,0x00,0x02,0xFF,0xFF,0xFF,0xFF,0x01,0x94,0xFF,0xFF,
    0xFF,0x01,0x00,0x00,0x00,0x00,0x01,0xB3,0xFF,0xFF,0xFF,0x08,0xFF,0xFF,0xFF,0xFF,
    0x01,0xE9,0xFF,0xFF,0xFF,0x01,0x00,0x00,0x00,0x00,0x01,0xA1,0xFF,0xFF,0xFF,0x01,
    0xFF,0xFF,0xFF,0xFF,0x01,0xB4,0xFF,0xFF,0xFF,0x04,0x00,0x00,0x00,0x00,0x01,0x46,
    0xFF,0xFF,0xFF,0x02,0xFF,0xFF,0xFF,0xFF,0x01,0x19,0xFF,0xFF,0xFF,0x01,0x28,0xFF,
    0xFF,0xFF,0x09,0xFF,0xFF,0xFF,0xFF,0x01,0xB8,0xFF,0xFF,0xFF,0x01,0x00,0x00,0x00,
    0x00,0x01,0x69,0xFF,0xFF,0xFF,0x09,0xFF,0xFF,0xFF,0xFF,0x01,0x36,0xFF,0xFF,0xFF,
    0x01,0x5E,0xFF,0xFF,0xFF,0x01,0xFF,0xFF,0xFF,0xFF,0x01,0xF9,0xFF,0xFF,0xFF,0x04,
    0x00,0x00,0x00,0x00,0x01,0x18,0xFF,0xFF,0xFF,0x02,0xFF,0xFF,0xFF,0xFF,0x01,0x40,
    0xFF,0xFF,0xFF,0x01,0x18,0xFF,0xFF,0xFF,0x02,0xFF,0xFF,0xFF,0xFF,0x01,0x7B,0xFF,
    0xFF,0xFF,0x01,0x00,0x00,0x00,0x00,0x01,0xFE,0xFF,0xFF,0xFF,0x01,0xFF,0xFF,0xFF,
    0xFF,0x01,0x58,0xFF,0xFF,0xFF,0x07,0x00,0x00,0x00,0x00,0x01,0x3E,0xFF,0xFF,0xFF,
    0x06,0xFF,0xFF,0xFF,0xFF,0x01,0xFF,0xF8,0xF7,0xFE,0x01,0xFF,0x4A,0x39,0xEF,0x02,
    0xFF,0x2D,0x19,0xED,0x01,0xFF,0x42,0x30,0xEF,0x01,0xFF,0xF3,0xF1,0xFE,0x06,0xFF,
    0xFF,0xFF,0xFF,0x01,0xFF,0xB5,0xAE,0xF9,0x02,0xFF,0x2D,0x19,0xED,0x01,0xFF,0x9A,
    0x90,0xF6,0x07,0xFF,0xFF,0xFF,0xFF,0x01,0x80,0xAB,0xA3,0xF7,0x04,0x00,0x00,0x00,
    0x00,0x01,0x9F,0xFF,0xFF,0xFF,0x02,0xFF,0xFF,0xFF,0xFF,0x01,0x20,0xFF,0xFF,0xFF,
    0x03,0x00,0x00,0x00,0x00,0x01,0x53,0xFF,0xFF,0xFF,0x01,0xA2,0xFF,0xFF,0xFF,0x01,
    0x3D,0xFF,0xFF,0xFF,0x03,0x00,0x00,0x00,0x00,0x01,0x46,0xFF,0xFF,0xFF,0x02,0xFF,
    0xFF,0xFF,0xFF,0x01,0x74,0xFF,0xFF,0xFF,0x01,0x00,0x00,0x00,0x00,0x02,0xFF,0xFF,
    0xFF,0xFF,0x01,0x94,0xFF,0xFF,0xFF,0x01,0x00,0x00,0x00,0x00,0x01,0x36,0xFF,0xFF,
    0xFF,0x01,0xF2,0xFF,0xFF,0xFF,0x07,0xFF,0xFF,0xFF,0xFF,0x01,0xAB,0xFF,0xFF,0xFF,
    0x01,0x00,0x00,0x00,0x00,0x01,0xA1,0xFF,0xFF,0xFF,0x01,0xFF,0xFF,0xFF,0xFF,0x01,
    0xB4,0xFF,0xFF,0xFF,0x04,0x00,0x00,0x00,0x00,0x01,0x3D,0xFF,0xFF,0xFF,0x02,0xFF,
    0xFF,0xFF,0xFF,0x01,0x1B,0xFF,0xFF,0xFF,0x01,0x00,0x00,0x00,0x00,0x01,0x9D,0xFF,
    0xFF,0xFF,0x07,0xFF,0xFF,0xFF,0xFF,0x01,0xF3,0xFF,0xFF,0xFF,0x01,0x39,0xFF,0xFF,
    0xFF,0x01,0x00,0x00,0x00,0x00,0x01,0x0D,0xFF,0xFF,0xFF,0x01,0xD4,0xFF,0xFF,0xFF,
    0x07,0xFF,0xFF,0xFF,0xFF,0x01,0xF0,0xFF,0xFF,0xFF,0x01,0x09,0xFF,0xFF,0xFF,0x01,
    0x5E,0xFF,0xFF,0xFF,0x01,0xFF,0xFF,0xFF,0xFF,0x01,0xF9,0xFF,0xFF,0xFF,0x04,0x00,
    0x00,0x00,0x00,0x01,0x18,0xFF,0xFF,0xFF,0x02,0xFF,0xFF,0xFF,0xFF,0x01,0x40,0xFF,
    0xFF,0xFF,0x01,0x18,0xFF,0xFF,0xFF,0x02,0xFF,0xFF,0xFF,0xFF,0x01,0x7B,0xFF,0xFF,
    0xFF,0x01,0x00,0x00,0x00,0x00,0x01,0xFE,0xFF,0xFF,0xFF,0x01,0xFF,0xFF,0xFF,0xFF,
    0x01,0x58,0xFF,0xFF,0xFF,0x07,0x00,0x00,0x00,0x00,0x01,0x01,0xFF,0xFF,0xFF,0x01,
    0xDB,0xFF,0xFF,0xFF,0x05,0xFF,0xFF,0xFF,0xFF,0x01,0xFF,0x86,0x7A,0xF5,0x04,0xFF,
    0x2D,0x19,0xED,0x01,0xFF,0x84,0x79,0xF4,0x05,0xFF,0xFF,0xFF,0xFF,0x01,0xFF,0xFC,
    0xFB,0xFF,0x01,0xFF,0x5A,0x4B,0xF1,0x02,0xFF,0x2D,0x19,0xED,0x01,0xFF,0x33,0x1F,
    0xED,0x01,0xFF,0xDF,0xDC,0xFC,0x05,0xFF,0xFF,0xFF,0xFF,0x01,0xEC,0xFF,0xFF,0xFF,
    0x01,0x0A,0xFF,0xFF,0xFF,0x04,0x00,0x00,0x00,0x00,0x01,0x3B,0xFF,0xFF,0xFF,0x02,
    0x55,0xFF,0xFF,0xFF,0x01,0x06,0xFF,0xFF,0xFF,0x09,0x00,0x00,0x00,0x00,0x01,0x13,
    0xFF,0xFF,0xFF,0x02,0x55,0xFF,0xFF,0xFF,0x01,0x2C,0xFF,0xFF,0xFF,0x01,0x00,0x00,
    0x00,0x00,0x02,0x50,0xFF,0xFF,0xFF,0x01,0x2E,0xFF,0xFF,0xFF,0x02,0x00,0x00,0x00,
    0x00,0x01,0x17,0xFF,0xFF,0xFF,0x01,0x53,0xFF,0xFF,0xFF,0x01,0x71,0xFF,0xFF,0xFF,
    0x03,0x77,0xFF,0xFF,0xFF,0x01,0x70,0xFF,0xFF,0xFF,0x01,0x4E,0xFF,0xFF,0xFF,0x01,
    0x0A,0xFF,0xFF,0xFF,0x01,0x00,0x00,0x00,0x00,0x01,0x36,0xFF,0xFF,0xFF,0x01,0x55,
    0xFF,0xFF,0xFF,0x01,0x3C,0xFF,0xFF,0xFF,0x04,0x00,0x00,0x00,0x00,0x01,0x14,0xFF,
    0xFF,0xFF,0x02,0x55,0xFF,0xFF,0xFF,0x01,0x09,0xFF,0xFF,0xFF,0x02,0x00,0x00,0x00,
    0x00,0x01,0x39,0xFF,0xFF,0xFF,0x01,0x62,0xFF,0xFF,0xFF,0x03,0x77,0xFF,0xFF,0xFF,
    0x01,0x72,0xFF,0xFF,0xFF,0x01,0x54,0xFF,0xFF,0xFF,0x01,0x19,0xFF,0xFF,0xFF,0x03,
    0x00,0x00,0x00,0x00,0x01,0x09,0xFF,0xFF,0xFF,0x01,0x4C,0xFF,0xFF,0xFF,0x01,0x6F,
    0xFF,0xFF,0xFF,0x04,0x77,0xFF,0xFF,0xFF,0x01,0x5E,0xFF,0xFF,0xFF,0x01,0x20,0xFF,
    0xFF,0xFF,0x01,0x00,0x00,0x00,0x00,0x01,0x1D,0xFF,0xFF,0xFF,0x01,0x50,0xFF,0xFF,
    0xFF,0x01,0x4D,0xFF,0xFF,0xFF,0x04,0x00,0x00,0x00,0x00,0x01,0x07,0xFF,0xFF,0xFF,
    0x02,0x50,0xFF,0xFF,0xFF,0x01,0x14,0xFF,0xFF,0xFF,0x01,0x07,0xFF,0xFF,0xFF,0x02,
    0x50,0xFF,0xFF,0xFF,0x01,0x26,0xFF,0xFF,0xFF,0x01,0x00,0x00,0x00,0x00,0x02,0x55,
    0xFF,0xFF,0xFF,0x01,0x1D,0xFF,0xFF,0xFF,0x08,0x00,0x00,0x00,0x00,0x01,0x5B,0xFF,
    0xFF,0xFF,0x04,0xFF,0xFF,0xFF,0xFF,0x01,0xFF,0xC5,0xBF,0xFA,0x01,0xFF,0x2E,0x1A,
    0xED,0x04,0xFF,0x2D,0x19,0xED,0x01,0xFF,0x2F,0x1B,0xED,0x01,0xFF,0xCF,0xCB,0xFB,
    0x04,0xFF,0xFF,0xFF,0xFF,0x01,0xFF,0x99,0x8F,0xF6,0x04,0xFF,0x2D,0x19,0xED,0x01,
    0xFF,0x63,0x54,0xF2,0x01,0xFF,0xFE,0xFE,0xFF,0x04,0xFF,0xFF,0xFF,0xFF,0x01,0x83,
    0xFF,0xFF,0xFF,0x63,0x00,0x00,0x00,0x00,0x01,0x01,0xFF,0xFF,0xFF,0x01,0xC8,0xFF,
    0xFF,0xFF,0x02,0xFF,0xFF,0xFF,0xFF,0x01,0xFF,0xEE,0xEC,0xFE,0x01,0xFF,0x41,0x2F,
    0xEF,0x06,0xFF,0x2D,0x19,0xED,0x01,0xFF,0x51,0x41,0xF0,0x01,0xFF,0xFB,0xFA,0xFF,
    0x02,0xFF,0xFF,0xFF,0xFF,0x01,0xFF,0xD8,0xD5,0xFC,0x01,0xFF,0x32,0x1E,0xED,0x05,
    0xFF,0x2D,0x19,0xED,0x01,0xFF,0xB5,0xAE,0xF9,0x03,0xFF,0xFF,0xFF,0xFF,0x01,0xE4,
    0xFF,0xFF,0xFF,0x01,0x11,0xFF,0xFF,0xFF,0x64,0x00,0x00,0x00,0x00,0x01,0x31,0xFF,
    0xFF,0xFF,0x01,0xF5,0xFF,0xFF,0xFF,0x01,0xFF,0xFE,0xFE,0xFF,0x01,0xFF,0x6A,0x5C,
    0xF2,0x08,0xFF,0x2D,0x19,0xED,0x01,0xFF,0x9B,0x92,0xF6,0x01,0xFF,0xFF,0xFF,0xFF,
    0x01,0xFF,0xF7,0xF6,0xFE,0x01,0xFF,0x54,0x43,0xF0,0x06,0xFF,0x2D,0x19,0xED,0x01,
    0xFF,0x40,0x2E,0xEF,0x01,0xFF,0xF1,0xF0,0xFE,0x01,0xFF,0xFF,0xFF,0xFF,0x01,0xFE,
    0xFF,0xFF,0xFF,0x01,0x46,0xFF,0xFF,0xFF,0x66,0x00,0x00,0x00,0x00,0x01,0x50,0xFF,
    0xFF,0xFF,0x01,0xFE,0xA6,0x9E,0xF7,0x09,0xFF,0x2D,0x19,0xED,0x01,0xFF,0x2F,0x1C,
    0xED,0x01,0xFF,0x86,0x7A,0xF5,0x01,0xFF,0x59,0x4A,0xF1,0x08,0xFF,0x2D,0x19,0xED,
    0x01,0xFF,0x80,0x74,0xF4,0x01,0xFF,0xFF,0xFF,0xFF,0x01,0x7E,0xFF,0xFF,0xFF,0x68,
    0x00,0x00,0x00,0x00,0x01,0xB2,0x6A,0x5C,0xF2,0x14,0xFF,0x2D,0x19,0xED,0x01,0xFF,
    0x2E,0x1A,0xED,0x01,0x99,0xC1,0xBB,0xFA,0x6A,0x00,0x00,0x00,0x00,0x01,0x92,0x65,
    0x56,0xF1,0x01,0xFF,0x31,0x1E,0xED,0x11,0xFF,0x2D,0x19,0xED,0x01,0xFF,0x31,0x1E,
    0xED,0x01,0xAB,0x74,0x67,0xF3,0x6C,0x00,0x00,0x00,0x00,0x01,0x4C,0x6F,0x61,0xF2,
    0x01,0xEF,0x4A,0x37,0xEF,0x0F,0xFF,0x2D,0x19,0xED,0x01,0xF5,0x49,0x37,0xEF,0x01,
    0x5B,0x76,0x68,0xF4,0x6E,0x00,0x00,0x00,0x00,0x01,0x03,0x55,0x00,0xFF,0x01,0x7A,
    0x60,0x52,0xF2,0x01,0xEF,0x4A,0x39,0xEF,0x0B,0xFF,0x2D,0x19,0xED,0x01,0xF4,0x45,
    0x33,0xEF,0x01,0x85,0x6F,0x62,0xF3,0x01,0x02,0x00,0x00,0xFF,0x72,0x00,0x00,0x00,
    0x00,0x01,0x34,0x4A,0x36,0xF0,0x01,0x9F,0x62,0x53,0xF2,0x01,0xDD,0x58,0x48,0xF1,
    0x01,0xF5,0x45,0x33,0xEF,0x01,0xFC,0x37,0x24,0xEE,0x01,0xFF,0x2D,0x19,0xED,0x01,
    0xFC,0x36,0x22,0xEE,0x01,0xF5,0x42,0x30,0xEE,0x01,0xE2,0x53,0x43,0xF0,0x01,0xAA,
    0x62,0x53,0xF2,0x01,0x46,0x5B,0x49,0xF0,0x01,0x01,0x00,0x00,0xFF,0x6A,0x00,0x00,
    0x00,0x00,
};

leImage microchip_logo_white =
{
    {
        LE_STREAM_LOCATION_ID_INTERNAL, // data location id
        (void*)microchip_logo_white_data, // data variable pointer
        5602, // data size
    },
    LE_IMAGE_FORMAT_RLE,
    {
        LE_COLOR_MODE_RGBA_8888,
        {
            128,
            30
        },
        3840,
        5602,
        (void*)microchip_logo_white_data, // data variable pointer
        0, // flags
    },
    0, // image flags
    {
        0x0, // color mask
    },
    NULL, // alpha mask
    NULL, // palette
};

/*********************************
 * Legato Image Asset
 * Name:   microchip_logo_black
 * Size:   128x30 pixels
 * Mode:   RGBA_8888
 ***********************************/

const uint8_t microchip_logo_black_data[5602] =
{
    0x01,0x04,0x0A,0x00,0x00,0x00,0x00,0x01,0x3A,0x4F,0x42,0xF2,0x01,0xA6,0x62,0x53,
    0xF1,0x01,0xE1,0x56,0x46,0xF0,0x01,0xF6,0x44,0x32,0xEF,0x01,0xFD,0x35,0x22,0xEE,
    0x01,0xFF,0x2D,0x19,0xED,0x01,0xFD,0x34,0x21,0xEE,0x01,0xF8,0x42,0x2F,0xEF,0x01,
    0xE2,0x56,0x46,0xF0,0x01,0xAD,0x6C,0x5D,0xF2,0x01,0x36,0x5A,0x4C,0xF1,0x72,0x00,
    0x00,0x00,0x00,0x01,0x01,0x00,0x00,0xFF,0x01,0x74,0x6E,0x61,0xF2,0x01,0xF0,0x4A,
    0x39,0xEF,0x0B,0xFF,0x2D,0x19,0xED,0x01,0xC1,0x2D,0x19,0xED,0x01,0x1D,0x2C,0x1A,
    0xED,0x01,0x00,0x00,0x00,0x00,0x01,0x25,0x22,0x1C,0x22,0x01,0x62,0x1F,0x1F,0x22,
    0x01,0x51,0x1F,0x1F,0x23,0x6B,0x00,0x00,0x00,0x00,0x01,0x4C,0x79,0x6B,0xF5,0x01,
    0xF0,0x4A,0x39,0xEF,0x0E,0xFF,0x2D,0x19,0xED,0x01,0xB1,0x2D,0x18,0xEE,0x01,0x00,
    0x00,0x00,0x00,0x01,0x3F,0x20,0x20,0x24,0x01,0x60,0x20,0x20,0x23,0x01,0x63,0x1F,
    0x1F,0x24,0x6A,0x00,0x00,0x00,0x00,0x01,0x8B,0x72,0x63,0xF2,0x01,0xFE,0x34,0x21,
    0xEE,0x10,0xFF,0x2D,0x19,0xED,0x01,0x51,0x2C,0x19,0xEC,0x01,0x08,0x20,0x20,0x20,
    0x01,0x37,0x20,0x20,0x25,0x01,0x23,0x1D,0x1D,0x24,0x69,0x00,0x00,0x00,0x00,0x01,
    0xBA,0x68,0x59,0xF3,0x12,0xFF,0x2D,0x19,0xED,0x01,0xE4,0x2D,0x19,0xED,0x01,0x0E,
    0x24,0x12,0xED,0x6A,0x00,0x00,0x00,0x00,0x01,0x9C,0x6E,0x60,0xF2,0x05,0xFF,0x2D,
    0x19,0xED,0x01,0xFF,0x2F,0x1B,0xED,0x01,0xFF,0x47,0x36,0xEF,0x09,0xFF,0x2D,0x19,
    0xED,0x01,0xFF,0x38,0x25,0xEE,0x01,0xFF,0x35,0x22,0xEE,0x02,0xFF,0x2D,0x19,0xED,
    0x01,0x92,0x2D,0x18,0xEE,0x0C,0x00,0x00,0x00,0x00,0x01,0x68,0x20,0x20,0x22,0x01,
    0xA6,0x20,0x1F,0x23,0x01,0x45,0x21,0x1E,0x21,0x07,0x00,0x00,0x00,0x00,0x01,0x5B,
    0x1F,0x1F,0x22,0x01,0xA7,0x20,0x1F,0x23,0x01,0x4B,0x1F,0x1F,0x22,0x50,0x00,0x00,
    0x00,0x00,0x01,0x6A,0x7B,0x6F,0xF3,0x01,0xFF,0x2F,0x1C,0xED,0x04,0xFF,0x2D,0x19,
    0xED,0x01,0xFF,0x2F,0x1C,0xED,0x01,0xFF,0xC3,0xBD,0xFA,0x01,0xFF,0xFF,0xFF,0xFF,
    0x01,0xFF,0x9F,0x96,0xF7,0x07,0xFF,0x2D,0x19,0xED,0x01,0xFF,0x54,0x43,0xF0,0x01,
    0xFF,0xF0,0xEF,0xFE,0x01,0xFF,0xEB,0xE9,0xFD,0x01,0xFF,0x50,0x3F,0xF0,0x01,0xFF,
    0x2D,0x19,0xED,0x01,0xFC,0x2D,0x19,0xED,0x01,0x35,0x2B,0x18,0xEC,0x0A,0x00,0x00,
    0x00,0x00,0x01,0x2D,0x22,0x1C,0x22,0x01,0xFE,0x20,0x1F,0x23,0x01,0xFF,0x20,0x1F,
    0x23,0x01,0xF7,0x20,0x1F,0x23,0x01,0x1B,0x1C,0x1C,0x26,0x05,0x00,0x00,0x00,0x00,
    0x01,0x3A,0x1F,0x1F,0x23,0x01,0xFE,0x20,0x1F,0x23,0x01,0xFF,0x20,0x1F,0x23,0x01,
    0xF2,0x20,0x1F,0x23,0x01,0x09,0x1C,0x1C,0x1C,0x4E,0x00,0x00,0x00,0x00,0x01,0x06,
    0x80,0x55,0xFF,0x01,0xF6,0x4B,0x3A,0xEF,0x05,0xFF,0x2D,0x19,0xED,0x01,0xFF,0x93,
    0x89,0xF6,0x03,0xFF,0xFF,0xFF,0xFF,0x01,0xFF,0x65,0x56,0xF2,0x05,0xFF,0x2D,0x19,
    0xED,0x01,0xFF,0x34,0x20,0xEE,0x01,0xFF,0xDC,0xD8,0xFC,0x02,0xFF,0xFF,0xFF,0xFF,
    0x01,0xFF,0xD4,0xD0,0xFB,0x01,0xFF,0x2F,0x1C,0xED,0x01,0xFF,0x2D,0x19,0xED,0x01,
    0xD1,0x2D,0x18,0xED,0x01,0x05,0x33,0x00,0xFF,0x09,0x00,0x00,0x00,0x00,0x01,0x5C,
    0x21,0x1E,0x24,0x03,0xFF,0x20,0x1F,0x23,0x01,0x7D,0x21,0x1F,0x23,0x05,0x00,0x00,
    0x00,0x00,0x01,0xA5,0x20,0x1F,0x24,0x03,0xFF,0x20,0x1F,0x23,0x01,0x30,0x20,0x20,
    0x25,0x4E,0x00,0x00,0x00,0x00,0x01,0xA6,0x72,0x64,0xF3,0x05,0xFF,0x2D,0x19,0xED,
    0x01,0xFF,0x57,0x47,0xF1,0x01,0xFF,0xFB,0xFA,0xFF,0x03,0xFF,0xFF,0xFF,0xFF,0x01,
    0xFF,0xE1,0xDE,0xFC,0x01,0xFF,0x34,0x20,0xEE,0x04,0xFF,0x2D,0x19,0xED,0x01,0xFF,
    0xA7,0x9E,0xF7,0x04,0xFF,0xFF,0xFF,0xFF,0x01,0xFF,0x88,0x7C,0xF5,0x02,0xFF,0x2D,
    0x19,0xED,0x01,0x72,0x2D,0x19,0xED,0x09,0x00,0x00,0x00,0x00,0x01,0x78,0x20,0x20,
    0x22,0x03,0xFF,0x20,0x1F,0x23,0x01,0xE1,0x20,0x1F,0x23,0x01,0x03,0x00,0x00,0x00,
    0x03,0x00,0x00,0x00,0x00,0x01,0x10,0x20,0x20,0x20,0x01,0xF6,0x20,0x1F,0x23,0x03,
    0xFF,0x20,0x1F,0x23,0x01,0x4B,0x1F,0x1F,0x22,0x02,0x00,0x00,0x00,0x00,0x02,0x0C,
    0x2B,0x15,0x2B,0x01,0x06,0x2B,0x2B,0x2B,0x03,0x00,0x00,0x00,0x00,0x01,0x11,0x1E,
    0x1E,0x1E,0x01,0x2D,0x22,0x1C,0x22,0x03,0x33,0x1E,0x1E,0x23,0x01,0x22,0x1E,0x1E,
    0x26,0x01,0x19,0x1F,0x1F,0x1F,0x02,0x00,0x00,0x00,0x00,0x01,0x0B,0x17,0x17,0x2E,
    0x06,0x11,0x1E,0x1E,0x1E,0x01,0x0F,0x22,0x22,0x22,0x05,0x00,0x00,0x00,0x00,0x01,
    0x04,0x00,0x00,0x40,0x01,0x1F,0x21,0x21,0x21,0x03,0x33,0x1E,0x1E,0x23,0x01,0x2E,
    0x21,0x21,0x21,0x01,0x12,0x1C,0x1C,0x1C,0x05,0x00,0x00,0x00,0x00,0x01,0x06,0x2B,
    0x2B,0x2B,0x01,0x1F,0x21,0x21,0x21,0x04,0x22,0x1E,0x1E,0x26,0x01,0x1E,0x22,0x22,
    0x22,0x01,0x02,0x00,0x00,0x00,0x01,0x00,0x00,0x00,0x00,0x01,0x04,0x00,0x00,0x40,
    0x01,0x0C,0x2B,0x15,0x2B,0x01,0x0B,0x17,0x17,0x2E,0x04,0x00,0x00,0x00,0x00,0x01,
    0x01,0x00,0x00,0x00,0x02,0x0C,0x2B,0x15,0x2B,0x01,0x03,0x00,0x00,0x00,0x01,0x01,
    0x00,0x00,0x00,0x02,0x0C,0x2B,0x15,0x2B,0x01,0x05,0x33,0x33,0x33,0x01,0x00,0x00,
    0x00,0x00,0x07,0x11,0x1E,0x1E,0x1E,0x01,0x07,0x24,0x24,0x24,0x02,0x00,0x00,0x00,
    0x00,0x01,0x06,0x80,0x55,0xFF,0x01,0xFC,0x41,0x2F,0xEF,0x04,0xFF,0x2D,0x19,0xED,
    0x01,0xFF,0x34,0x20,0xEE,0x01,0xFF,0xDB,0xD7,0xFC,0x05,0xFF,0xFF,0xFF,0xFF,0x01,
    0xFF,0x98,0x8E,0xF6,0x03,0xFF,0x2D,0x19,0xED,0x01,0xFF,0x66,0x57,0xF2,0x01,0xFF,
    0xFE,0xFE,0xFF,0x04,0xFF,0xFF,0xFF,0xFF,0x01,0xFF,0xF4,0xF3,0xFE,0x01,0xFF,0x44,
    0x32,0xEF,0x01,0xFF,0x2D,0x19,0xED,0x01,0xF6,0x2E,0x1A,0xED,0x01,0x21,0x2E,0x17,
    0xF0,0x08,0x00,0x00,0x00,0x00,0x01,0x93,0x1F,0x1F,0x23,0x04,0xFF,0x20,0x1F,0x23,
    0x01,0x46,0x21,0x21,0x24,0x03,0x00,0x00,0x00,0x00,0x01,0x6F,0x20,0x1E,0x22,0x04,
    0xFF,0x20,0x1F,0x23,0x01,0x66,0x21,0x1E,0x23,0x02,0x00,0x00,0x00,0x00,0x02,0xFF,
    0x20,0x1F,0x23,0x01,0x94,0x21,0x1F,0x22,0x01,0x00,0x00,0x00,0x00,0x01,0x18,0x20,
    0x20,0x20,0x01,0xC7,0x20,0x1F,0x23,0x07,0xFF,0x20,0x1F,0x23,0x01,0x80,0x20,0x20,
    0x24,0x01,0x00,0x00,0x00,0x00,0x01,0xA1,0x20,0x20,0x23,0x07,0xFF,0x20,0x1F,0x23,
    0x01,0xE7,0x20,0x1F,0x23,0x01,0x4D,0x21,0x1E,0x24,0x02,0x00,0x00,0x00,0x00,0x01,
    0x62,0x1F,0x1F,0x22,0x01,0xF2,0x20,0x1F,0x23,0x06,0xFF,0x20,0x1F,0x23,0x01,0xCA,
    0x20,0x20,0x23,0x01,0x1A,0x1D,0x1D,0x27,0x01,0x00,0x00,0x00,0x00,0x01,0x01,0x00,
    0x00,0x00,0x01,0x93,0x1F,0x1F,0x23,0x01,0xFB,0x1F,0x1F,0x23,0x06,0xFF,0x20,0x1F,
    0x23,0x01,0xC6,0x20,0x1F,0x23,0x01,0x00,0x00,0x00,0x00,0x01,0x5E,0x21,0x1E,0x23,
    0x01,0xFF,0x20,0x1F,0x23,0x01,0xF9,0x20,0x1F,0x23,0x04,0x00,0x00,0x00,0x00,0x01,
    0x18,0x20,0x20,0x20,0x02,0xFF,0x20,0x1F,0x23,0x01,0x40,0x20,0x20,0x24,0x01,0x18,
    0x20,0x20,0x20,0x02,0xFF,0x20,0x1F,0x23,0x01,0x7B,0x1F,0x1F,0x23,0x01,0x00,0x00,
    0x00,0x00,0x01,0xFE,0x20,0x1F,0x23,0x07,0xFF,0x20,0x1F,0x23,0x01,0xC2,0x20,0x20,
    0x23,0x01,0x1A,0x1D,0x1D,0x27,0x01,0x77,0x7E,0x72,0xF4,0x05,0xFF,0x2D,0x19,0xED,
    0x01,0xFF,0x8D,0x82,0xF5,0x06,0xFF,0xFF,0xFF,0xFF,0x01,0xFF,0xFA,0xFA,0xFF,0x01,
    0xFF,0x4F,0x3E,0xF0,0x01,0xFF,0x2D,0x19,0xED,0x01,0xFF,0x2F,0x1B,0xED,0x01,0xFF,
    0xE5,0xE2,0xFD,0x06,0xFF,0xFF,0xFF,0xFF,0x01,0xFF,0xBB,0xB5,0xF9,0x02,0xFF,0x2D,
    0x19,0xED,0x01,0xB2,0x2C,0x18,0xEC,0x08,0x00,0x00,0x00,0x00,0x01,0xAD,0x20,0x1F,
    0x23,0x01,0xFF,0x20,0x1F,0x23,0x01,0xFD,0x20,0x1F,0x23,0x02,0xFF,0x20,0x1F,0x23,
    0x01,0xAA,0x20,0x20,0x23,0x03,0x00,0x00,0x00,0x00,0x01,0xD2,0x20,0x20,0x23,0x01,
    0xFF,0x20,0x1F,0x23,0x02,0xFD,0x20,0x1F,0x23,0x01,0xFF,0x20,0x1F,0x23,0x01,0x81,
    0x20,0x20,0x24,0x02,0x00,0x00,0x00,0x00,0x02,0xFF,0x20,0x1F,0x23,0x01,0x94,0x21,
    0x1F,0x22,0x01,0x00,0x00,0x00,0x00,0x01,0x9E,0x20,0x1F,0x24,0x08,0xFF,0x20,0x1F,
    0x23,0x01,0xC7,0x20,0x1F,0x23,0x01,0x00,0x00,0x00,0x00,0x01,0xA1,0x20,0x20,0x23,
    0x08,0xFF,0x20,0x1F,0x23,0x01,0xDF,0x20,0x1F,0x23,0x01,0x01,0x00,0x00,0x00,0x01,
    0x18,0x20,0x20,0x20,0x01,0xFA,0x20,0x1F,0x23,0x08,0xFF,0x20,0x1F,0x23,0x01,0xA2,
    0x1F,0x1F,0x23,0x01,0x00,0x00,0x00,0x00,0x01,0x51,0x1F,0x1F,0x23,0x09,0xFF,0x20,
    0x1F,0x23,0x01,0x0F,0x22,0x22,0x22,0x01,0x5E,0x21,0x1E,0x23,0x01,0xFF,0x20,0x1F,
    0x23,0x01,0xF9,0x20,0x1F,0x23,0x04,0x00,0x00,0x00,0x00,0x01,0x18,0x20,0x20,0x20,
    0x02,0xFF,0x20,0x1F,0x23,0x01,0x40,0x20,0x20,0x24,0x01,0x18,0x20,0x20,0x20,0x02,
    0xFF,0x20,0x1F,0x23,0x01,0x7B,0x1F,0x1F,0x23,0x01,0x00,0x00,0x00,0x00,0x01,0xFE,
    0x20,0x1F,0x23,0x08,0xFF,0x20,0x1F,0x23,0x01,0x99,0x20,0x20,0x23,0x01,0xCD,0x6B,
    0x5C,0xF3,0x05,0xFF,0x2D,0x19,0xED,0x01,0xFF,0x43,0x31,0xEF,0x01,0xFF,0xF3,0xF2,
    0xFE,0x06,0xFF,0xFF,0xFF,0xFF,0x01,0xFF,0xCC,0xC7,0xFB,0x01,0xFF,0x2E,0x1A,0xED,
    0x01,0xFF,0x2D,0x19,0xED,0x01,0xFF,0x99,0x8F,0xF6,0x07,0xFF,0xFF,0xFF,0xFF,0x01,
    0xFF,0x6C,0x5E,0xF2,0x02,0xFF,0x2D,0x19,0xED,0x01,0x52,0x2C,0x19,0xEC,0x07,0x00,
    0x00,0x00,0x00,0x01,0xC9,0x20,0x1E,0x24,0x01,0xFF,0x20,0x1F,0x23,0x01,0xCF,0x20,
    0x1F,0x22,0x01,0xDC,0x20,0x1F,0x23,0x01,0xFF,0x20,0x1F,0x23,0x01,0xF9,0x20,0x1F,
    0x23,0x01,0x16,0x23,0x23,0x23,0x01,0x00,0x00,0x00,0x00,0x01,0x38,0x20,0x20,0x24,
    0x02,0xFF,0x20,0x1F,0x23,0x01,0xBB,0x1F,0x1F,0x23,0x01,0xE7,0x20,0x1F,0x23,0x01,
    0xFF,0x20,0x1F,0x23,0x01,0x9C,0x21,0x1F,0x22,0x02,0x00,0x00,0x00,0x00,0x02,0xFF,
    0x20,0x1F,0x23,0x01,0x94,0x21,0x1F,0x22,0x01,0x00,0x00,0x00,0x00,0x01,0xD7,0x20,
    0x1F,0x24,0x02,0xFF,0x20,0x1F,0x23,0x01,0xE0,0x20,0x1F,0x23,0x05,0xCC,0x21,0x1F,
    0x23,0x01,0xAA,0x20,0x20,0x23,0x01,0x00,0x00,0x00,0x00,0x01,0xA1,0x20,0x20,0x23,
    0x01,0xFF,0x20,0x1F,0x23,0x01,0xF0,0x20,0x1F,0x23,0x04,0xCC,0x21,0x1F,0x23,0x01,
    0xEA,0x20,0x1F,0x23,0x02,0xFF,0x20,0x1F,0x23,0x01,0x12,0x1C,0x1C,0x1C,0x01,0x4B,
    0x1F,0x1F,0x22,0x02,0xFF,0x20,0x1F,0x23,0x01,0xF2,0x20,0x1F,0x23,0x01,0xC0,0x20,
    0x1F,0x23,0x02,0xBB,0x1F,0x1F,0x23,0x01,0xD1,0x20,0x1F,0x23,0x02,0xFF,0x20,0x1F,
    0x23,0x01,0xDC,0x20,0x1F,0x23,0x01,0x00,0x00,0x00,0x00,0x01,0x8A,0x1F,0x1F,0x23,
    0x02,0xFF,0x20,0x1F,0x23,0x01,0xF1,0x20,0x1F,0x23,0x01,0xCE,0x20,0x1F,0x23,0x01,
    0xDB,0x1F,0x1F,0x23,0x04,0xDD,0x20,0x1F,0x23,0x01,0x1A,0x1D,0x1D,0x27,0x01,0x5E,
    0x21,0x1E,0x23,0x01,0xFF,0x20,0x1F,0x23,0x01,0xF9,0x20,0x1F,0x23,0x04,0x00,0x00,
    0x00,0x00,0x01,0x18,0x20,0x20,0x20,0x02,0xFF,0x20,0x1F,0x23,0x01,0x40,0x20,0x20,
    0x24,0x01,0x18,0x20,0x20,0x20,0x02,0xFF,0x20,0x1F,0x23,0x01,0x7B,0x1F,0x1F,0x23,
    0x01,0x00,0x00,0x00,0x00,0x01,0xFE,0x20,0x1F,0x23,0x01,0xFF,0x20,0x1F,0x23,0x01,
    0xDE,0x20,0x1F,0x22,0x03,0xCC,0x21,0x1F,0x23,0x01,0xCD,0x20,0x1F,0x23,0x01,0xF9,
    0x20,0x1F,0x23,0x01,0xFF,0x20,0x1F,0x23,0x01,0xE1,0x20,0x1F,0x23,0x01,0xF1,0x54,
    0x43,0xF0,0x03,0xFF,0x2D,0x19,0xED,0x01,0xFF,0x3E,0x2C,0xEE,0x01,0xFF,0x38,0x25,
    0xEE,0x01,0xFF,0x2D,0x19,0xED,0x01,0xFF,0x87,0x7B,0xF5,0x07,0xFF,0xFF,0xFF,0xFF,
    0x01,0xFF,0x7E,0x71,0xF4,0x01,0xFF,0x2D,0x19,0xED,0x01,0xFF,0x34,0x20,0xEE,0x01,
    0xFF,0xE1,0xDF,0xFC,0x06,0xFF,0xFF,0xFF,0xFF,0x01,0xFF,0xE6,0xE4,0xFD,0x01,0xFF,
    0x37,0x24,0xEE,0x01,0xFF,0x2D,0x19,0xED,0x01,0xE6,0x2F,0x1B,0xED,0x01,0x0E,0x24,
    0x12,0xED,0x06,0x00,0x00,0x00,0x00,0x01,0xE3,0x1F,0x1F,0x23,0x01,0xFF,0x20,0x1F,
    0x23,0x01,0xB8,0x20,0x1E,0x23,0x01,0x7E,0x20,0x1E,0x22,0x02,0xFF,0x20,0x1F,0x23,
    0x01,0x73,0x1F,0x1F,0x23,0x01,0x00,0x00,0x00,0x00,0x01,0x9B,0x1F,0x1F,0x23,0x02,
    0xFF,0x20,0x1F,0x23,0x01,0x5A,0x1F,0x1F,0x22,0x01,0xD3,0x1F,0x1F,0x23,0x01,0xFF,
    0x20,0x1F,0x23,0x01,0xB7,0x20,0x1F,0x23,0x02,0x00,0x00,0x00,0x00,0x02,0xFF,0x20,
    0x1F,0x23,0x01,0x94,0x21,0x1F,0x22,0x01,0x00,0x00,0x00,0x00,0x01,0xF3,0x1F,0x1F,
    0x23,0x01,0xFF,0x20,0x1F,0x23,0x01,0xAB,0x1F,0x1F,0x22,0x08,0x00,0x00,0x00,0x00,
    0x01,0xA1,0x20,0x20,0x23,0x01,0xFF,0x20,0x1F,0x23,0x01,0xB4,0x21,0x1F,0x23,0x04,
    0x00,0x00,0x00,0x00,0x01,0x38,0x20,0x20,0x24,0x02,0xFF,0x20,0x1F,0x23,0x01,0x21,
    0x1F,0x1F,0x27,0x01,0x67,0x20,0x20,0x23,0x02,0xFF,0x20,0x1F,0x23,0x01,0x37,0x20,
    0x20,0x25,0x04,0x00,0x00,0x00,0x00,0x01,0xA6,0x20,0x1F,0x23,0x01,0xFF,0x20,0x1F,
    0x23,0x01,0xF8,0x20,0x1F,0x23,0x01,0x01,0x00,0x00,0x00,0x01,0xA6,0x20,0x1F,0x23,
    0x01,0xFF,0x20,0x1F,0x23,0x01,0xE9,0x20,0x1F,0x23,0x01,0x0F,0x22,0x22,0x22,0x07,
    0x00,0x00,0x00,0x00,0x01,0x5E,0x21,0x1E,0x23,0x01,0xFF,0x20,0x1F,0x23,0x01,0xF9,
    0x20,0x1F,0x23,0x04,0x00,0x00,0x00,0x00,0x01,0x18,0x20,0x20,0x20,0x02,0xFF,0x20,
    0x1F,0x23,0x01,0x40,0x20,0x20,0x24,0x01,0x18,0x20,0x20,0x20,0x02,0xFF,0x20,0x1F,
    0x23,0x01,0x7B,0x1F,0x1F,0x23,0x01,0x00,0x00,0x00,0x00,0x01,0xFE,0x20,0x1F,0x23,
    0x01,0xFF,0x20,0x1F,0x23,0x01,0x58,0x20,0x20,0x23,0x04,0x00,0x00,0x00,0x00,0x01,
    0x86,0x20,0x1E,0x22,0x01,0xFF,0x20,0x1F,0x23,0x01,0xF8,0x20,0x1F,0x23,0x01,0xFD,
    0x3D,0x2B,0xEF,0x03,0xFF,0x2D,0x19,0xED,0x01,0xFF,0xBF,0xB9,0xF9,0x01,0xFF,0xA4,
    0x9C,0xF7,0x01,0xFF,0x2D,0x19,0xED,0x01,0xFF,0x2F,0x1C,0xED,0x01,0xFF,0xD3,0xCE,
    0xFB,0x06,0xFF,0xFF,0xFF,0xFF,0x01,0xFF,0xEF,0xEE,0xFE,0x01,0xFF,0x3E,0x2C,0xEE,
    0x01,0xFF,0x2D,0x19,0xED,0x01,0xFF,0x65,0x56,0xF2,0x07,0xFF,0xFF,0xFF,0xFF,0x01,
    0xFF,0xA1,0x98,0xF7,0x02,0xFF,0x2D,0x19,0xED,0x01,0x92,0x2D,0x18,0xEE,0x05,0x00,
    0x00,0x00,0x00,0x01,0x02,0x00,0x00,0x00,0x01,0xFB,0x1F,0x1F,0x23,0x01,0xFF,0x20,
    0x1F,0x23,0x01,0xA2,0x1F,0x1F,0x23,0x01,0x1F,0x21,0x21,0x21,0x01,0xFD,0x20,0x1F,
    0x23,0x01,0xFF,0x20,0x1F,0x23,0x01,0xD8,0x20,0x1F,0x23,0x01,0x0D,0x27,0x27,0x27,
    0x01,0xF2,0x20,0x1F,0x23,0x01,0xFF,0x20,0x1F,0x23,0x01,0xF0,0x20,0x1F,0x23,0x01,
    0x0A,0x1A,0x1A,0x1A,0x01,0xBE,0x20,0x1F,0x23,0x01,0xFF,0x20,0x1F,0x23,0x01,0xD2,
    0x20,0x20,0x23,0x02,0x00,0x00,0x00,0x00,0x02,0xFF,0x20,0x1F,0x23,0x01,0x94,0x21,
    0x1F,0x22,0x01,0x00,0x00,0x00,0x00,0x02,0xFF,0x20,0x1F,0x23,0x01,0x6E,0x20,0x1E,
    0x23,0x08,0x00,0x00,0x00,0x00,0x01,0xA1,0x20,0x20,0x23,0x01,0xFF,0x20,0x1F,0x23,
    0x01,0xB4,0x21,0x1F,0x23,0x04,0x00,0x00,0x00,0x00,0x01,0x30,0x20,0x20,0x25,0x02,
    0xFF,0x20,0x1F,0x23,0x01,0x1C,0x24,0x1B,0x24,0x01,0x74,0x21,0x1F,0x23,0x01,0xFF,
    0x20,0x1F,0x23,0x01,0xF9,0x20,0x1F,0x23,0x05,0x00,0x00,0x00,0x00,0x01,0x69,0x20,
    0x20,0x22,0x02,0xFF,0x20,0x1F,0x23,0x01,0x07,0x24,0x24,0x24,0x01,0xB3,0x1F,0x1F,
    0x24,0x01,0xFF,0x20,0x1F,0x23,0x01,0xB9,0x20,0x1E,0x22,0x08,0x00,0x00,0x00,0x00,
    0x01,0x5E,0x21,0x1E,0x23,0x09,0xFF,0x20,0x1F,0x23,0x01,0x40,0x20,0x20,0x24,0x01,
    0x18,0x20,0x20,0x20,0x02,0xFF,0x20,0x1F,0x23,0x01,0x7B,0x1F,0x1F,0x23,0x01,0x00,
    0x00,0x00,0x00,0x01,0xFE,0x20,0x1F,0x23,0x01,0xFF,0x20,0x1F,0x23,0x01,0x58,0x20,
    0x20,0x23,0x04,0x00,0x00,0x00,0x00,0x01,0x6F,0x20,0x1E,0x22,0x02,0xFF,0x20,0x1F,
    0x23,0x01,0xFF,0x32,0x1E,0xED,0x02,0xFF,0x2D,0x19,0xED,0x01,0xFF,0x81,0x75,0xF4,
    0x01,0xFF,0xFF,0xFF,0xFF,0x01,0xFF,0xFD,0xFC,0xFF,0x01,0xFF,0x59,0x4A,0xF1,0x01,
    0xFF,0x2D,0x19,0xED,0x01,0xFF,0x55,0x44,0xF0,0x01,0xFF,0xFC,0xFB,0xFF,0x06,0xFF,
    0xFF,0xFF,0xFF,0x01,0xFF,0xB2,0xAA,0xF8,0x02,0xFF,0x2D,0x19,0xED,0x01,0xFF,0xB4,
    0xAD,0xF9,0x06,0xFF,0xFF,0xFF,0xFF,0x01,0xFF,0xFC,0xFB,0xFF,0x01,0xFF,0x55,0x45,
    0xF0,0x01,0xFF,0x2D,0x19,0xED,0x01,0xFD,0x2D,0x1A,0xED,0x01,0x35,0x2B,0x18,0xEC,
    0x04,0x00,0x00,0x00,0x00,0x01,0x19,0x1F,0x1F,0x1F,0x02,0xFF,0x20,0x1F,0x23,0x01,
    0x8E,0x20,0x1F,0x22,0x01,0x00,0x00,0x00,0x00,0x01,0xBC,0x21,0x1F,0x23,0x02,0xFF,
    0x20,0x1F,0x23,0x01,0xA0,0x20,0x1E,0x23,0x02,0xFF,0x20,0x1F,0x23,0x01,0x98,0x20,
    0x1E,0x23,0x01,0x00,0x00,0x00,0x00,0x01,0xAB,0x1F,0x1F,0x22,0x01,0xFF,0x20,0x1F,
    0x23,0x01,0xEC,0x20,0x1F,0x23,0x02,0x00,0x00,0x00,0x00,0x02,0xFF,0x20,0x1F,0x23,
    0x01,0x94,0x21,0x1F,0x22,0x01,0x00,0x00,0x00,0x00,0x02,0xFF,0x20,0x1F,0x23,0x01,
    0x68,0x20,0x20,0x22,0x08,0x00,0x00,0x00,0x00,0x01,0xA1,0x20,0x20,0x23,0x01,0xFF,
    0x20,0x1F,0x23,0x01,0xD7,0x20,0x1F,0x24,0x04,0x77,0x20,0x1E,0x22,0x01,0xB3,0x1F,
    0x1F,0x24,0x01,0xFF,0x20,0x1F,0x23,0x01,0xF2,0x20,0x1F,0x23,0x01,0x05,0x33,0x33,
    0x33,0x01,0x74,0x21,0x1F,0x23,0x01,0xFF,0x20,0x1F,0x23,0x01,0xF2,0x20,0x1F,0x23,
    0x05,0x00,0x00,0x00,0x00,0x01,0x61,0x20,0x20,0x22,0x02,0xFF,0x20,0x1F,0x23,0x01,
    0x07,0x24,0x24,0x24,0x01,0xB3,0x1F,0x1F,0x24,0x01,0xFF,0x20,0x1F,0x23,0x01,0xB2,
    0x20,0x20,0x22,0x08,0x00,0x00,0x00,0x00,0x01,0x5E,0x21,0x1E,0x23,0x09,0xFF,0x20,
    0x1F,0x23,0x01,0x40,0x20,0x20,0x24,0x01,0x18,0x20,0x20,0x20,0x02,0xFF,0x20,0x1F,
    0x23,0x01,0x7B,0x1F,0x1F,0x23,0x01,0x00,0x00,0x00,0x00,0x01,0xFE,0x20,0x1F,0x23,
    0x01,0xFF,0x20,0x1F,0x23,0x01,0x9B,0x1F,0x1F,0x23,0x04,0x66,0x21,0x1E,0x23,0x01,
    0xCA,0x20,0x20,0x23,0x01,0xFF,0x20,0x1F,0x23,0x01,0xF1,0x20,0x1F,0x23,0x01,0xFF,
    0x36,0x23,0xEE,0x01,0xFF,0x2D,0x19,0xED,0x01,0xFF,0x4A,0x39,0xEF,0x01,0xFF,0xF4,
    0xF3,0xFE,0x02,0xFF,0xFF,0xFF,0xFF,0x01,0xFF,0xD9,0xD6,0xFC,0x01,0xFF,0x31,0x1E,
    0xED,0x01,0xFF,0x2D,0x19,0xED,0x01,0xFF,0xA0,0x97,0xF7,0x07,0xFF,0xFF,0xFF,0xFF,
    0x01,0xFF,0x64,0x55,0xF2,0x01,0xFF,0x2D,0x19,0xED,0x01,0xFF,0x3D,0x2B,0xEE,0x01,
    0xFF,0xEF,0xED,0xFE,0x06,0xFF,0xFF,0xFF,0xFF,0x01,0xFF,0xD3,0xCF,0xFB,0x01,0xFF,
    0x2F,0x1C,0xED,0x01,0xFF,0x2D,0x19,0xED,0x01,0xD6,0x32,0x1E,0xED,0x01,0x05,0x33,
    0x00,0xFF,0x03,0x00,0x00,0x00,0x00,0x01,0x34,0x22,0x1D,0x22,0x02,0xFF,0x20,0x1F,
    0x23,0x01,0x77,0x20,0x1E,0x22,0x01,0x00,0x00,0x00,0x00,0x01,0x5C,0x21,0x1E,0x24,
    0x05,0xFF,0x20,0x1F,0x23,0x01,0x36,0x21,0x21,0x21,0x01,0x00,0x00,0x00,0x00,0x01,
    0x96,0x20,0x1F,0x24,0x02,0xFF,0x20,0x1F,0x23,0x01,0x09,0x1C,0x1C,0x1C,0x01,0x00,
    0x00,0x00,0x00,0x02,0xFF,0x20,0x1F,0x23,0x01,0x94,0x21,0x1F,0x22,0x01,0x00,0x00,
    0x00,0x00,0x02,0xFF,0x20,0x1F,0x23,0x01,0x6B,0x1F,0x1F,0x24,0x08,0x00,0x00,0x00,
    0x00,0x01,0xA1,0x20,0x20,0x23,0x07,0xFF,0x20,0x1F,0x23,0x01,0xFA,0x20,0x1F,0x23,
    0x01,0x5C,0x21,0x1E,0x24,0x01,0x00,0x00,0x00,0x00,0x01,0x74,0x21,0x1F,0x23,0x01,
    0xFF,0x20,0x1F,0x23,0x01,0xF6,0x20,0x1F,0x23,0x05,0x00,0x00,0x00,0x00,0x01,0x65,
    0x21,0x1E,0x23,0x02,0xFF,0x20,0x1F,0x23,0x01,0x07,0x24,0x24,0x24,0x01,0xB3,0x1F,
    0x1F,0x24,0x01,0xFF,0x20,0x1F,0x23,0x01,0xB6,0x20,0x1F,0x23,0x08,0x00,0x00,0x00,
    0x00,0x01,0x5E,0x21,0x1E,0x23,0x09,0xFF,0x20,0x1F,0x23,0x01,0x40,0x20,0x20,0x24,
    0x01,0x18,0x20,0x20,0x20,0x02,0xFF,0x20,0x1F,0x23,0x01,0x7B,0x1F,0x1F,0x23,0x01,
    0x00,0x00,0x00,0x00,0x01,0xFE,0x20,0x1F,0x23,0x08,0xFF,0x20,0x1F,0x23,0x01,0xC5,
    0x20,0x1F,0x23,0x01,0xFC,0x40,0x2E,0xEF,0x01,0xFF,0x30,0x1D,0xED,0x01,0xFF,0xD2,
    0xCD,0xFB,0x04,0xFF,0xFF,0xFF,0xFF,0x01,0xFF,0x8D,0x83,0xF5,0x01,0xFF,0x2D,0x19,
    0xED,0x01,0xFF,0x36,0x23,0xEE,0x01,0xFF,0xE5,0xE2,0xFD,0x06,0xFF,0xFF,0xFF,0xFF,
    0x01,0xFF,0xE0,0xDD,0xFC,0x01,0xFF,0x33,0x1F,0xED,0x01,0xFF,0x2D,0x19,0xED,0x01,
    0xFF,0x7F,0x73,0xF4,0x07,0xFF,0xFF,0xFF,0xFF,0x01,0xFF,0x86,0x7A,0xF5,0x02,0xFF,
    0x2D,0x19,0xED,0x01,0x32,0x2E,0x1A,0xEB,0x03,0x00,0x00,0x00,0x00,0x01,0x4F,0x20,
    0x20,0x24,0x02,0xFF,0x20,0x1F,0x23,0x01,0x61,0x20,0x20,0x22,0x01,0x00,0x00,0x00,
    0x00,0x01,0x09,0x1C,0x1C,0x1C,0x01,0xEF,0x20,0x1F,0x23,0x03,0xFF,0x20,0x1F,0x23,
    0x01,0xD4,0x20,0x1F,0x23,0x02,0x00,0x00,0x00,0x00,0x01,0x82,0x1F,0x1F,0x23,0x02,
    0xFF,0x20,0x1F,0x23,0x01,0x23,0x1D,0x1D,0x24,0x01,0x00,0x00,0x00,0x00,0x02,0xFF,
    0x20,0x1F,0x23,0x01,0x94,0x21,0x1F,0x22,0x01,0x00,0x00,0x00,0x00,0x01,0xF9,0x20,
    0x1F,0x23,0x01,0xFF,0x20,0x1F,0x23,0x01,0x86,0x20,0x1E,0x22,0x08,0x00,0x00,0x00,
    0x00,0x01,0xA1,0x20,0x20,0x23,0x08,0xFF,0x20,0x1F,0x23,0x01,0xA5,0x20,0x1F,0x24,
    0x01,0x00,0x00,0x00,0x00,0x01,0x6D,0x21,0x1E,0x23,0x01,0xFF,0x20,0x1F,0x23,0x01,
    0xFE,0x20,0x1F,0x23,0x01,0x13,0x1B,0x1B,0x28,0x04,0x00,0x00,0x00,0x00,0x01,0x81,
    0x20,0x20,0x24,0x01,0xFF,0x20,0x1F,0x23,0x01,0xFC,0x20,0x1F,0x23,0x01,0x03,0x00,
    0x00,0x00,0x01,0xAD,0x20,0x1F,0x23,0x01,0xFF,0x20,0x1F,0x23,0x01,0xD0,0x20,0x1F,
    0x24,0x08,0x00,0x00,0x00,0x00,0x01,0x5E,0x21,0x1E,0x23,0x01,0xFF,0x20,0x1F,0x23,
    0x01,0xF9,0x20,0x1F,0x23,0x04,0x03,0x00,0x00,0x00,0x01,0x1A,0x1D,0x1D,0x27,0x02,
    0xFF,0x20,0x1F,0x23,0x01,0x40,0x20,0x20,0x24,0x01,0x18,0x20,0x20,0x20,0x02,0xFF,
    0x20,0x1F,0x23,0x01,0x7B,0x1F,0x1F,0x23,0x01,0x00,0x00,0x00,0x00,0x01,0xFE,0x20,
    0x1F,0x23,0x08,0xFF,0x20,0x1F,0x23,0x01,0x58,0x20,0x20,0x23,0x01,0xEF,0x57,0x47,
    0xF1,0x01,0xFF,0x96,0x8C,0xF6,0x05,0xFF,0xFF,0xFF,0xFF,0x01,0xFF,0xF7,0xF6,0xFE,
    0x01,0xFF,0x45,0x33,0xEF,0x01,0xFF,0x2D,0x19,0xED,0x01,0xFF,0x6B,0x5D,0xF2,0x07,
    0xFF,0xFF,0xFF,0xFF,0x01,0xFF,0x96,0x8C,0xF6,0x01,0xFF,0x2D,0x19,0xED,0x01,0xFF,
    0x2E,0x1A,0xED,0x01,0xFF,0xCE,0xC9,0xFB,0x06,0xFF,0xFF,0xFF,0xFF,0x01,0xFF,0xF3,
    0xF2,0xFE,0x01,0xFF,0x42,0x30,0xEF,0x01,0xFF,0x2D,0x19,0xED,0x01,0x12,0x2B,0x1C,
    0xF1,0x03,0x00,0x00,0x00,0x00,0x01,0x6A,0x1F,0x1F,0x24,0x02,0xFF,0x20,0x1F,0x23,
    0x01,0x4B,0x1F,0x1F,0x22,0x02,0x00,0x00,0x00,0x00,0x01,0x9B,0x1F,0x1F,0x23,0x03,
    0xFF,0x20,0x1F,0x23,0x01,0x73,0x1F,0x1F,0x23,0x02,0x00,0x00,0x00,0x00,0x01,0x6F,
    0x20,0x1E,0x22,0x02,0xFF,0x20,0x1F,0x23,0x01,0x3E,0x21,0x21,0x25,0x01,0x00,0x00,
    0x00,0x00,0x02,0xFF,0x20,0x1F,0x23,0x01,0x94,0x21,0x1F,0x22,0x01,0x00,0x00,0x00,
    0x00,0x01,0xDE,0x20,0x1F,0x22,0x01,0xFF,0x20,0x1F,0x23,0x01,0xF1,0x20,0x1F,0x23,
    0x01,0x88,0x20,0x20,0x24,0x05,0x77,0x20,0x1E,0x22,0x01,0x70,0x20,0x20,0x22,0x01,
    0x00,0x00,0x00,0x00,0x01,0xA1,0x20,0x20,0x23,0x01,0xFF,0x20,0x1F,0x23,0x01,0xCD,
    0x20,0x1F,0x23,0x03,0x55,0x21,0x1E,0x24,0x01,0x58,0x20,0x20,0x23,0x01,0xB5,0x20,
    0x1F,0x23,0x01,0xFF,0x20,0x1F,0x23,0x01,0xFD,0x20,0x1F,0x23,0x01,0x07,0x24,0x24,
    0x24,0x01,0x52,0x1F,0x1F,0x22,0x02,0xFF,0x20,0x1F,0x23,0x01,0xC0,0x20,0x1F,0x23,
    0x01,0x7A,0x1F,0x1F,0x24,0x02,0x77,0x20,0x1E,0x22,0x01,0x86,0x20,0x1E,0x22,0x01,
    0xEF,0x20,0x1F,0x23,0x01,0xFF,0x20,0x1F,0x23,0x01,0xE4,0x20,0x1F,0x23,0x01,0x00,
    0x00,0x00,0x00,0x01,0x93,0x1F,0x1F,0x23,0x02,0xFF,0x20,0x1F,0x23,0x01,0x9D,0x20,
    0x1F,0x24,0x06,0x77,0x20,0x1E,0x22,0x01,0x1D,0x23,0x23,0x23,0x01,0x5E,0x21,0x1E,
    0x23,0x01,0xFF,0x20,0x1F,0x23,0x01,0xF9,0x20,0x1F,0x23,0x04,0x00,0x00,0x00,0x00,
    0x01,0x18,0x20,0x20,0x20,0x02,0xFF,0x20,0x1F,0x23,0x01,0x40,0x20,0x20,0x24,0x01,
    0x18,0x20,0x20,0x20,0x02,0xFF,0x20,0x1F,0x23,0x01,0x7B,0x1F,0x1F,0x23,0x01,0x00,
    0x00,0x00,0x00,0x01,0xFE,0x20,0x1F,0x23,0x01,0xFF,0x20,0x1F,0x23,0x01,0xA6,0x20,
    0x1F,0x23,0x05,0x77,0x20,0x1E,0x22,0x01,0x48,0x20,0x20,0x23,0x01,0x00,0x00,0x00,
    0x00,0x01,0xAF,0x9A,0x90,0xF6,0x01,0xFF,0xFC,0xFB,0xFF,0x06,0xFF,0xFF,0xFF,0xFF,
    0x01,0xFF,0x80,0x74,0xF4,0x02,0xFF,0x2D,0x19,0xED,0x01,0xFF,0xB9,0xB2,0xF9,0x06,
    0xFF,0xFF,0xFF,0xFF,0x01,0xFF,0xF9,0xF9,0xFF,0x01,0xFF,0x4D,0x3C,0xF0,0x01,0xFF,
    0x2D,0x19,0xED,0x01,0xFF,0x50,0x3F,0xF0,0x01,0xFF,0xFA,0xFA,0xFF,0x06,0xFF,0xFF,
    0xFF,0xFF,0x01,0xFF,0xBA,0xB3,0xF9,0x01,0xEF,0x45,0x34,0xEF,0x04,0x00,0x00,0x00,
    0x00,0x01,0x84,0x21,0x1F,0x23,0x02,0xFF,0x20,0x1F,0x23,0x01,0x36,0x21,0x21,0x21,
    0x02,0x00,0x00,0x00,0x00,0x01,0x30,0x20,0x20,0x25,0x01,0xFB,0x1F,0x1F,0x23,0x01,
    0xFF,0x20,0x1F,0x23,0x01,0xED,0x20,0x1F,0x24,0x01,0x15,0x24,0x24,0x24,0x02,0x00,
    0x00,0x00,0x00,0x01,0x5A,0x1F,0x1F,0x22,0x02,0xFF,0x20,0x1F,0x23,0x01,0x59,0x20,
    0x20,0x22,0x01,0x00,0x00,0x00,0x00,0x02,0xFF,0x20,0x1F,0x23,0x01,0x94,0x21,0x1F,
    0x22,0x01,0x00,0x00,0x00,0x00,0x01,0xB3,0x1F,0x1F,0x24,0x08,0xFF,0x20,0x1F,0x23,
    0x01,0xE9,0x20,0x1F,0x23,0x01,0x00,0x00,0x00,0x00,0x01,0xA1,0x20,0x20,0x23,0x01,
    0xFF,0x20,0x1F,0x23,0x01,0xB4,0x21,0x1F,0x23,0x04,0x00,0x00,0x00,0x00,0x01,0x46,
    0x21,0x21,0x24,0x02,0xFF,0x20,0x1F,0x23,0x01,0x19,0x1F,0x1F,0x1F,0x01,0x28,0x20,
    0x20,0x20,0x09,0xFF,0x20,0x1F,0x23,0x01,0xB8,0x20,0x1E,0x23,0x01,0x00,0x00,0x00,
    0x00,0x01,0x69,0x20,0x20,0x22,0x09,0xFF,0x20,0x1F,0x23,0x01,0x36,0x21,0x21,0x21,
    0x01,0x5E,0x21,0x1E,0x23,0x01,0xFF,0x20,0x1F,0x23,0x01,0xF9,0x20,0x1F,0x23,0x04,
    0x00,0x00,0x00,0x00,0x01,0x18,0x20,0x20,0x20,0x02,0xFF,0x20,0x1F,0x23,0x01,0x40,
    0x20,0x20,0x24,0x01,0x18,0x20,0x20,0x20,0x02,0xFF,0x20,0x1F,0x23,0x01,0x7B,0x1F,
    0x1F,0x23,0x01,0x00,0x00,0x00,0x00,0x01,0xFE,0x20,0x1F,0x23,0x01,0xFF,0x20,0x1F,
    0x23,0x01,0x58,0x20,0x20,0x23,0x07,0x00,0x00,0x00,0x00,0x01,0x3E,0xFF,0xFF,0xFF,
    0x06,0xFF,0xFF,0xFF,0xFF,0x01,0xFF,0xF8,0xF7,0xFE,0x01,0xFF,0x4A,0x39,0xEF,0x02,
    0xFF,0x2D,0x19,0xED,0x01,0xFF,0x42,0x30,0xEF,0x01,0xFF,0xF3,0xF1,0xFE,0x06,0xFF,
    0xFF,0xFF,0xFF,0x01,0xFF,0xB5,0xAE,0xF9,0x02,0xFF,0x2D,0x19,0xED,0x01,0xFF,0x9A,
    0x90,0xF6,0x07,0xFF,0xFF,0xFF,0xFF,0x01,0x80,0xAB,0xA3,0xF7,0x04,0x00,0x00,0x00,
    0x00,0x01,0x9F,0x20,0x1E,0x23,0x02,0xFF,0x20,0x1F,0x23,0x01,0x20,0x20,0x20,0x20,
    0x03,0x00,0x00,0x00,0x00,0x01,0x53,0x1F,0x1F,0x22,0x01,0xA2,0x1F,0x1F,0x23,0x01,
    0x3D,0x21,0x1D,0x21,0x03,0x00,0x00,0x00,0x00,0x01,0x46,0x21,0x21,0x24,0x02,0xFF,
    0x20,0x1F,0x23,0x01,0x74,0x21,0x1F,0x23,0x01,0x00,0x00,0x00,0x00,0x02,0xFF,0x20,
    0x1F,0x23,0x01,0x94,0x21,0x1F,0x22,0x01,0x00,0x00,0x00,0x00,0x01,0x36,0x21,0x21,
    0x21,0x01,0xF2,0x20,0x1F,0x23,0x07,0xFF,0x20,0x1F,0x23,0x01,0xAB,0x1F,0x1F,0x22,
    0x01,0x00,0x00,0x00,0x00,0x01,0xA1,0x20,0x20,0x23,0x01,0xFF,0x20,0x1F,0x23,0x01,
    0xB4,0x21,0x1F,0x23,0x04,0x00,0x00,0x00,0x00,0x01,0x3D,0x21,0x1D,0x21,0x02,0xFF,
    0x20,0x1F,0x23,0x01,0x1B,0x1C,0x1C,0x26,0x01,0x00,0x00,0x00,0x00,0x01,0x9D,0x20,
    0x1F,0x24,0x07,0xFF,0x20,0x1F,0x23,0x01,0xF3,0x1F,0x1F,0x23,0x01,0x39,0x1F,0x1F,
    0x24,0x01,0x00,0x00,0x00,0x00,0x01,0x0D,0x27,0x27,0x27,0x01,0xD4,0x20,0x1F,0x23,
    0x07,0xFF,0x20,0x1F,0x23,0x01,0xF0,0x20,0x1F,0x23,0x01,0x09,0x1C,0x1C,0x1C,0x01,
    0x5E,0x21,0x1E,0x23,0x01,0xFF,0x20,0x1F,0x23,0x01,0xF9,0x20,0x1F,0x23,0x04,0x00,
    0x00,0x00,0x00,0x01,0x18,0x20,0x20,0x20,0x02,0xFF,0x20,0x1F,0x23,0x01,0x40,0x20,
    0x20,0x24,0x01,0x18,0x20,0x20,0x20,0x02,0xFF,0x20,0x1F,0x23,0x01,0x7B,0x1F,0x1F,
    0x23,0x01,0x00,0x00,0x00,0x00,0x01,0xFE,0x20,0x1F,0x23,0x01,0xFF,0x20,0x1F,0x23,
    0x01,0x58,0x20,0x20,0x23,0x07,0x00,0x00,0x00,0x00,0x01,0x01,0xFF,0xFF,0xFF,0x01,
    0xDB,0xFF,0xFF,0xFF,0x05,0xFF,0xFF,0xFF,0xFF,0x01,0xFF,0x86,0x7A,0xF5,0x04,0xFF,
    0x2D,0x19,0xED,0x01,0xFF,0x84,0x79,0xF4,0x05,0xFF,0xFF,0xFF,0xFF,0x01,0xFF,0xFC,
    0xFB,0xFF,0x01,0xFF,0x5A,0x4B,0xF1,0x02,0xFF,0x2D,0x19,0xED,0x01,0xFF,0x33,0x1F,
    0xED,0x01,0xFF,0xDF,0xDC,0xFC,0x05,0xFF,0xFF,0xFF,0xFF,0x01,0xEC,0xFF,0xFF,0xFF,
    0x01,0x0A,0xFF,0xFF,0xFF,0x04,0x00,0x00,0x00,0x00,0x01,0x3B,0x1E,0x1E,0x23,0x02,
    0x55,0x21,0x1E,0x24,0x01,0x06,0x2B,0x2B,0x2B,0x09,0x00,0x00,0x00,0x00,0x01,0x13,
    0x1B,0x1B,0x28,0x02,0x55,0x21,0x1E,0x24,0x01,0x2C,0x23,0x1D,0x23,0x01,0x00,0x00,
    0x00,0x00,0x02,0x50,0x20,0x20,0x23,0x01,0x2E,0x21,0x21,0x21,0x02,0x00,0x00,0x00,
    0x00,0x01,0x17,0x21,0x21,0x21,0x01,0x53,0x1F,0x1F,0x22,0x01,0x71,0x20,0x20,0x24,
    0x03,0x77,0x20,0x1E,0x22,0x01,0x70,0x20,0x20,0x22,0x01,0x4E,0x21,0x1D,0x24,0x01,
    0x0A,0x1A,0x1A,0x1A,0x01,0x00,0x00,0x00,0x00,0x01,0x36,0x21,0x21,0x21,0x01,0x55,
    0x21,0x1E,0x24,0x01,0x3C,0x22,0x1E,0x22,0x04,0x00,0x00,0x00,0x00,0x01,0x14,0x26,
    0x1A,0x26,0x02,0x55,0x21,0x1E,0x24,0x01,0x09,0x1C,0x1C,0x1C,0x02,0x00,0x00,0x00,
    0x00,0x01,0x39,0x1F,0x1F,0x24,0x01,0x62,0x1F,0x1F,0x22,0x03,0x77,0x20,0x1E,0x22,
    0x01,0x72,0x1F,0x1F,0x24,0x01,0x54,0x21,0x1E,0x24,0x01,0x19,0x1F,0x1F,0x1F,0x03,
    0x00,0x00,0x00,0x00,0x01,0x09,0x1C,0x1C,0x1C,0x01,0x4C,0x22,0x1E,0x22,0x01,0x6F,
    0x20,0x1E,0x22,0x04,0x77,0x20,0x1E,0x22,0x01,0x5E,0x21,0x1E,0x23,0x01,0x20,0x20,
    0x20,0x20,0x01,0x00,0x00,0x00,0x00,0x01,0x1D,0x23,0x23,0x23,0x01,0x50,0x20,0x20,
    0x23,0x01,0x4D,0x21,0x1E,0x24,0x04,0x00,0x00,0x00,0x00,0x01,0x07,0x24,0x24,0x24,
    0x02,0x50,0x20,0x20,0x23,0x01,0x14,0x26,0x1A,0x26,0x01,0x07,0x24,0x24,0x24,0x02,
    0x50,0x20,0x20,0x23,0x01,0x26,0x22,0x22,0x22,0x01,0x00,0x00,0x00,0x00,0x02,0x55,
    0x21,0x1E,0x24,0x01,0x1D,0x23,0x23,0x23,0x08,0x00,0x00,0x00,0x00,0x01,0x5B,0xFF,
    0xFF,0xFF,0x04,0xFF,0xFF,0xFF,0xFF,0x01,0xFF,0xC5,0xBF,0xFA,0x01,0xFF,0x2E,0x1A,
    0xED,0x04,0xFF,0x2D,0x19,0xED,0x01,0xFF,0x2F,0x1B,0xED,0x01,0xFF,0xCF,0xCB,0xFB,
    0x04,0xFF,0xFF,0xFF,0xFF,0x01,0xFF,0x99,0x8F,0xF6,0x04,0xFF,0x2D,0x19,0xED,0x01,
    0xFF,0x63,0x54,0xF2,0x01,0xFF,0xFE,0xFE,0xFF,0x04,0xFF,0xFF,0xFF,0xFF,0x01,0x83,
    0xFF,0xFF,0xFF,0x63,0x00,0x00,0x00,0x00,0x01,0x01,0xFF,0xFF,0xFF,0x01,0xC8,0xFF,
    0xFF,0xFF,0x02,0xFF,0xFF,0xFF,0xFF,0x01,0xFF,0xEE,0xEC,0xFE,0x01,0xFF,0x41,0x2F,
    0xEF,0x06,0xFF,0x2D,0x19,0xED,0x01,0xFF,0x51,0x41,0xF0,0x01,0xFF,0xFB,0xFA,0xFF,
    0x02,0xFF,0xFF,0xFF,0xFF,0x01,0xFF,0xD8,0xD5,0xFC,0x01,0xFF,0x32,0x1E,0xED,0x05,
    0xFF,0x2D,0x19,0xED,0x01,0xFF,0xB5,0xAE,0xF9,0x03,0xFF,0xFF,0xFF,0xFF,0x01,0xE4,
    0xFF,0xFF,0xFF,0x01,0x11,0xFF,0xFF,0xFF,0x64,0x00,0x00,0x00,0x00,0x01,0x31,0xFF,
    0xFF,0xFF,0x01,0xF5,0xFF,0xFF,0xFF,0x01,0xFF,0xFE,0xFE,0xFF,0x01,0xFF,0x6A,0x5C,
    0xF2,0x08,0xFF,0x2D,0x19,0xED,0x01,0xFF,0x9B,0x92,0xF6,0x01,0xFF,0xFF,0xFF,0xFF,
    0x01,0xFF,0xF7,0xF6,0xFE,0x01,0xFF,0x54,0x43,0xF0,0x06,0xFF,0x2D,0x19,0xED,0x01,
    0xFF,0x40,0x2E,0xEF,0x01,0xFF,0xF1,0xF0,0xFE,0x01,0xFF,0xFF,0xFF,0xFF,0x01,0xFE,
    0xFF,0xFF,0xFF,0x01,0x46,0xFF,0xFF,0xFF,0x66,0x00,0x00,0x00,0x00,0x01,0x50,0xFF,
    0xFF,0xFF,0x01,0xFE,0xA6,0x9E,0xF7,0x09,0xFF,0x2D,0x19,0xED,0x01,0xFF,0x2F,0x1C,
    0xED,0x01,0xFF,0x86,0x7A,0xF5,0x01,0xFF,0x59,0x4A,0xF1,0x08,0xFF,0x2D,0x19,0xED,
    0x01,0xFF,0x80,0x74,0xF4,0x01,0xFF,0xFF,0xFF,0xFF,0x01,0x7E,0xFF,0xFF,0xFF,0x68,
    0x00,0x00,0x00,0x00,0x01,0xB2,0x6A,0x5C,0xF2,0x14,0xFF,0x2D,0x19,0xED,0x01,0xFF,
    0x2E,0x1A,0xED,0x01,0x99,0xC1,0xBB,0xFA,0x6A,0x00,0x00,0x00,0x00,0x01,0x92,0x65,
    0x56,0xF1,0x01,0xFF,0x31,0x1E,0xED,0x11,0xFF,0x2D,0x19,0xED,0x01,0xFF,0x31,0x1E,
    0xED,0x01,0xAB,0x74,0x67,0xF3,0x6C,0x00,0x00,0x00,0x00,0x01,0x4C,0x6F,0x61,0xF2,
    0x01,0xEF,0x4A,0x37,0xEF,0x0F,0xFF,0x2D,0x19,0xED,0x01,0xF5,0x49,0x37,0xEF,0x01,
    0x5B,0x76,0x68,0xF4,0x6E,0x00,0x00,0x00,0x00,0x01,0x03,0x55,0x00,0xFF,0x01,0x7A,
    0x60,0x52,0xF2,0x01,0xEF,0x4A,0x39,0xEF,0x0B,0xFF,0x2D,0x19,0xED,0x01,0xF4,0x45,
    0x33,0xEF,0x01,0x85,0x6F,0x62,0xF3,0x01,0x02,0x00,0x00,0xFF,0x72,0x00,0x00,0x00,
    0x00,0x01,0x34,0x4A,0x36,0xF0,0x01,0x9F,0x62,0x53,0xF2,0x01,0xDD,0x58,0x48,0xF1,
    0x01,0xF5,0x45,0x33,0xEF,0x01,0xFC,0x37,0x24,0xEE,0x01,0xFF,0x2D,0x19,0xED,0x01,
    0xFC,0x36,0x22,0xEE,0x01,0xF5,0x42,0x30,0xEE,0x01,0xE2,0x53,0x43,0xF0,0x01,0xAA,
    0x62,0x53,0xF2,0x01,0x46,0x5B,0x49,0xF0,0x01,0x01,0x00,0x00,0xFF,0x6A,0x00,0x00,
    0x00,0x00,
};

leImage microchip_logo_black =
{
    {
        LE_STREAM_LOCATION_ID_INTERNAL, // data location id
        (void*)microchip_logo_black_data, // data variable pointer
        5602, // data size
    },
    LE_IMAGE_FORMAT_RLE,
    {
        LE_COLOR_MODE_RGBA_8888,
        {
            128,
            30
        },
        3840,
        5602,
        (void*)microchip_logo_black_data, // data variable pointer
        0, // flags
    },
    0, // image flags
    {
        0x0, // color mask
    },
    NULL, // alpha mask
    NULL, // palette
};

/*********************************
 * Legato Image Asset
 * Name:   zoom_in
 * Size:   64x64 pixels
 * Mode:   RGBA_8888
 ***********************************/

const uint8_t zoom_in_data[3464] =
{
    0x02,0x04,0x55,0x01,0x00,0x00,0x00,0x00,0x01,0x00,0x02,0x00,0x00,0x80,0x01,0x00,
    0x2F,0x31,0x36,0xAE,0x01,0x00,0x6F,0x2E,0x33,0xB1,0x01,0x00,0x95,0x30,0x33,0xB4,
    0x01,0x00,0xB2,0x2E,0x32,0xB3,0x01,0x00,0xCF,0x2F,0x33,0xB3,0x01,0x00,0xDB,0x2F,
    0x33,0xB2,0x02,0x00,0xD3,0x2F,0x33,0xB3,0x01,0x00,0xBE,0x2F,0x33,0xB3,0x01,0x00,
    0x98,0x2F,0x32,0xB4,0x01,0x00,0x6F,0x2E,0x33,0xB1,0x01,0x00,0x42,0x2E,0x32,0xB2,
    0x01,0x00,0x08,0x20,0x40,0xBF,0x30,0x00,0x00,0x00,0x00,0x00,0x01,0x00,0x39,0x31,
    0x31,0xB3,0x01,0x00,0xA2,0x2F,0x32,0xB3,0x01,0x00,0xEA,0x2F,0x33,0xB3,0x0C,0x00,
    0xFF,0x2F,0x33,0xB3,0x01,0x00,0xF2,0x2F,0x33,0xB3,0x01,0x00,0xA5,0x2E,0x33,0xB3,
    0x01,0x00,0x50,0x30,0x33,0xB3,0x01,0x00,0x06,0x2B,0x2B,0xAA,0x2A,0x00,0x00,0x00,
    0x00,0x00,0x01,0x00,0x01,0x00,0x00,0xFF,0x01,0x00,0x57,0x2F,0x32,0xB3,0x01,0x00,
    0xC9,0x2F,0x33,0xB3,0x12,0x00,0xFF,0x2F,0x33,0xB3,0x01,0x00,0xE2,0x2F,0x33,0xB3,
    0x01,0x00,0x6E,0x2E,0x33,0xB3,0x01,0x00,0x08,0x20,0x40,0xBF,0x27,0x00,0x00,0x00,
    0x00,0x00,0x01,0x00,0x28,0x2D,0x33,0xB3,0x01,0x00,0xC0,0x2E,0x32,0xB3,0x16,0x00,
    0xFF,0x2F,0x33,0xB3,0x01,0x00,0xDC,0x30,0x33,0xB3,0x01,0x00,0x4A,0x30,0x34,0xB3,
    0x24,0x00,0x00,0x00,0x00,0x00,0x01,0x00,0x01,0x00,0x00,0xFF,0x01,0x00,0x7C,0x2F,
    0x33,0xB3,0x01,0x00,0xF9,0x2F,0x33,0xB3,0x19,0x00,0xFF,0x2F,0x33,0xB3,0x01,0x00,
    0x9A,0x2E,0x33,0xB3,0x01,0x00,0x09,0x39,0x39,0xAA,0x21,0x00,0x00,0x00,0x00,0x00,
    0x01,0x00,0x08,0x20,0x40,0xBF,0x01,0x00,0xA7,0x2F,0x32,0xB3,0x1C,0x00,0xFF,0x2F,
    0x33,0xB3,0x01,0x00,0xD0,0x2F,0x33,0xB3,0x01,0x00,0x1A,0x31,0x31,0xB1,0x1F,0x00,
    0x00,0x00,0x00,0x00,0x01,0x00,0x13,0x28,0x36,0xAE,0x01,0x00,0xC5,0x2F,0x32,0xB3,
    0x1E,0x00,0xFF,0x2F,0x33,0xB3,0x01,0x00,0xE0,0x2F,0x33,0xB3,0x01,0x00,0x25,0x30,
    0x30,0xB3,0x1D,0x00,0x00,0x00,0x00,0x00,0x01,0x00,0x09,0x39,0x39,0xAA,0x01,0x00,
    0xC5,0x2F,0x32,0xB3,0x20,0x00,0xFF,0x2F,0x33,0xB3,0x01,0x00,0xE3,0x2F,0x33,0xB3,
    0x01,0x00,0x1E,0x33,0x33,0xB3,0x1B,0x00,0x00,0x00,0x00,0x00,0x01,0x00,0x01,0x00,
    0x00,0xFF,0x01,0x00,0xB0,0x2E,0x33,0xB4,0x0D,0x00,0xFF,0x2F,0x33,0xB3,0x01,0x00,
    0xDA,0x2F,0x33,0xB3,0x01,0x00,0x9E,0x2F,0x34,0xB3,0x01,0x00,0x87,0x2F,0x33,0xB3,
    0x01,0x00,0x72,0x2F,0x33,0xB3,0x01,0x00,0x6E,0x2E,0x33,0xB3,0x01,0x00,0x83,0x2F,
    0x33,0xB3,0x01,0x00,0x9A,0x2E,0x33,0xB3,0x01,0x00,0xCD,0x2F,0x33,0xB3,0x01,0x00,
    0xFE,0x2F,0x33,0xB3,0x0C,0x00,0xFF,0x2F,0x33,0xB3,0x01,0x00,0xD1,0x30,0x33,0xB3,
    0x01,0x00,0x0A,0x33,0x33,0xB3,0x1A,0x00,0x00,0x00,0x00,0x00,0x01,0x00,0x70,0x30,
    0x32,0xB4,0x0B,0x00,0xFF,0x2F,0x33,0xB3,0x01,0x00,0xEC,0x2E,0x33,0xB3,0x01,0x00,
    0x7B,0x30,0x34,0xB2,0x01,0x00,0x27,0x2E,0x34,0xB1,0x08,0x00,0x00,0x00,0x00,0x00,
    0x01,0x00,0x1B,0x2F,0x2F,0xB3,0x01,0x00,0x69,0x2E,0x33,0xB4,0x01,0x00,0xDE,0x2F,
    0x33,0xB3,0x0B,0x00,0xFF,0x2F,0x33,0xB3,0x01,0x00,0x9D,0x2F,0x32,0xB3,0x19,0x00,
    0x00,0x00,0x00,0x00,0x01,0x00,0x27,0x2E,0x34,0xB1,0x01,0x00,0xF8,0x2F,0x33,0xB3,
    0x09,0x00,0xFF,0x2F,0x33,0xB3,0x01,0x00,0xF8,0x2F,0x33,0xB3,0x01,0x00,0x85,0x30,
    0x34,0xB2,0x01,0x00,0x0F,0x33,0x33,0xBB,0x0C,0x00,0x00,0x00,0x00,0x00,0x01,0x00,
    0x06,0x2B,0x2B,0xAA,0x01,0x00,0x6E,0x2E,0x33,0xB3,0x01,0x00,0xED,0x2F,0x33,0xB3,
    0x0A,0x00,0xFF,0x2F,0x33,0xB3,0x01,0x00,0x4F,0x30,0x34,0xB2,0x18,0x00,0x00,0x00,
    0x00,0x00,0x01,0x00,0xBA,0x2F,0x33,0xB4,0x09,0x00,0xFF,0x2F,0x33,0xB3,0x01,0x00,
    0xE0,0x2F,0x33,0xB3,0x01,0x00,0x32,0x2E,0x33,0xB3,0x10,0x00,0x00,0x00,0x00,0x00,
    0x01,0x00,0x23,0x2C,0x33,0xB6,0x01,0x00,0xD5,0x2F,0x33,0xB4,0x09,0x00,0xFF,0x2F,
    0x33,0xB3,0x01,0x00,0xDF,0x2F,0x33,0xB4,0x01,0x00,0x0A,0x33,0x33,0xB3,0x16,0x00,
    0x00,0x00,0x00,0x00,0x01,0x00,0x45,0x30,0x34,0xB1,0x09,0x00,0xFF,0x2F,0x33,0xB3,
    0x01,0x00,0xD9,0x2F,0x33,0xB3,0x01,0x00,0x1D,0x2C,0x35,0xB0,0x07,0x00,0x00,0x00,
    0x00,0x00,0x01,0x00,0x3D,0x43,0xAB,0xA7,0x02,0x00,0x77,0x45,0xA9,0xA5,0x01,0x00,
    0x51,0x45,0xAA,0xA7,0x07,0x00,0x00,0x00,0x00,0x00,0x01,0x00,0x0F,0x33,0x33,0xBB,
    0x01,0x00,0xBD,0x2F,0x33,0xB3,0x09,0x00,0xFF,0x2F,0x33,0xB3,0x01,0x00,0x74,0x2E,
    0x33,0xB2,0x16,0x00,0x00,0x00,0x00,0x00,0x01,0x00,0xBD,0x2F,0x33,0xB3,0x08,0x00,
    0xFF,0x2F,0x33,0xB3,0x01,0x00,0xE3,0x2F,0x33,0xB3,0x01,0x00,0x1E,0x33,0x33,0xB3,
    0x08,0x00,0x00,0x00,0x00,0x00,0x01,0x00,0xF4,0x44,0xAA,0xA6,0x03,0x00,0xFF,0x44,
    0xAA,0xA6,0x01,0x00,0x1C,0x40,0xAD,0xA4,0x07,0x00,0x00,0x00,0x00,0x00,0x01,0x00,
    0x0E,0x37,0x37,0xB6,0x01,0x00,0xD5,0x2F,0x33,0xB4,0x08,0x00,0xFF,0x2F,0x33,0xB3,
    0x01,0x00,0xE6,0x2F,0x33,0xB3,0x01,0x00,0x08,0x20,0x40,0xBF,0x14,0x00,0x00,0x00,
    0x00,0x00,0x01,0x00,0x2A,0x31,0x31,0xB0,0x08,0x00,0xFF,0x2F,0x33,0xB3,0x01,0x00,
    0xFB,0x2F,0x33,0xB3,0x01,0x00,0x39,0x31,0x31,0xB3,0x09,0x00,0x00,0x00,0x00,0x00,
    0x04,0x00,0xFF,0x44,0xAA,0xA6,0x01,0x00,0x26,0x43,0xA8,0xA8,0x08,0x00,0x00,0x00,
    0x00,0x00,0x01,0x00,0x22,0x2D,0x35,0xB4,0x01,0x00,0xEC,0x2E,0x33,0xB3,0x08,0x00,
    0xFF,0x2F,0x33,0xB3,0x01,0x00,0x5D,0x2F,0x34,0xB2,0x14,0x00,0x00,0x00,0x00,0x00,
    0x01,0x00,0x88,0x2F,0x33,0xB2,0x08,0x00,0xFF,0x2F,0x33,0xB3,0x01,0x00,0x95,0x2E,
    0x33,0xB4,0x0A,0x00,0x00,0x00,0x00,0x00,0x04,0x00,0xFF,0x44,0xAA,0xA6,0x01,0x00,
    0x26,0x43,0xA8,0xA8,0x09,0x00,0x00,0x00,0x00,0x00,0x01,0x00,0x6A,0x30,0x33,0xB2,
    0x08,0x00,0xFF,0x2F,0x33,0xB3,0x01,0x00,0xB9,0x2F,0x33,0xB3,0x14,0x00,0x00,0x00,
    0x00,0x00,0x01,0x00,0xDC,0x30,0x33,0xB3,0x07,0x00,0xFF,0x2F,0x33,0xB3,0x01,0x00,
    0xF3,0x2F,0x33,0xB3,0x01,0x00,0x18,0x2B,0x35,0xB5,0x0A,0x00,0x00,0x00,0x00,0x00,
    0x04,0x00,0xFF,0x44,0xAA,0xA6,0x01,0x00,0x26,0x43,0xA8,0xA8,0x09,0x00,0x00,0x00,
    0x00,0x00,0x01,0x00,0x05,0x33,0x33,0xCC,0x01,0x00,0xDA,0x2F,0x33,0xB3,0x07,0x00,
    0xFF,0x2F,0x33,0xB3,0x01,0x00,0xFC,0x2F,0x33,0xB3,0x01,0x00,0x11,0x2D,0x2D,0xB4,
    0x12,0x00,0x00,0x00,0x00,0x00,0x01,0x00,0x18,0x35,0x35,0xB5,0x08,0x00,0xFF,0x2F,
    0x33,0xB3,0x01,0x00,0x8E,0x2F,0x32,0xB4,0x0B,0x00,0x00,0x00,0x00,0x00,0x04,0x00,
    0xFF,0x44,0xAA,0xA6,0x01,0x00,0x26,0x43,0xA8,0xA8,0x0A,0x00,0x00,0x00,0x00,0x00,
    0x01,0x00,0x63,0x2E,0x34,0xB2,0x08,0x00,0xFF,0x2F,0x33,0xB3,0x01,0x00,0x50,0x30,
    0x33,0xB3,0x12,0x00,0x00,0x00,0x00,0x00,0x01,0x00,0x48,0x32,0x32,0xB5,0x08,0x00,
    0xFF,0x2F,0x33,0xB3,0x01,0x00,0x3C,0x2F,0x33,0xB3,0x0B,0x00,0x00,0x00,0x00,0x00,
    0x04,0x00,0xFF,0x44,0xAA,0xA6,0x01,0x00,0x26,0x43,0xA8,0xA8,0x0A,0x00,0x00,0x00,
    0x00,0x00,0x01,0x00,0x15,0x31,0x31,0xB6,0x01,0x00,0xFC,0x2F,0x33,0xB3,0x07,0x00,
    0xFF,0x2F,0x33,0xB3,0x01,0x00,0x8D,0x2F,0x33,0xB3,0x12,0x00,0x00,0x00,0x00,0x00,
    0x01,0x00,0x69,0x2E,0x33,0xB4,0x07,0x00,0xFF,0x2F,0x33,0xB3,0x01,0x00,0xEC,0x2E,
    0x33,0xB3,0x01,0x00,0x03,0x55,0x55,0xAA,0x0B,0x00,0x00,0x00,0x00,0x00,0x04,0x00,
    0xFF,0x44,0xAA,0xA6,0x01,0x00,0x26,0x43,0xA8,0xA8,0x0B,0x00,0x00,0x00,0x00,0x00,
    0x01,0x00,0xC6,0x2E,0x34,0xB3,0x07,0x00,0xFF,0x2F,0x33,0xB3,0x01,0x00,0xB5,0x2E,
    0x33,0xB3,0x12,0x00,0x00,0x00,0x00,0x00,0x01,0x00,0x87,0x2F,0x33,0xB3,0x07,0x00,
    0xFF,0x2F,0x33,0xB3,0x01,0x00,0xB8,0x2F,0x33,0xB3,0x04,0x00,0x00,0x00,0x00,0x00,
    0x01,0x00,0x14,0x40,0xA6,0xA6,0x07,0x00,0x22,0x44,0xAD,0xA5,0x04,0x00,0xFF,0x44,
    0xAA,0xA6,0x01,0x00,0x43,0x45,0xAB,0xA7,0x06,0x00,0x22,0x44,0xAD,0xA5,0x01,0x00,
    0x1A,0x45,0xA7,0xA7,0x04,0x00,0x00,0x00,0x00,0x00,0x01,0x00,0x90,0x30,0x33,0xB3,
    0x07,0x00,0xFF,0x2F,0x33,0xB3,0x01,0x00,0xDA,0x2F,0x33,0xB3,0x12,0x00,0x00,0x00,
    0x00,0x00,0x01,0x00,0x96,0x2E,0x33,0xB3,0x07,0x00,0xFF,0x2F,0x33,0xB3,0x01,0x00,
    0xA0,0x2E,0x33,0xB3,0x03,0x00,0x00,0x00,0x00,0x00,0x01,0x00,0x23,0x42,0xA8,0xA8,
    0x01,0x00,0xF9,0x44,0xAA,0xA6,0x13,0x00,0xFF,0x44,0xAA,0xA6,0x01,0x00,0x4F,0x44,
    0xAB,0xA5,0x03,0x00,0x00,0x00,0x00,0x00,0x01,0x00,0x7A,0x2E,0x32,0xB4,0x07,0x00,
    0xFF,0x2F,0x33,0xB3,0x01,0x00,0xEC,0x2E,0x33,0xB3,0x12,0x00,0x00,0x00,0x00,0x00,
    0x01,0x00,0xA0,0x30,0x33,0xB4,0x07,0x00,0xFF,0x2F,0x33,0xB3,0x01,0x00,0x8A,0x2E,
    0x34,0xB3,0x03,0x00,0x00,0x00,0x00,0x00,0x01,0x00,0x4D,0x46,0xA9,0xA6,0x14,0x00,
    0xFF,0x44,0xAA,0xA6,0x01,0x00,0x80,0x44,0xA9,0xA5,0x03,0x00,0x00,0x00,0x00,0x00,
    0x01,0x00,0x64,0x2E,0x33,0xB3,0x07,0x00,0xFF,0x2F,0x33,0xB3,0x01,0x00,0xF9,0x2F,
    0x33,0xB3,0x12,0x00,0x00,0x00,0x00,0x00,0x01,0x00,0x9F,0x2F,0x33,0xB4,0x07,0x00,
    0xFF,0x2F,0x33,0xB3,0x01,0x00,0x8C,0x2F,0x33,0xB3,0x03,0x00,0x00,0x00,0x00,0x00,
    0x01,0x00,0x4D,0x46,0xA9,0xA6,0x14,0x00,0xFF,0x44,0xAA,0xA6,0x01,0x00,0x80,0x44,
    0xA9,0xA5,0x03,0x00,0x00,0x00,0x00,0x00,0x01,0x00,0x67,0x2F,0x34,0xB2,0x07,0x00,
    0xFF,0x2F,0x33,0xB3,0x01,0x00,0xF4,0x2F,0x33,0xB3,0x12,0x00,0x00,0x00,0x00,0x00,
    0x01,0x00,0x95,0x2E,0x33,0xB4,0x07,0x00,0xFF,0x2F,0x33,0xB3,0x01,0x00,0xA3,0x2F,
    0x34,0xB2,0x03,0x00,0x00,0x00,0x00,0x00,0x01,0x00,0x25,0x45,0xAC,0xA5,0x01,0x00,
    0xED,0x44,0xAA,0xA6,0x12,0x00,0xFF,0x44,0xAA,0xA6,0x01,0x00,0xFC,0x44,0xAA,0xA6,
    0x01,0x00,0x4E,0x45,0xAA,0xA7,0x03,0x00,0x00,0x00,0x00,0x00,0x01,0x00,0x7E,0x2F,
    0x33,0xB2,0x07,0x00,0xFF,0x2F,0x33,0xB3,0x01,0x00,0xE2,0x2F,0x33,0xB3,0x12,0x00,
    0x00,0x00,0x00,0x00,0x01,0x00,0x85,0x2E,0x34,0xB2,0x07,0x00,0xFF,0x2F,0x33,0xB3,
    0x01,0x00,0xBB,0x2E,0x32,0xB3,0x04,0x00,0x00,0x00,0x00,0x00,0x01,0x00,0x06,0x55,
    0xAA,0xAA,0x07,0x00,0x11,0x4B,0xA5,0xA5,0x04,0x00,0xFF,0x44,0xAA,0xA6,0x01,0x00,
    0x34,0x45,0xAC,0xA7,0x06,0x00,0x11,0x4B,0xA5,0xA5,0x01,0x00,0x09,0x39,0xAA,0xAA,
    0x04,0x00,0x00,0x00,0x00,0x00,0x01,0x00,0x94,0x2F,0x34,0xB3,0x07,0x00,0xFF,0x2F,
    0x33,0xB3,0x01,0x00,0xD1,0x30,0x33,0xB3,0x12,0x00,0x00,0x00,0x00,0x00,0x01,0x00,
    0x66,0x2D,0x32,0xB4,0x07,0x00,0xFF,0x2F,0x33,0xB3,0x01,0x00,0xF1,0x2F,0x33,0xB3,
    0x01,0x00,0x06,0x2B,0x2B,0xAA,0x0B,0x00,0x00,0x00,0x00,0x00,0x04,0x00,0xFF,0x44,
    0xAA,0xA6,0x01,0x00,0x26,0x43,0xA8,0xA8,0x0B,0x00,0x00,0x00,0x00,0x00,0x01,0x00,
    0xCE,0x2F,0x33,0xB3,0x07,0x00,0xFF,0x2F,0x33,0xB3,0x01,0x00,0xB8,0x2F,0x33,0xB3,
    0x12,0x00,0x00,0x00,0x00,0x00,0x01,0x00,0x44,0x31,0x35,0xB4,0x08,0x00,0xFF,0x2F,
    0x33,0xB3,0x01,0x00,0x45,0x30,0x34,0xB1,0x0B,0x00,0x00,0x00,0x00,0x00,0x04,0x00,
    0xFF,0x44,0xAA,0xA6,0x01,0x00,0x26,0x43,0xA8,0xA8,0x0A,0x00,0x00,0x00,0x00,0x00,
    0x01,0x00,0x1C,0x2E,0x37,0xB6,0x01,0x00,0xFE,0x2F,0x33,0xB3,0x07,0x00,0xFF,0x2F,
    0x33,0xB3,0x01,0x00,0x81,0x2F,0x33,0xB4,0x12,0x00,0x00,0x00,0x00,0x00,0x01,0x00,
    0x13,0x28,0x36,0xBC,0x01,0x00,0xFE,0x2F,0x33,0xB3,0x07,0x00,0xFF,0x2F,0x33,0xB3,
    0x01,0x00,0x98,0x2F,0x32,0xB4,0x0B,0x00,0x00,0x00,0x00,0x00,0x04,0x00,0xFF,0x44,
    0xAA,0xA6,0x01,0x00,0x26,0x43,0xA8,0xA8,0x0A,0x00,0x00,0x00,0x00,0x00,0x01,0x00,
    0x6D,0x2F,0x33,0xB4,0x08,0x00,0xFF,0x2F,0x33,0xB3,0x01,0x00,0x47,0x2F,0x32,0xB4,
    0x13,0x00,0x00,0x00,0x00,0x00,0x01,0x00,0xD4,0x2F,0x33,0xB3,0x07,0x00,0xFF,0x2F,
    0x33,0xB3,0x01,0x00,0xF8,0x2F,0x33,0xB3,0x01,0x00,0x21,0x2E,0x36,0xB2,0x0A,0x00,
    0x00,0x00,0x00,0x00,0x04,0x00,0xFF,0x44,0xAA,0xA6,0x01,0x00,0x26,0x43,0xA8,0xA8,
    0x09,0x00,0x00,0x00,0x00,0x00,0x01,0x00,0x09,0x39,0x39,0xAA,0x01,0x00,0xE4,0x2F,
    0x33,0xB3,0x07,0x00,0xFF,0x2F,0x33,0xB3,0x01,0x00,0xFC,0x2F,0x33,0xB3,0x01,0x00,
    0x0F,0x33,0x33,0xBB,0x13,0x00,0x00,0x00,0x00,0x00,0x01,0x00,0x7F,0x2E,0x32,0xB3,
    0x08,0x00,0xFF,0x2F,0x33,0xB3,0x01,0x00,0xA5,0x2E,0x33,0xB3,0x0A,0x00,0x00,0x00,
    0x00,0x00,0x04,0x00,0xFF,0x44,0xAA,0xA6,0x01,0x00,0x26,0x43,0xA8,0xA8,0x09,0x00,
    0x00,0x00,0x00,0x00,0x01,0x00,0x79,0x2E,0x33,0xB3,0x08,0x00,0xFF,0x2F,0x33,0xB3,
    0x01,0x00,0xB1,0x30,0x32,0xB3,0x14,0x00,0x00,0x00,0x00,0x00,0x01,0x00,0x22,0x2D,
    0x35,0xB4,0x01,0x00,0xFE,0x2F,0x33,0xB3,0x07,0x00,0xFF,0x2F,0x33,0xB3,0x01,0x00,
    0xFE,0x2F,0x33,0xB3,0x01,0x00,0x54,0x2E,0x34,0xB3,0x09,0x00,0x00,0x00,0x00,0x00,
    0x04,0x00,0xFF,0x44,0xAA,0xA6,0x01,0x00,0x26,0x43,0xA8,0xA8,0x08,0x00,0x00,0x00,
    0x00,0x00,0x01,0x00,0x30,0x30,0x35,0xB5,0x01,0x00,0xF4,0x2F,0x33,0xB3,0x08,0x00,
    0xFF,0x2F,0x33,0xB3,0x01,0x00,0x4C,0x2F,0x32,0xB2,0x15,0x00,0x00,0x00,0x00,0x00,
    0x01,0x00,0xB1,0x30,0x32,0xB3,0x08,0x00,0xFF,0x2F,0x33,0xB3,0x01,0x00,0xF5,0x2F,
    0x33,0xB3,0x01,0x00,0x34,0x31,0x31,0xB1,0x08,0x00,0x00,0x00,0x00,0x00,0x01,0x00,
    0xE8,0x44,0xAA,0xA6,0x02,0x00,0xFF,0x44,0xAA,0xA6,0x01,0x00,0xF9,0x44,0xAA,0xA6,
    0x01,0x00,0x14,0x40,0xA6,0xA6,0x07,0x00,0x00,0x00,0x00,0x00,0x01,0x00,0x18,0x2B,
    0x35,0xB5,0x01,0x00,0xE1,0x2E,0x33,0xB3,0x08,0x00,0xFF,0x2F,0x33,0xB3,0x01,0x00,
    0xE2,0x2F,0x33,0xB3,0x01,0x00,0x03,0x55,0x55,0xAA,0x15,0x00,0x00,0x00,0x00,0x00,
    0x01,0x00,0x39,0x31,0x31,0xB3,0x09,0x00,0xFF,0x2F,0x33,0xB3,0x01,0x00,0xE7,0x2F,
    0x33,0xB3,0x01,0x00,0x33,0x2D,0x32,0xB4,0x07,0x00,0x00,0x00,0x00,0x00,0x01,0x00,
    0x2B,0x41,0xAC,0xA6,0x02,0x00,0x55,0x45,0xAB,0xA5,0x01,0x00,0x2F,0x47,0xA8,0xA8,
    0x07,0x00,0x00,0x00,0x00,0x00,0x01,0x00,0x1A,0x31,0x31,0xB1,0x01,0x00,0xCE,0x2F,
    0x33,0xB3,0x09,0x00,0xFF,0x2F,0x33,0xB3,0x01,0x00,0x65,0x30,0x32,0xB3,0x17,0x00,
    0x00,0x00,0x00,0x00,0x01,0x00,0xAC,0x2F,0x32,0xB3,0x09,0x00,0xFF,0x2F,0x33,0xB3,
    0x01,0x00,0xF7,0x2F,0x33,0xB3,0x01,0x00,0x58,0x2E,0x34,0xB4,0x10,0x00,0x00,0x00,
    0x00,0x00,0x01,0x00,0x2F,0x31,0x31,0xB3,0x01,0x00,0xE1,0x2E,0x33,0xB3,0x09,0x00,
    0xFF,0x2F,0x33,0xB3,0x01,0x00,0xCD,0x2F,0x33,0xB3,0x01,0x00,0x02,0x00,0x00,0x80,
    0x17,0x00,0x00,0x00,0x00,0x00,0x01,0x00,0x1E,0x33,0x33,0xB3,0x01,0x00,0xF4,0x2F,
    0x33,0xB3,0x09,0x00,0xFF,0x2F,0x33,0xB3,0x01,0x00,0xFD,0x2F,0x33,0xB3,0x01,0x00,
    0x9E,0x2F,0x34,0xB3,0x01,0x00,0x1C,0x2E,0x37,0xB6,0x0C,0x00,0x00,0x00,0x00,0x00,
    0x01,0x00,0x0F,0x33,0x33,0xBB,0x01,0x00,0x85,0x30,0x34,0xB2,0x01,0x00,0xF6,0x2F,
    0x33,0xB3,0x09,0x00,0xFF,0x2F,0x33,0xB3,0x01,0x00,0xFE,0x2F,0x33,0xB3,0x01,0x00,
    0x38,0x2E,0x32,0xB2,0x19,0x00,0x00,0x00,0x00,0x00,0x01,0x00,0x61,0x2F,0x32,0xB3,
    0x0B,0x00,0xFF,0x2F,0x33,0xB3,0x01,0x00,0xF6,0x2F,0x33,0xB3,0x01,0x00,0x8F,0x2E,
    0x34,0xB2,0x01,0x00,0x3A,0x30,0x35,0xB4,0x01,0x00,0x03,0x55,0x55,0xAA,0x07,0x00,
    0x00,0x00,0x00,0x00,0x01,0x00,0x2E,0x2C,0x32,0xB1,0x01,0x00,0x7E,0x2F,0x33,0xB2,
    0x01,0x00,0xEB,0x2F,0x33,0xB3,0x0C,0x00,0xFF,0x2F,0x33,0xB3,0x01,0x00,0x80,0x30,
    0x34,0xB3,0x1A,0x00,0x00,0x00,0x00,0x00,0x01,0x00,0xA2,0x2F,0x32,0xB3,0x0D,0x00,
    0xFF,0x2F,0x33,0xB3,0x01,0x00,0xEA,0x2F,0x33,0xB3,0x01,0x00,0xB0,0x2E,0x33,0xB4,
    0x01,0x00,0x96,0x30,0x33,0xB3,0x01,0x00,0x80,0x30,0x34,0xB3,0x01,0x00,0x7D,0x2F,
    0x33,0xB4,0x01,0x00,0x93,0x2F,0x32,0xB3,0x01,0x00,0xAC,0x2F,0x32,0xB3,0x01,0x00,
    0xDF,0x2F,0x33,0xB4,0x10,0x00,0xFF,0x2F,0x33,0xB3,0x01,0x00,0x80,0x30,0x34,0xB3,
    0x19,0x00,0x00,0x00,0x00,0x00,0x01,0x00,0x05,0x33,0x33,0xCC,0x01,0x00,0xBA,0x2F,
    0x33,0xB4,0x25,0x00,0xFF,0x2F,0x33,0xB3,0x01,0x00,0x88,0x2F,0x33,0xB2,0x19,0x00,
    0x00,0x00,0x00,0x00,0x01,0x00,0x0F,0x33,0x33,0xBB,0x01,0x00,0xBF,0x2F,0x33,0xB3,
    0x25,0x00,0xFF,0x2F,0x33,0xB3,0x01,0x00,0x80,0x30,0x34,0xB3,0x19,0x00,0x00,0x00,
    0x00,0x00,0x01,0x00,0x07,0x24,0x24,0xB6,0x01,0x00,0xA3,0x2F,0x34,0xB2,0x25,0x00,
    0xFF,0x2F,0x33,0xB3,0x01,0x00,0x80,0x30,0x34,0xB3,0x1A,0x00,0x00,0x00,0x00,0x00,
    0x01,0x00,0x64,0x2E,0x33,0xB3,0x01,0x00,0xF5,0x2F,0x33,0xB3,0x18,0x00,0xFF,0x2F,
    0x33,0xB3,0x01,0x00,0xFC,0x2F,0x33,0xB3,0x01,0x00,0xFA,0x2F,0x33,0xB3,0x0A,0x00,
    0xFF,0x2F,0x33,0xB3,0x01,0x00,0x80,0x30,0x34,0xB3,0x1A,0x00,0x00,0x00,0x00,0x00,
    0x01,0x00,0x1C,0x2E,0x37,0xB6,0x01,0x00,0xA2,0x2F,0x32,0xB3,0x16,0x00,0xFF,0x2F,
    0x33,0xB3,0x01,0x00,0xCA,0x2F,0x32,0xB3,0x01,0x00,0x36,0x2F,0x34,0xB3,0x01,0x00,
    0x4B,0x30,0x33,0xB4,0x01,0x00,0xF8,0x2F,0x33,0xB3,0x0A,0x00,0xFF,0x2F,0x33,0xB3,
    0x01,0x00,0x88,0x2F,0x33,0xB2,0x1B,0x00,0x00,0x00,0x00,0x00,0x01,0x00,0x3E,0x2D,
    0x31,0xB5,0x01,0x00,0xB7,0x2F,0x34,0xB2,0x12,0x00,0xFF,0x2F,0x33,0xB3,0x01,0x00,
    0xC9,0x2F,0x33,0xB3,0x01,0x00,0x55,0x30,0x33,0xB4,0x01,0x00,0x01,0x00,0x00,0xFF,
    0x02,0x00,0x00,0x00,0x00,0x00,0x01,0x00,0x4F,0x30,0x34,0xB2,0x01,0x00,0xF9,0x2F,
    0x33,0xB3,0x0A,0x00,0xFF,0x2F,0x33,0xB3,0x01,0x00,0x80,0x30,0x34,0xB3,0x1C,0x00,
    0x00,0x00,0x00,0x00,0x01,0x00,0x28,0x2D,0x33,0xB3,0x01,0x00,0x80,0x30,0x34,0xB3,
    0x01,0x00,0xD9,0x2F,0x33,0xB3,0x0C,0x00,0xFF,0x2F,0x33,0xB3,0x01,0x00,0xE2,0x2F,
    0x33,0xB3,0x01,0x00,0x98,0x2F,0x32,0xB4,0x01,0x00,0x38,0x2E,0x32,0xB2,0x06,0x00,
    0x00,0x00,0x00,0x00,0x01,0x00,0x4D,0x2E,0x32,0xB3,0x01,0x00,0xF8,0x2F,0x33,0xB3,
    0x0A,0x00,0xFF,0x2F,0x33,0xB3,0x01,0x00,0x80,0x30,0x34,0xB3,0x1E,0x00,0x00,0x00,
    0x00,0x00,0x01,0x00,0x1F,0x31,0x31,0xB5,0x01,0x00,0x55,0x30,0x33,0xB4,0x01,0x00,
    0x8A,0x2E,0x34,0xB3,0x01,0x00,0xA8,0x2F,0x34,0xB3,0x01,0x00,0xBF,0x2F,0x33,0xB3,
    0x01,0x00,0xCE,0x2F,0x33,0xB3,0x01,0x00,0xCC,0x30,0x33,0xB3,0x01,0x00,0xC2,0x2F,
    0x33,0xB3,0x01,0x00,0xB4,0x2F,0x33,0xB3,0x01,0x00,0x8B,0x30,0x33,0xB4,0x01,0x00,
    0x63,0x2E,0x34,0xB2,0x01,0x00,0x2D,0x2D,0x33,0xB5,0x0A,0x00,0x00,0x00,0x00,0x00,
    0x01,0x00,0x4B,0x30,0x33,0xB4,0x01,0x00,0xF8,0x2F,0x33,0xB3,0x0A,0x00,0xFF,0x2F,
    0x33,0xB3,0x01,0x00,0x80,0x30,0x34,0xB3,0x34,0x00,0x00,0x00,0x00,0x00,0x01,0x00,
    0x47,0x2F,0x32,0xB4,0x01,0x00,0xF7,0x2F,0x33,0xB3,0x0A,0x00,0xFF,0x2F,0x33,0xB3,
    0x01,0x00,0x88,0x2F,0x33,0xB2,0x34,0x00,0x00,0x00,0x00,0x00,0x01,0x00,0x48,0x2E,
    0x32,0xB5,0x01,0x00,0xF7,0x2F,0x33,0xB3,0x0A,0x00,0xFF,0x2F,0x33,0xB3,0x01,0x00,
    0x6A,0x30,0x33,0xB2,0x34,0x00,0x00,0x00,0x00,0x00,0x01,0x00,0x46,0x2F,0x33,0xB3,
    0x01,0x00,0xF6,0x2F,0x33,0xB3,0x09,0x00,0xFF,0x2F,0x33,0xB3,0x01,0x00,0xF1,0x2F,
    0x33,0xB3,0x01,0x00,0x04,0x40,0x40,0xBF,0x34,0x00,0x00,0x00,0x00,0x00,0x01,0x00,
    0x44,0x31,0x35,0xB4,0x01,0x00,0xF6,0x2F,0x33,0xB3,0x09,0x00,0xFF,0x2F,0x33,0xB3,
    0x01,0x00,0x16,0x2E,0x3A,0xB9,0x35,0x00,0x00,0x00,0x00,0x00,0x01,0x00,0x43,0x2E,
    0x31,0xB3,0x01,0x00,0xF5,0x2F,0x33,0xB3,0x08,0x00,0xFF,0x2F,0x33,0xB3,0x01,0x00,
    0x17,0x2C,0x37,0xB1,0x36,0x00,0x00,0x00,0x00,0x00,0x01,0x00,0x41,0x2F,0x33,0xB4,
    0x01,0x00,0xF4,0x2F,0x33,0xB3,0x06,0x00,0xFF,0x2F,0x33,0xB3,0x01,0x00,0xF3,0x2F,
    0x33,0xB3,0x01,0x00,0x05,0x33,0x33,0x99,0x37,0x00,0x00,0x00,0x00,0x00,0x01,0x00,
    0x3F,0x31,0x35,0xB2,0x01,0x00,0xF4,0x2F,0x33,0xB3,0x05,0x00,0xFF,0x2F,0x33,0xB3,
    0x01,0x00,0x72,0x2F,0x33,0xB3,0x39,0x00,0x00,0x00,0x00,0x00,0x01,0x00,0x37,0x2E,
    0x33,0xB5,0x01,0x00,0xD6,0x2E,0x33,0xB3,0x02,0x00,0xFF,0x2F,0x33,0xB3,0x01,0x00,
    0xEE,0x2F,0x33,0xB3,0x01,0x00,0x6E,0x2E,0x33,0xB3,0x3C,0x00,0x00,0x00,0x00,0x00,
    0x01,0x00,0x07,0x24,0x24,0xB6,0x01,0x00,0x08,0x40,0x40,0xBF,0x01,0x00,0x01,0x00,
    0x00,0xFF,0x07,0x01,0x00,0x00,0x00,0x00,
};

leImage zoom_in =
{
    {
        LE_STREAM_LOCATION_ID_INTERNAL, // data location id
        (void*)zoom_in_data, // data variable pointer
        3464, // data size
    },
    LE_IMAGE_FORMAT_RLE,
    {
        LE_COLOR_MODE_RGBA_8888,
        {
            64,
            64
        },
        4096,
        3464,
        (void*)zoom_in_data, // data variable pointer
        0, // flags
    },
    0, // image flags
    {
        0x0, // color mask
    },
    NULL, // alpha mask
    NULL, // palette
};

/*********************************
 * Legato Image Asset
 * Name:   zoom_out
 * Size:   64x64 pixels
 * Mode:   RGBA_8888
 ***********************************/

const uint8_t zoom_out_data[3146] =
{
    0x02,0x04,0x55,0x01,0x00,0x00,0x00,0x00,0x01,0x00,0x02,0x00,0x00,0x80,0x01,0x00,
    0x2F,0x31,0x36,0xAE,0x01,0x00,0x6F,0x2E,0x33,0xB1,0x01,0x00,0x95,0x30,0x33,0xB4,
    0x01,0x00,0xB2,0x2E,0x32,0xB3,0x01,0x00,0xCF,0x2F,0x33,0xB3,0x01,0x00,0xDB,0x2F,
    0x33,0xB2,0x02,0x00,0xD3,0x2F,0x33,0xB3,0x01,0x00,0xBE,0x2F,0x33,0xB3,0x01,0x00,
    0x98,0x2F,0x32,0xB4,0x01,0x00,0x6F,0x2E,0x33,0xB1,0x01,0x00,0x42,0x2E,0x32,0xB2,
    0x01,0x00,0x08,0x20,0x40,0xBF,0x30,0x00,0x00,0x00,0x00,0x00,0x01,0x00,0x39,0x31,
    0x31,0xB3,0x01,0x00,0xA2,0x2F,0x32,0xB3,0x01,0x00,0xEA,0x2F,0x33,0xB3,0x0C,0x00,
    0xFF,0x2F,0x33,0xB3,0x01,0x00,0xF2,0x2F,0x33,0xB3,0x01,0x00,0xA5,0x2E,0x33,0xB3,
    0x01,0x00,0x50,0x30,0x33,0xB3,0x01,0x00,0x06,0x2B,0x2B,0xAA,0x2A,0x00,0x00,0x00,
    0x00,0x00,0x01,0x00,0x01,0x00,0x00,0xFF,0x01,0x00,0x57,0x2F,0x32,0xB3,0x01,0x00,
    0xC9,0x2F,0x33,0xB3,0x12,0x00,0xFF,0x2F,0x33,0xB3,0x01,0x00,0xE2,0x2F,0x33,0xB3,
    0x01,0x00,0x6E,0x2E,0x33,0xB3,0x01,0x00,0x08,0x20,0x40,0xBF,0x27,0x00,0x00,0x00,
    0x00,0x00,0x01,0x00,0x28,0x2D,0x33,0xB3,0x01,0x00,0xC0,0x2E,0x32,0xB3,0x16,0x00,
    0xFF,0x2F,0x33,0xB3,0x01,0x00,0xDC,0x30,0x33,0xB3,0x01,0x00,0x4A,0x30,0x34,0xB3,
    0x24,0x00,0x00,0x00,0x00,0x00,0x01,0x00,0x01,0x00,0x00,0xFF,0x01,0x00,0x7C,0x2F,
    0x33,0xB3,0x01,0x00,0xF9,0x2F,0x33,0xB3,0x19,0x00,0xFF,0x2F,0x33,0xB3,0x01,0x00,
    0x9A,0x2E,0x33,0xB3,0x01,0x00,0x09,0x39,0x39,0xAA,0x21,0x00,0x00,0x00,0x00,0x00,
    0x01,0x00,0x08,0x20,0x40,0xBF,0x01,0x00,0xA7,0x2F,0x32,0xB3,0x1C,0x00,0xFF,0x2F,
    0x33,0xB3,0x01,0x00,0xD0,0x2F,0x33,0xB3,0x01,0x00,0x1A,0x31,0x31,0xB1,0x1F,0x00,
    0x00,0x00,0x00,0x00,0x01,0x00,0x13,0x28,0x36,0xAE,0x01,0x00,0xC5,0x2F,0x32,0xB3,
    0x1E,0x00,0xFF,0x2F,0x33,0xB3,0x01,0x00,0xE0,0x2F,0x33,0xB3,0x01,0x00,0x25,0x30,
    0x30,0xB3,0x1D,0x00,0x00,0x00,0x00,0x00,0x01,0x00,0x09,0x39,0x39,0xAA,0x01,0x00,
    0xC5,0x2F,0x32,0xB3,0x20,0x00,0xFF,0x2F,0x33,0xB3,0x01,0x00,0xE3,0x2F,0x33,0xB3,
    0x01,0x00,0x1E,0x33,0x33,0xB3,0x1B,0x00,0x00,0x00,0x00,0x00,0x01,0x00,0x01,0x00,
    0x00,0xFF,0x01,0x00,0xB0,0x2E,0x33,0xB4,0x0D,0x00,0xFF,0x2F,0x33,0xB3,0x01,0x00,
    0xDA,0x2F,0x33,0xB3,0x01,0x00,0x9E,0x2F,0x34,0xB3,0x01,0x00,0x87,0x2F,0x33,0xB3,
    0x01,0x00,0x72,0x2F,0x33,0xB3,0x01,0x00,0x6E,0x2E,0x33,0xB3,0x01,0x00,0x83,0x2F,
    0x33,0xB3,0x01,0x00,0x9A,0x2E,0x33,0xB3,0x01,0x00,0xCD,0x2F,0x33,0xB3,0x01,0x00,
    0xFE,0x2F,0x33,0xB3,0x0C,0x00,0xFF,0x2F,0x33,0xB3,0x01,0x00,0xD1,0x30,0x33,0xB3,
    0x01,0x00,0x0A,0x33,0x33,0xB3,0x1A,0x00,0x00,0x00,0x00,0x00,0x01,0x00,0x70,0x30,
    0x32,0xB4,0x0B,0x00,0xFF,0x2F,0x33,0xB3,0x01,0x00,0xEC,0x2E,0x33,0xB3,0x01,0x00,
    0x7B,0x30,0x34,0xB2,0x01,0x00,0x27,0x2E,0x34,0xB1,0x08,0x00,0x00,0x00,0x00,0x00,
    0x01,0x00,0x1B,0x2F,0x2F,0xB3,0x01,0x00,0x69,0x2E,0x33,0xB4,0x01,0x00,0xDE,0x2F,
    0x33,0xB3,0x0B,0x00,0xFF,0x2F,0x33,0xB3,0x01,0x00,0x9D,0x2F,0x32,0xB3,0x19,0x00,
    0x00,0x00,0x00,0x00,0x01,0x00,0x27,0x2E,0x34,0xB1,0x01,0x00,0xF8,0x2F,0x33,0xB3,
    0x09,0x00,0xFF,0x2F,0x33,0xB3,0x01,0x00,0xF8,0x2F,0x33,0xB3,0x01,0x00,0x85,0x30,
    0x34,0xB2,0x01,0x00,0x0F,0x33,0x33,0xBB,0x0C,0x00,0x00,0x00,0x00,0x00,0x01,0x00,
    0x06,0x2B,0x2B,0xAA,0x01,0x00,0x6E,0x2E,0x33,0xB3,0x01,0x00,0xED,0x2F,0x33,0xB3,
    0x0A,0x00,0xFF,0x2F,0x33,0xB3,0x01,0x00,0x4F,0x30,0x34,0xB2,0x18,0x00,0x00,0x00,
    0x00,0x00,0x01,0x00,0xBA,0x2F,0x33,0xB4,0x09,0x00,0xFF,0x2F,0x33,0xB3,0x01,0x00,
    0xE0,0x2F,0x33,0xB3,0x01,0x00,0x32,0x2E,0x33,0xB3,0x10,0x00,0x00,0x00,0x00,0x00,
    0x01,0x00,0x23,0x2C,0x33,0xB6,0x01,0x00,0xD5,0x2F,0x33,0xB4,0x09,0x00,0xFF,0x2F,
    0x33,0xB3,0x01,0x00,0xDF,0x2F,0x33,0xB4,0x01,0x00,0x0A,0x33,0x33,0xB3,0x16,0x00,
    0x00,0x00,0x00,0x00,0x01,0x00,0x45,0x30,0x34,0xB1,0x09,0x00,0xFF,0x2F,0x33,0xB3,
    0x01,0x00,0xD9,0x2F,0x33,0xB3,0x01,0x00,0x1D,0x2C,0x35,0xB0,0x12,0x00,0x00,0x00,
    0x00,0x00,0x01,0x00,0x0F,0x33,0x33,0xBB,0x01,0x00,0xBD,0x2F,0x33,0xB3,0x09,0x00,
    0xFF,0x2F,0x33,0xB3,0x01,0x00,0x74,0x2E,0x33,0xB2,0x16,0x00,0x00,0x00,0x00,0x00,
    0x01,0x00,0xBD,0x2F,0x33,0xB3,0x08,0x00,0xFF,0x2F,0x33,0xB3,0x01,0x00,0xE3,0x2F,
    0x33,0xB3,0x01,0x00,0x1E,0x33,0x33,0xB3,0x14,0x00,0x00,0x00,0x00,0x00,0x01,0x00,
    0x0E,0x37,0x37,0xB6,0x01,0x00,0xD5,0x2F,0x33,0xB4,0x08,0x00,0xFF,0x2F,0x33,0xB3,
    0x01,0x00,0xE6,0x2F,0x33,0xB3,0x01,0x00,0x08,0x20,0x40,0xBF,0x14,0x00,0x00,0x00,
    0x00,0x00,0x01,0x00,0x2A,0x31,0x31,0xB0,0x08,0x00,0xFF,0x2F,0x33,0xB3,0x01,0x00,
    0xFB,0x2F,0x33,0xB3,0x01,0x00,0x39,0x31,0x31,0xB3,0x16,0x00,0x00,0x00,0x00,0x00,
    0x01,0x00,0x22,0x2D,0x35,0xB4,0x01,0x00,0xEC,0x2E,0x33,0xB3,0x08,0x00,0xFF,0x2F,
    0x33,0xB3,0x01,0x00,0x5D,0x2F,0x34,0xB2,0x14,0x00,0x00,0x00,0x00,0x00,0x01,0x00,
    0x88,0x2F,0x33,0xB2,0x08,0x00,0xFF,0x2F,0x33,0xB3,0x01,0x00,0x95,0x2E,0x33,0xB4,
    0x18,0x00,0x00,0x00,0x00,0x00,0x01,0x00,0x6A,0x30,0x33,0xB2,0x08,0x00,0xFF,0x2F,
    0x33,0xB3,0x01,0x00,0xB9,0x2F,0x33,0xB3,0x14,0x00,0x00,0x00,0x00,0x00,0x01,0x00,
    0xDC,0x30,0x33,0xB3,0x07,0x00,0xFF,0x2F,0x33,0xB3,0x01,0x00,0xF3,0x2F,0x33,0xB3,
    0x01,0x00,0x18,0x2B,0x35,0xB5,0x18,0x00,0x00,0x00,0x00,0x00,0x01,0x00,0x05,0x33,
    0x33,0xCC,0x01,0x00,0xDA,0x2F,0x33,0xB3,0x07,0x00,0xFF,0x2F,0x33,0xB3,0x01,0x00,
    0xFC,0x2F,0x33,0xB3,0x01,0x00,0x11,0x2D,0x2D,0xB4,0x12,0x00,0x00,0x00,0x00,0x00,
    0x01,0x00,0x18,0x35,0x35,0xB5,0x08,0x00,0xFF,0x2F,0x33,0xB3,0x01,0x00,0x8E,0x2F,
    0x32,0xB4,0x1A,0x00,0x00,0x00,0x00,0x00,0x01,0x00,0x63,0x2E,0x34,0xB2,0x08,0x00,
    0xFF,0x2F,0x33,0xB3,0x01,0x00,0x50,0x30,0x33,0xB3,0x12,0x00,0x00,0x00,0x00,0x00,
    0x01,0x00,0x48,0x32,0x32,0xB5,0x08,0x00,0xFF,0x2F,0x33,0xB3,0x01,0x00,0x3C,0x2F,
    0x33,0xB3,0x1A,0x00,0x00,0x00,0x00,0x00,0x01,0x00,0x15,0x31,0x31,0xB6,0x01,0x00,
    0xFC,0x2F,0x33,0xB3,0x07,0x00,0xFF,0x2F,0x33,0xB3,0x01,0x00,0x8D,0x2F,0x33,0xB3,
    0x12,0x00,0x00,0x00,0x00,0x00,0x01,0x00,0x69,0x2E,0x33,0xB4,0x07,0x00,0xFF,0x2F,
    0x33,0xB3,0x01,0x00,0xEC,0x2E,0x33,0xB3,0x01,0x00,0x03,0x55,0x55,0xAA,0x1B,0x00,
    0x00,0x00,0x00,0x00,0x01,0x00,0xC6,0x2E,0x34,0xB3,0x07,0x00,0xFF,0x2F,0x33,0xB3,
    0x01,0x00,0xB5,0x2E,0x33,0xB3,0x12,0x00,0x00,0x00,0x00,0x00,0x01,0x00,0x87,0x2F,
    0x33,0xB3,0x07,0x00,0xFF,0x2F,0x33,0xB3,0x01,0x00,0xB8,0x2F,0x33,0xB3,0x04,0x00,
    0x00,0x00,0x00,0x00,0x01,0x00,0x14,0x00,0x00,0x00,0x0B,0x00,0x22,0x00,0x00,0x00,
    0x01,0x00,0x3B,0x00,0x00,0x00,0x05,0x00,0x3F,0x00,0x00,0x00,0x01,0x00,0x26,0x00,
    0x00,0x00,0x01,0x00,0x1A,0x00,0x00,0x00,0x04,0x00,0x00,0x00,0x00,0x00,0x01,0x00,
    0x90,0x30,0x33,0xB3,0x07,0x00,0xFF,0x2F,0x33,0xB3,0x01,0x00,0xDA,0x2F,0x33,0xB3,
    0x12,0x00,0x00,0x00,0x00,0x00,0x01,0x00,0x96,0x2E,0x33,0xB3,0x07,0x00,0xFF,0x2F,
    0x33,0xB3,0x01,0x00,0xA0,0x2E,0x33,0xB3,0x03,0x00,0x00,0x00,0x00,0x00,0x01,0x00,
    0x23,0x00,0x00,0x00,0x01,0x00,0xF9,0x00,0x00,0x00,0x13,0x00,0xFF,0x00,0x00,0x00,
    0x01,0x00,0x4F,0x00,0x00,0x00,0x03,0x00,0x00,0x00,0x00,0x00,0x01,0x00,0x7A,0x2E,
    0x32,0xB4,0x07,0x00,0xFF,0x2F,0x33,0xB3,0x01,0x00,0xEC,0x2E,0x33,0xB3,0x12,0x00,
    0x00,0x00,0x00,0x00,0x01,0x00,0xA0,0x30,0x33,0xB4,0x07,0x00,0xFF,0x2F,0x33,0xB3,
    0x01,0x00,0x8A,0x2E,0x34,0xB3,0x03,0x00,0x00,0x00,0x00,0x00,0x01,0x00,0x4D,0x00,
    0x00,0x00,0x14,0x00,0xFF,0x00,0x00,0x00,0x01,0x00,0x80,0x00,0x00,0x00,0x03,0x00,
    0x00,0x00,0x00,0x00,0x01,0x00,0x64,0x2E,0x33,0xB3,0x07,0x00,0xFF,0x2F,0x33,0xB3,
    0x01,0x00,0xF9,0x2F,0x33,0xB3,0x12,0x00,0x00,0x00,0x00,0x00,0x01,0x00,0x9F,0x2F,
    0x33,0xB4,0x07,0x00,0xFF,0x2F,0x33,0xB3,0x01,0x00,0x8C,0x2F,0x33,0xB3,0x03,0x00,
    0x00,0x00,0x00,0x00,0x01,0x00,0x4D,0x00,0x00,0x00,0x14,0x00,0xFF,0x00,0x00,0x00,
    0x01,0x00,0x80,0x00,0x00,0x00,0x03,0x00,0x00,0x00,0x00,0x00,0x01,0x00,0x67,0x2F,
    0x34,0xB2,0x07,0x00,0xFF,0x2F,0x33,0xB3,0x01,0x00,0xF4,0x2F,0x33,0xB3,0x12,0x00,
    0x00,0x00,0x00,0x00,0x01,0x00,0x95,0x2E,0x33,0xB4,0x07,0x00,0xFF,0x2F,0x33,0xB3,
    0x01,0x00,0xA3,0x2F,0x34,0xB2,0x03,0x00,0x00,0x00,0x00,0x00,0x01,0x00,0x25,0x00,
    0x00,0x00,0x01,0x00,0xED,0x00,0x00,0x00,0x12,0x00,0xFF,0x00,0x00,0x00,0x01,0x00,
    0xFC,0x00,0x00,0x00,0x01,0x00,0x4E,0x00,0x00,0x00,0x03,0x00,0x00,0x00,0x00,0x00,
    0x01,0x00,0x7E,0x2F,0x33,0xB2,0x07,0x00,0xFF,0x2F,0x33,0xB3,0x01,0x00,0xE2,0x2F,
    0x33,0xB3,0x12,0x00,0x00,0x00,0x00,0x00,0x01,0x00,0x85,0x2E,0x34,0xB2,0x07,0x00,
    0xFF,0x2F,0x33,0xB3,0x01,0x00,0xBB,0x2E,0x32,0xB3,0x04,0x00,0x00,0x00,0x00,0x00,
    0x01,0x00,0x06,0x00,0x00,0x00,0x0B,0x00,0x11,0x00,0x00,0x00,0x01,0x00,0x1E,0x00,
    0x00,0x00,0x05,0x00,0x21,0x00,0x00,0x00,0x01,0x00,0x14,0x00,0x00,0x00,0x01,0x00,
    0x09,0x00,0x00,0x00,0x04,0x00,0x00,0x00,0x00,0x00,0x01,0x00,0x94,0x2F,0x34,0xB3,
    0x07,0x00,0xFF,0x2F,0x33,0xB3,0x01,0x00,0xD1,0x30,0x33,0xB3,0x12,0x00,0x00,0x00,
    0x00,0x00,0x01,0x00,0x66,0x2D,0x32,0xB4,0x07,0x00,0xFF,0x2F,0x33,0xB3,0x01,0x00,
    0xF1,0x2F,0x33,0xB3,0x01,0x00,0x06,0x2B,0x2B,0xAA,0x1B,0x00,0x00,0x00,0x00,0x00,
    0x01,0x00,0xCE,0x2F,0x33,0xB3,0x07,0x00,0xFF,0x2F,0x33,0xB3,0x01,0x00,0xB8,0x2F,
    0x33,0xB3,0x12,0x00,0x00,0x00,0x00,0x00,0x01,0x00,0x44,0x31,0x35,0xB4,0x08,0x00,
    0xFF,0x2F,0x33,0xB3,0x01,0x00,0x45,0x30,0x34,0xB1,0x1A,0x00,0x00,0x00,0x00,0x00,
    0x01,0x00,0x1C,0x2E,0x37,0xB6,0x01,0x00,0xFE,0x2F,0x33,0xB3,0x07,0x00,0xFF,0x2F,
    0x33,0xB3,0x01,0x00,0x81,0x2F,0x33,0xB4,0x12,0x00,0x00,0x00,0x00,0x00,0x01,0x00,
    0x13,0x28,0x36,0xBC,0x01,0x00,0xFE,0x2F,0x33,0xB3,0x07,0x00,0xFF,0x2F,0x33,0xB3,
    0x01,0x00,0x98,0x2F,0x32,0xB4,0x1A,0x00,0x00,0x00,0x00,0x00,0x01,0x00,0x6D,0x2F,
    0x33,0xB4,0x08,0x00,0xFF,0x2F,0x33,0xB3,0x01,0x00,0x47,0x2F,0x32,0xB4,0x13,0x00,
    0x00,0x00,0x00,0x00,0x01,0x00,0xD4,0x2F,0x33,0xB3,0x07,0x00,0xFF,0x2F,0x33,0xB3,
    0x01,0x00,0xF8,0x2F,0x33,0xB3,0x01,0x00,0x21,0x2E,0x36,0xB2,0x18,0x00,0x00,0x00,
    0x00,0x00,0x01,0x00,0x09,0x39,0x39,0xAA,0x01,0x00,0xE4,0x2F,0x33,0xB3,0x07,0x00,
    0xFF,0x2F,0x33,0xB3,0x01,0x00,0xFC,0x2F,0x33,0xB3,0x01,0x00,0x0F,0x33,0x33,0xBB,
    0x13,0x00,0x00,0x00,0x00,0x00,0x01,0x00,0x7F,0x2E,0x32,0xB3,0x08,0x00,0xFF,0x2F,
    0x33,0xB3,0x01,0x00,0xA5,0x2E,0x33,0xB3,0x18,0x00,0x00,0x00,0x00,0x00,0x01,0x00,
    0x79,0x2E,0x33,0xB3,0x08,0x00,0xFF,0x2F,0x33,0xB3,0x01,0x00,0xB1,0x30,0x32,0xB3,
    0x14,0x00,0x00,0x00,0x00,0x00,0x01,0x00,0x22,0x2D,0x35,0xB4,0x01,0x00,0xFE,0x2F,
    0x33,0xB3,0x07,0x00,0xFF,0x2F,0x33,0xB3,0x01,0x00,0xFE,0x2F,0x33,0xB3,0x01,0x00,
    0x54,0x2E,0x34,0xB3,0x16,0x00,0x00,0x00,0x00,0x00,0x01,0x00,0x30,0x30,0x35,0xB5,
    0x01,0x00,0xF4,0x2F,0x33,0xB3,0x08,0x00,0xFF,0x2F,0x33,0xB3,0x01,0x00,0x4C,0x2F,
    0x32,0xB2,0x15,0x00,0x00,0x00,0x00,0x00,0x01,0x00,0xB1,0x30,0x32,0xB3,0x08,0x00,
    0xFF,0x2F,0x33,0xB3,0x01,0x00,0xF5,0x2F,0x33,0xB3,0x01,0x00,0x34,0x31,0x31,0xB1,
    0x14,0x00,0x00,0x00,0x00,0x00,0x01,0x00,0x18,0x2B,0x35,0xB5,0x01,0x00,0xE1,0x2E,
    0x33,0xB3,0x08,0x00,0xFF,0x2F,0x33,0xB3,0x01,0x00,0xE2,0x2F,0x33,0xB3,0x01,0x00,
    0x03,0x55,0x55,0xAA,0x15,0x00,0x00,0x00,0x00,0x00,0x01,0x00,0x39,0x31,0x31,0xB3,
    0x09,0x00,0xFF,0x2F,0x33,0xB3,0x01,0x00,0xE7,0x2F,0x33,0xB3,0x01,0x00,0x33,0x2D,
    0x32,0xB4,0x12,0x00,0x00,0x00,0x00,0x00,0x01,0x00,0x1A,0x31,0x31,0xB1,0x01,0x00,
    0xCE,0x2F,0x33,0xB3,0x09,0x00,0xFF,0x2F,0x33,0xB3,0x01,0x00,0x65,0x30,0x32,0xB3,
    0x17,0x00,0x00,0x00,0x00,0x00,0x01,0x00,0xAC,0x2F,0x32,0xB3,0x09,0x00,0xFF,0x2F,
    0x33,0xB3,0x01,0x00,0xF7,0x2F,0x33,0xB3,0x01,0x00,0x58,0x2E,0x34,0xB4,0x10,0x00,
    0x00,0x00,0x00,0x00,0x01,0x00,0x2F,0x31,0x31,0xB3,0x01,0x00,0xE1,0x2E,0x33,0xB3,
    0x09,0x00,0xFF,0x2F,0x33,0xB3,0x01,0x00,0xCD,0x2F,0x33,0xB3,0x01,0x00,0x02,0x00,
    0x00,0x80,0x17,0x00,0x00,0x00,0x00,0x00,0x01,0x00,0x1E,0x33,0x33,0xB3,0x01,0x00,
    0xF4,0x2F,0x33,0xB3,0x09,0x00,0xFF,0x2F,0x33,0xB3,0x01,0x00,0xFD,0x2F,0x33,0xB3,
    0x01,0x00,0x9E,0x2F,0x34,0xB3,0x01,0x00,0x1C,0x2E,0x37,0xB6,0x0C,0x00,0x00,0x00,
    0x00,0x00,0x01,0x00,0x0F,0x33,0x33,0xBB,0x01,0x00,0x85,0x30,0x34,0xB2,0x01,0x00,
    0xF6,0x2F,0x33,0xB3,0x09,0x00,0xFF,0x2F,0x33,0xB3,0x01,0x00,0xFE,0x2F,0x33,0xB3,
    0x01,0x00,0x38,0x2E,0x32,0xB2,0x19,0x00,0x00,0x00,0x00,0x00,0x01,0x00,0x61,0x2F,
    0x32,0xB3,0x0B,0x00,0xFF,0x2F,0x33,0xB3,0x01,0x00,0xF6,0x2F,0x33,0xB3,0x01,0x00,
    0x8F,0x2E,0x34,0xB2,0x01,0x00,0x3A,0x30,0x35,0xB4,0x01,0x00,0x03,0x55,0x55,0xAA,
    0x07,0x00,0x00,0x00,0x00,0x00,0x01,0x00,0x2E,0x2C,0x32,0xB1,0x01,0x00,0x7E,0x2F,
    0x33,0xB2,0x01,0x00,0xEB,0x2F,0x33,0xB3,0x0C,0x00,0xFF,0x2F,0x33,0xB3,0x01,0x00,
    0x80,0x30,0x34,0xB3,0x1A,0x00,0x00,0x00,0x00,0x00,0x01,0x00,0xA2,0x2F,0x32,0xB3,
    0x0D,0x00,0xFF,0x2F,0x33,0xB3,0x01,0x00,0xEA,0x2F,0x33,0xB3,0x01,0x00,0xB0,0x2E,
    0x33,0xB4,0x01,0x00,0x96,0x30,0x33,0xB3,0x01,0x00,0x80,0x30,0x34,0xB3,0x01,0x00,
    0x7D,0x2F,0x33,0xB4,0x01,0x00,0x93,0x2F,0x32,0xB3,0x01,0x00,0xAC,0x2F,0x32,0xB3,
    0x01,0x00,0xDF,0x2F,0x33,0xB4,0x10,0x00,0xFF,0x2F,0x33,0xB3,0x01,0x00,0x80,0x30,
    0x34,0xB3,0x19,0x00,0x00,0x00,0x00,0x00,0x01,0x00,0x05,0x33,0x33,0xCC,0x01,0x00,
    0xBA,0x2F,0x33,0xB4,0x25,0x00,0xFF,0x2F,0x33,0xB3,0x01,0x00,0x88,0x2F,0x33,0xB2,
    0x19,0x00,0x00,0x00,0x00,0x00,0x01,0x00,0x0F,0x33,0x33,0xBB,0x01,0x00,0xBF,0x2F,
    0x33,0xB3,0x25,0x00,0xFF,0x2F,0x33,0xB3,0x01,0x00,0x80,0x30,0x34,0xB3,0x19,0x00,
    0x00,0x00,0x00,0x00,0x01,0x00,0x07,0x24,0x24,0xB6,0x01,0x00,0xA3,0x2F,0x34,0xB2,
    0x25,0x00,0xFF,0x2F,0x33,0xB3,0x01,0x00,0x80,0x30,0x34,0xB3,0x1A,0x00,0x00,0x00,
    0x00,0x00,0x01,0x00,0x64,0x2E,0x33,0xB3,0x01,0x00,0xF5,0x2F,0x33,0xB3,0x18,0x00,
    0xFF,0x2F,0x33,0xB3,0x01,0x00,0xFC,0x2F,0x33,0xB3,0x01,0x00,0xFA,0x2F,0x33,0xB3,
    0x0A,0x00,0xFF,0x2F,0x33,0xB3,0x01,0x00,0x80,0x30,0x34,0xB3,0x1A,0x00,0x00,0x00,
    0x00,0x00,0x01,0x00,0x1C,0x2E,0x37,0xB6,0x01,0x00,0xA2,0x2F,0x32,0xB3,0x16,0x00,
    0xFF,0x2F,0x33,0xB3,0x01,0x00,0xCA,0x2F,0x32,0xB3,0x01,0x00,0x36,0x2F,0x34,0xB3,
    0x01,0x00,0x4B,0x30,0x33,0xB4,0x01,0x00,0xF8,0x2F,0x33,0xB3,0x0A,0x00,0xFF,0x2F,
    0x33,0xB3,0x01,0x00,0x88,0x2F,0x33,0xB2,0x1B,0x00,0x00,0x00,0x00,0x00,0x01,0x00,
    0x3E,0x2D,0x31,0xB5,0x01,0x00,0xB7,0x2F,0x34,0xB2,0x12,0x00,0xFF,0x2F,0x33,0xB3,
    0x01,0x00,0xC9,0x2F,0x33,0xB3,0x01,0x00,0x55,0x30,0x33,0xB4,0x01,0x00,0x01,0x00,
    0x00,0xFF,0x02,0x00,0x00,0x00,0x00,0x00,0x01,0x00,0x4F,0x30,0x34,0xB2,0x01,0x00,
    0xF9,0x2F,0x33,0xB3,0x0A,0x00,0xFF,0x2F,0x33,0xB3,0x01,0x00,0x80,0x30,0x34,0xB3,
    0x1C,0x00,0x00,0x00,0x00,0x00,0x01,0x00,0x28,0x2D,0x33,0xB3,0x01,0x00,0x80,0x30,
    0x34,0xB3,0x01,0x00,0xD9,0x2F,0x33,0xB3,0x0C,0x00,0xFF,0x2F,0x33,0xB3,0x01,0x00,
    0xE2,0x2F,0x33,0xB3,0x01,0x00,0x98,0x2F,0x32,0xB4,0x01,0x00,0x38,0x2E,0x32,0xB2,
    0x06,0x00,0x00,0x00,0x00,0x00,0x01,0x00,0x4D,0x2E,0x32,0xB3,0x01,0x00,0xF8,0x2F,
    0x33,0xB3,0x0A,0x00,0xFF,0x2F,0x33,0xB3,0x01,0x00,0x80,0x30,0x34,0xB3,0x1E,0x00,
    0x00,0x00,0x00,0x00,0x01,0x00,0x1F,0x31,0x31,0xB5,0x01,0x00,0x55,0x30,0x33,0xB4,
    0x01,0x00,0x8A,0x2E,0x34,0xB3,0x01,0x00,0xA8,0x2F,0x34,0xB3,0x01,0x00,0xBF,0x2F,
    0x33,0xB3,0x01,0x00,0xCE,0x2F,0x33,0xB3,0x01,0x00,0xCC,0x30,0x33,0xB3,0x01,0x00,
    0xC2,0x2F,0x33,0xB3,0x01,0x00,0xB4,0x2F,0x33,0xB3,0x01,0x00,0x8B,0x30,0x33,0xB4,
    0x01,0x00,0x63,0x2E,0x34,0xB2,0x01,0x00,0x2D,0x2D,0x33,0xB5,0x0A,0x00,0x00,0x00,
    0x00,0x00,0x01,0x00,0x4B,0x30,0x33,0xB4,0x01,0x00,0xF8,0x2F,0x33,0xB3,0x0A,0x00,
    0xFF,0x2F,0x33,0xB3,0x01,0x00,0x80,0x30,0x34,0xB3,0x34,0x00,0x00,0x00,0x00,0x00,
    0x01,0x00,0x47,0x2F,0x32,0xB4,0x01,0x00,0xF7,0x2F,0x33,0xB3,0x0A,0x00,0xFF,0x2F,
    0x33,0xB3,0x01,0x00,0x88,0x2F,0x33,0xB2,0x34,0x00,0x00,0x00,0x00,0x00,0x01,0x00,
    0x48,0x2E,0x32,0xB5,0x01,0x00,0xF7,0x2F,0x33,0xB3,0x0A,0x00,0xFF,0x2F,0x33,0xB3,
    0x01,0x00,0x6A,0x30,0x33,0xB2,0x34,0x00,0x00,0x00,0x00,0x00,0x01,0x00,0x46,0x2F,
    0x33,0xB3,0x01,0x00,0xF6,0x2F,0x33,0xB3,0x09,0x00,0xFF,0x2F,0x33,0xB3,0x01,0x00,
    0xF1,0x2F,0x33,0xB3,0x01,0x00,0x04,0x40,0x40,0xBF,0x34,0x00,0x00,0x00,0x00,0x00,
    0x01,0x00,0x44,0x31,0x35,0xB4,0x01,0x00,0xF6,0x2F,0x33,0xB3,0x09,0x00,0xFF,0x2F,
    0x33,0xB3,0x01,0x00,0x16,0x2E,0x3A,0xB9,0x35,0x00,0x00,0x00,0x00,0x00,0x01,0x00,
    0x43,0x2E,0x31,0xB3,0x01,0x00,0xF5,0x2F,0x33,0xB3,0x08,0x00,0xFF,0x2F,0x33,0xB3,
    0x01,0x00,0x17,0x2C,0x37,0xB1,0x36,0x00,0x00,0x00,0x00,0x00,0x01,0x00,0x41,0x2F,
    0x33,0xB4,0x01,0x00,0xF4,0x2F,0x33,0xB3,0x06,0x00,0xFF,0x2F,0x33,0xB3,0x01,0x00,
    0xF3,0x2F,0x33,0xB3,0x01,0x00,0x05,0x33,0x33,0x99,0x37,0x00,0x00,0x00,0x00,0x00,
    0x01,0x00,0x3F,0x31,0x35,0xB2,0x01,0x00,0xF4,0x2F,0x33,0xB3,0x05,0x00,0xFF,0x2F,
    0x33,0xB3,0x01,0x00,0x72,0x2F,0x33,0xB3,0x39,0x00,0x00,0x00,0x00,0x00,0x01,0x00,
    0x37,0x2E,0x33,0xB5,0x01,0x00,0xD6,0x2E,0x33,0xB3,0x02,0x00,0xFF,0x2F,0x33,0xB3,
    0x01,0x00,0xEE,0x2F,0x33,0xB3,0x01,0x00,0x6E,0x2E,0x33,0xB3,0x3C,0x00,0x00,0x00,
    0x00,0x00,0x01,0x00,0x07,0x24,0x24,0xB6,0x01,0x00,0x08,0x40,0x40,0xBF,0x01,0x00,
    0x01,0x00,0x00,0xFF,0x07,0x01,0x00,0x00,0x00,0x00,
};

leImage zoom_out =
{
    {
        LE_STREAM_LOCATION_ID_INTERNAL, // data location id
        (void*)zoom_out_data, // data variable pointer
        3146, // data size
    },
    LE_IMAGE_FORMAT_RLE,
    {
        LE_COLOR_MODE_RGBA_8888,
        {
            64,
            64
        },
        4096,
        3146,
        (void*)zoom_out_data, // data variable pointer
        0, // flags
    },
    0, // image flags
    {
        0x0, // color mask
    },
    NULL, // alpha mask
    NULL, // palette
};

/*********************************
 * Legato Image Asset
 * Name:   rotate_flip
 * Size:   64x64 pixels
 * Mode:   RGBA_8888
 ***********************************/

const uint8_t rotate_flip_data[5732] =
{
    0x02,0x04,0x11,0x01,0x00,0x00,0x00,0x00,0x01,0x00,0x02,0x00,0x00,0x00,0x01,0x00,
    0x01,0x00,0x00,0x00,0x3D,0x00,0x00,0x00,0x00,0x00,0x01,0x00,0x6F,0x20,0x20,0x29,
    0x01,0x00,0xF5,0x20,0x1F,0x2A,0x01,0x00,0xF1,0x21,0x20,0x29,0x01,0x00,0x3E,0x21,
    0x21,0x25,0x3B,0x00,0x00,0x00,0x00,0x00,0x01,0x00,0x14,0x26,0x1A,0x26,0x01,0x00,
    0xF4,0x20,0x1F,0x29,0x01,0x00,0xFF,0x2D,0x31,0xA4,0x01,0x00,0xFF,0x2C,0x2F,0x94,
    0x01,0x00,0xF2,0x21,0x20,0x2A,0x01,0x00,0x21,0x1F,0x1F,0x27,0x3A,0x00,0x00,0x00,
    0x00,0x00,0x01,0x00,0x78,0x22,0x20,0x26,0x01,0x00,0xF5,0x25,0x27,0x58,0x02,0x00,
    0xFF,0x2F,0x33,0xB3,0x01,0x00,0xFD,0x28,0x2A,0x76,0x01,0x00,0xD6,0x20,0x20,0x2B,
    0x01,0x00,0x05,0x33,0x33,0x33,0x38,0x00,0x00,0x00,0x00,0x00,0x01,0x00,0x01,0x00,
    0x00,0x00,0x01,0x00,0xE7,0x20,0x20,0x2A,0x01,0x00,0xFF,0x2C,0x2F,0x97,0x02,0x00,
    0xFF,0x2F,0x33,0xB3,0x01,0x00,0xFF,0x2F,0x33,0xB2,0x01,0x00,0xF4,0x25,0x25,0x4A,
    0x01,0x00,0x8A,0x1F,0x1F,0x2B,0x09,0x00,0x00,0x00,0x00,0x00,0x01,0x00,0x11,0x1E,
    0x1E,0x1E,0x02,0x00,0x22,0x1E,0x1E,0x26,0x01,0x00,0x29,0x1F,0x1F,0x25,0x01,0x00,
    0x18,0x20,0x20,0x20,0x01,0x00,0x07,0x24,0x24,0x24,0x29,0x00,0x00,0x00,0x00,0x00,
    0x01,0x00,0x47,0x20,0x20,0x24,0x01,0x00,0xF1,0x23,0x22,0x3B,0x04,0x00,0xFF,0x2F,
    0x33,0xB3,0x01,0x00,0xFF,0x2E,0x31,0xA8,0x01,0x00,0xF4,0x20,0x20,0x2E,0x01,0x00,
    0x3F,0x20,0x20,0x24,0x03,0x00,0x00,0x00,0x00,0x00,0x01,0x00,0x21,0x1F,0x1F,0x27,
    0x01,0x00,0x5F,0x20,0x20,0x23,0x01,0x00,0xA9,0x21,0x20,0x2D,0x01,0x00,0xE2,0x22,
    0x21,0x2C,0x01,0x00,0xFA,0x21,0x20,0x27,0x01,0x00,0xF5,0x20,0x20,0x2B,0x01,0x00,
    0xF2,0x22,0x21,0x2F,0x02,0x00,0xF0,0x22,0x21,0x35,0x01,0x00,0xF4,0x20,0x20,0x2D,
    0x01,0x00,0xFA,0x21,0x20,0x26,0x01,0x00,0xED,0x20,0x1F,0x2A,0x01,0x00,0xC8,0x21,
    0x20,0x2E,0x01,0x00,0x89,0x22,0x20,0x27,0x01,0x00,0x40,0x20,0x20,0x24,0x01,0x00,
    0x06,0x2B,0x2B,0x2B,0x24,0x00,0x00,0x00,0x00,0x00,0x01,0x00,0xC2,0x21,0x21,0x2D,
    0x01,0x00,0xFF,0x29,0x2C,0x7F,0x05,0x00,0xFF,0x2F,0x33,0xB3,0x01,0x00,0xFF,0x2B,
    0x2E,0x8E,0x01,0x00,0xEB,0x21,0x1F,0x2A,0x01,0x00,0x24,0x23,0x1C,0x23,0x01,0x00,
    0x6F,0x22,0x20,0x25,0x01,0x00,0xDD,0x20,0x20,0x2C,0x01,0x00,0xF4,0x20,0x20,0x2E,
    0x01,0x00,0xF3,0x25,0x26,0x54,0x01,0x00,0xFF,0x29,0x2B,0x7B,0x01,0x00,0xFF,0x2C,
    0x30,0x9C,0x01,0x00,0xFF,0x2E,0x32,0xB1,0x06,0x00,0xFF,0x2F,0x33,0xB3,0x01,0x00,
    0xFF,0x2E,0x30,0xA3,0x01,0x00,0xFF,0x2B,0x2E,0x8C,0x01,0x00,0xFB,0x28,0x29,0x6B,
    0x01,0x00,0xF0,0x22,0x23,0x3E,0x01,0x00,0xF5,0x20,0x20,0x29,0x01,0x00,0xA6,0x22,
    0x20,0x2B,0x01,0x00,0x3C,0x22,0x1E,0x22,0x21,0x00,0x00,0x00,0x00,0x00,0x01,0x00,
    0x27,0x21,0x21,0x21,0x01,0x00,0xF4,0x20,0x20,0x2D,0x01,0x00,0xFF,0x2F,0x33,0xB0,
    0x06,0x00,0xFF,0x2F,0x33,0xB3,0x01,0x00,0xF7,0x28,0x29,0x6E,0x01,0x00,0xF3,0x21,
    0x1F,0x2D,0x01,0x00,0xF4,0x26,0x26,0x56,0x01,0x00,0xFF,0x2C,0x2E,0x90,0x01,0x00,
    0xFF,0x2F,0x33,0xB2,0x0E,0x00,0xFF,0x2F,0x33,0xB3,0x01,0x00,0xFF,0x2E,0x31,0xA8,
    0x01,0x00,0xFD,0x28,0x29,0x74,0x01,0x00,0xF2,0x22,0x22,0x36,0x01,0x00,0xD4,0x20,
    0x20,0x2B,0x01,0x00,0x4A,0x1F,0x1F,0x22,0x1F,0x00,0x00,0x00,0x00,0x00,0x01,0x00,
    0x9B,0x21,0x21,0x2B,0x01,0x00,0xFB,0x28,0x29,0x6D,0x1C,0x00,0xFF,0x2F,0x33,0xB3,
    0x01,0x00,0xFF,0x2F,0x33,0xB2,0x01,0x00,0xFF,0x2A,0x2D,0x87,0x01,0x00,0xF2,0x23,
    0x22,0x39,0x01,0x00,0xC8,0x21,0x20,0x2B,0x01,0x00,0x27,0x21,0x21,0x21,0x1C,0x00,
    0x00,0x00,0x00,0x00,0x01,0x00,0x0C,0x2B,0x15,0x2B,0x01,0x00,0xF4,0x20,0x20,0x28,
    0x01,0x00,0xFF,0x2E,0x31,0xA6,0x1E,0x00,0xFF,0x2F,0x33,0xB3,0x01,0x00,0xFF,0x2F,
    0x33,0xB2,0x01,0x00,0xFD,0x28,0x2A,0x77,0x01,0x00,0xF5,0x20,0x20,0x2B,0x01,0x00,
    0x76,0x20,0x20,0x29,0x01,0x00,0x01,0x00,0x00,0x00,0x1A,0x00,0x00,0x00,0x00,0x00,
    0x01,0x00,0x66,0x21,0x1E,0x26,0x01,0x00,0xF2,0x25,0x25,0x4F,0x21,0x00,0xFF,0x2F,
    0x33,0xB3,0x01,0x00,0xFF,0x2E,0x30,0xA3,0x01,0x00,0xF3,0x23,0x24,0x40,0x01,0x00,
    0xBB,0x21,0x1F,0x2C,0x01,0x00,0x0D,0x27,0x27,0x27,0x19,0x00,0x00,0x00,0x00,0x00,
    0x01,0x00,0xDB,0x22,0x21,0x2C,0x01,0x00,0xFF,0x2B,0x2E,0x8F,0x0E,0x00,0xFF,0x2F,
    0x33,0xB3,0x01,0x00,0xFF,0x2D,0x31,0xA4,0x01,0x00,0xFF,0x29,0x2C,0x7D,0x01,0x00,
    0xF8,0x26,0x27,0x60,0x01,0x00,0xEF,0x23,0x23,0x43,0x01,0x00,0xEF,0x22,0x22,0x36,
    0x01,0x00,0xF2,0x22,0x21,0x2F,0x01,0x00,0xF3,0x22,0x21,0x2F,0x01,0x00,0xEE,0x22,
    0x22,0x38,0x01,0x00,0xEF,0x23,0x24,0x47,0x01,0x00,0xF9,0x27,0x28,0x63,0x01,0x00,
    0xFF,0x2A,0x2C,0x84,0x01,0x00,0xFF,0x2E,0x32,0xAA,0x08,0x00,0xFF,0x2F,0x33,0xB3,
    0x01,0x00,0xFF,0x2E,0x32,0xB1,0x01,0x00,0xF7,0x26,0x27,0x5E,0x01,0x00,0xD8,0x21,
    0x20,0x2B,0x01,0x00,0x16,0x23,0x23,0x23,0x17,0x00,0x00,0x00,0x00,0x00,0x01,0x00,
    0x37,0x20,0x20,0x25,0x01,0x00,0xF2,0x22,0x22,0x34,0x01,0x00,0xFF,0x2F,0x33,0xB2,
    0x0C,0x00,0xFF,0x2F,0x33,0xB3,0x01,0x00,0xFF,0x29,0x2C,0x7C,0x01,0x00,0xF1,0x22,
    0x23,0x39,0x01,0x00,0xF2,0x21,0x20,0x28,0x01,0x00,0xAE,0x20,0x22,0x2D,0x01,0x00,
    0x6F,0x20,0x1E,0x22,0x01,0x00,0x42,0x1F,0x1F,0x23,0x01,0x00,0x2B,0x1E,0x1E,0x24,
    0x01,0x00,0x1A,0x1D,0x1D,0x27,0x01,0x00,0x21,0x1F,0x1F,0x27,0x01,0x00,0x2C,0x23,
    0x1D,0x23,0x01,0x00,0x4A,0x1F,0x1F,0x22,0x01,0x00,0x75,0x21,0x1F,0x25,0x01,0x00,
    0xBF,0x21,0x20,0x2D,0x01,0x00,0xF6,0x20,0x20,0x27,0x01,0x00,0xF1,0x24,0x24,0x47,
    0x01,0x00,0xFF,0x2A,0x2D,0x85,0x01,0x00,0xFF,0x2F,0x33,0xB2,0x07,0x00,0xFF,0x2F,
    0x33,0xB3,0x01,0x00,0xFA,0x28,0x2A,0x6D,0x01,0x00,0xE3,0x21,0x1F,0x2B,0x01,0x00,
    0x16,0x23,0x23,0x23,0x16,0x00,0x00,0x00,0x00,0x00,0x01,0x00,0xAA,0x21,0x20,0x2D,
    0x01,0x00,0xFD,0x28,0x29,0x73,0x0D,0x00,0xFF,0x2F,0x33,0xB3,0x01,0x00,0xFF,0x2D,
    0x2F,0x99,0x01,0x00,0xF7,0x20,0x20,0x27,0x01,0x00,0x24,0x23,0x1C,0x23,0x0A,0x00,
    0x00,0x00,0x00,0x00,0x01,0x00,0x07,0x24,0x24,0x24,0x01,0x00,0x57,0x20,0x20,0x23,
    0x01,0x00,0xCE,0x20,0x20,0x2D,0x01,0x00,0xF3,0x23,0x22,0x34,0x01,0x00,0xFF,0x2A,
    0x2D,0x87,0x07,0x00,0xFF,0x2F,0x33,0xB3,0x01,0x00,0xFA,0x27,0x2A,0x6D,0x01,0x00,
    0xD7,0x20,0x20,0x2B,0x01,0x00,0x0D,0x27,0x27,0x27,0x14,0x00,0x00,0x00,0x00,0x00,
    0x01,0x00,0x11,0x1E,0x1E,0x1E,0x01,0x00,0xF5,0x20,0x20,0x29,0x01,0x00,0xFF,0x2E,
    0x32,0xAA,0x0E,0x00,0xFF,0x2F,0x33,0xB3,0x01,0x00,0xFC,0x28,0x2B,0x76,0x01,0x00,
    0xD2,0x21,0x20,0x2B,0x01,0x00,0x04,0x00,0x00,0x40,0x0C,0x00,0x00,0x00,0x00,0x00,
    0x01,0x00,0x43,0x1E,0x1E,0x22,0x01,0x00,0xDC,0x20,0x1F,0x2B,0x01,0x00,0xF4,0x25,
    0x25,0x4D,0x01,0x00,0xFF,0x2E,0x32,0xA7,0x06,0x00,0xFF,0x2F,0x33,0xB3,0x01,0x00,
    0xF7,0x26,0x27,0x5D,0x01,0x00,0xB8,0x21,0x20,0x2B,0x14,0x00,0x00,0x00,0x00,0x00,
    0x01,0x00,0x73,0x21,0x21,0x28,0x01,0x00,0xF5,0x25,0x27,0x57,0x0F,0x00,0xFF,0x2F,
    0x33,0xB3,0x01,0x00,0xFF,0x2F,0x33,0xB2,0x01,0x00,0xF4,0x25,0x25,0x4B,0x01,0x00,
    0x8A,0x21,0x1F,0x29,0x0D,0x00,0x00,0x00,0x00,0x00,0x01,0x00,0x05,0x33,0x33,0x33,
    0x01,0x00,0x86,0x20,0x20,0x2A,0x01,0x00,0xF4,0x21,0x20,0x2F,0x01,0x00,0xFF,0x2C,
    0x2F,0x98,0x05,0x00,0xFF,0x2F,0x33,0xB3,0x01,0x00,0xFF,0x2F,0x33,0xB0,0x01,0x00,
    0xF3,0x23,0x23,0x3E,0x01,0x00,0x70,0x22,0x20,0x27,0x12,0x00,0x00,0x00,0x00,0x00,
    0x01,0x00,0x01,0x00,0x00,0x00,0x01,0x00,0xE5,0x20,0x1F,0x2B,0x01,0x00,0xFF,0x2C,
    0x2E,0x95,0x10,0x00,0xFF,0x2F,0x33,0xB3,0x01,0x00,0xFF,0x2D,0x31,0xA9,0x01,0x00,
    0xF4,0x21,0x20,0x2E,0x01,0x00,0x40,0x20,0x20,0x24,0x0E,0x00,0x00,0x00,0x00,0x00,
    0x01,0x00,0x4D,0x21,0x1E,0x24,0x01,0x00,0xF3,0x21,0x1F,0x2A,0x01,0x00,0xFF,0x2B,
    0x2E,0x8E,0x05,0x00,0xFF,0x2F,0x33,0xB3,0x01,0x00,0xFF,0x2D,0x31,0xA2,0x01,0x00,
    0xF4,0x20,0x1F,0x2A,0x01,0x00,0x23,0x1D,0x1D,0x24,0x11,0x00,0x00,0x00,0x00,0x00,
    0x01,0x00,0x41,0x1F,0x1F,0x23,0x01,0x00,0xF1,0x23,0x22,0x39,0x12,0x00,0xFF,0x2F,
    0x33,0xB3,0x01,0x00,0xFF,0x2B,0x2E,0x8F,0x01,0x00,0xEB,0x21,0x1F,0x2A,0x01,0x00,
    0x09,0x1C,0x1C,0x1C,0x0E,0x00,0x00,0x00,0x00,0x00,0x01,0x00,0x3A,0x1F,0x1F,0x23,
    0x01,0x00,0xF3,0x21,0x1F,0x2A,0x01,0x00,0xFF,0x2C,0x2F,0x94,0x05,0x00,0xFF,0x2F,
    0x33,0xB3,0x01,0x00,0xFC,0x28,0x29,0x74,0x01,0x00,0xC2,0x21,0x20,0x2B,0x11,0x00,
    0x00,0x00,0x00,0x00,0x01,0x00,0xB4,0x21,0x1F,0x2D,0x01,0x00,0xFE,0x29,0x2B,0x79,
    0x13,0x00,0xFF,0x2F,0x33,0xB3,0x01,0x00,0xF3,0x24,0x26,0x4F,0x01,0x00,0x5C,0x21,
    0x1E,0x24,0x0F,0x00,0x00,0x00,0x00,0x00,0x01,0x00,0x45,0x21,0x1E,0x21,0x01,0x00,
    0xF4,0x20,0x20,0x2E,0x01,0x00,0xFF,0x2E,0x31,0xA6,0x04,0x00,0xFF,0x2F,0x33,0xB3,
    0x01,0x00,0xFF,0x2E,0x32,0xB1,0x01,0x00,0xF2,0x22,0x23,0x37,0x01,0x00,0x43,0x1E,
    0x1E,0x22,0x0F,0x00,0x00,0x00,0x00,0x00,0x01,0x00,0x16,0x23,0x23,0x23,0x01,0x00,
    0xF6,0x20,0x20,0x29,0x01,0x00,0xFF,0x2F,0x32,0xAD,0x0D,0x00,0xFF,0x2F,0x33,0xB3,
    0x01,0x00,0xFF,0x2E,0x32,0xA7,0x01,0x00,0xFF,0x2B,0x2F,0x93,0x01,0x00,0xFF,0x2A,
    0x2B,0x7F,0x01,0x00,0xFC,0x27,0x29,0x69,0x01,0x00,0xF1,0x25,0x25,0x51,0x01,0x00,
    0xEF,0x22,0x22,0x3A,0x01,0x00,0xF5,0x20,0x20,0x29,0x01,0x00,0x3E,0x21,0x21,0x25,
    0x10,0x00,0x00,0x00,0x00,0x00,0x01,0x00,0x7E,0x20,0x20,0x2B,0x01,0x00,0xF3,0x24,
    0x24,0x45,0x05,0x00,0xFF,0x2F,0x33,0xB3,0x01,0x00,0xFF,0x2A,0x2D,0x82,0x01,0x00,
    0xCC,0x22,0x21,0x2C,0x0F,0x00,0x00,0x00,0x00,0x00,0x01,0x00,0x6E,0x20,0x1E,0x25,
    0x01,0x00,0xF6,0x26,0x26,0x5B,0x07,0x00,0xFF,0x2F,0x33,0xB3,0x01,0x00,0xFF,0x2E,
    0x32,0xAD,0x01,0x00,0xFF,0x2C,0x2F,0x98,0x01,0x00,0xFF,0x2A,0x2C,0x83,0x01,0x00,
    0xFD,0x28,0x29,0x6C,0x01,0x00,0xF2,0x25,0x26,0x52,0x01,0x00,0xEF,0x22,0x22,0x3A,
    0x01,0x00,0xF8,0x21,0x20,0x28,0x01,0x00,0xF0,0x21,0x20,0x29,0x01,0x00,0xD2,0x21,
    0x21,0x2E,0x01,0x00,0xAB,0x21,0x21,0x2E,0x01,0x00,0x7E,0x22,0x20,0x24,0x01,0x00,
    0x58,0x20,0x20,0x23,0x01,0x00,0x34,0x22,0x1D,0x22,0x01,0x00,0x06,0x2B,0x2B,0x2B,
    0x11,0x00,0x00,0x00,0x00,0x00,0x01,0x00,0x02,0x00,0x00,0x00,0x01,0x00,0xD5,0x20,
    0x20,0x2B,0x01,0x00,0xFE,0x2A,0x2C,0x81,0x04,0x00,0xFF,0x2F,0x33,0xB3,0x01,0x00,
    0xFF,0x2E,0x32,0xB1,0x01,0x00,0xF3,0x21,0x22,0x31,0x01,0x00,0x32,0x1F,0x1F,0x24,
    0x0E,0x00,0x00,0x00,0x00,0x00,0x01,0x00,0x82,0x21,0x1F,0x27,0x01,0x00,0xFB,0x26,
    0x28,0x5F,0x01,0x00,0xFF,0x2E,0x31,0xA8,0x01,0x00,0xFF,0x2C,0x2F,0x95,0x01,0x00,
    0xFF,0x29,0x2C,0x80,0x01,0x00,0xFC,0x27,0x28,0x6A,0x01,0x00,0xF2,0x25,0x26,0x53,
    0x01,0x00,0xEF,0x23,0x23,0x3D,0x01,0x00,0xF5,0x21,0x20,0x2C,0x01,0x00,0xF7,0x20,
    0x1F,0x26,0x01,0x00,0xDC,0x22,0x20,0x2D,0x01,0x00,0xB4,0x21,0x21,0x2D,0x01,0x00,
    0x82,0x1F,0x1F,0x27,0x01,0x00,0x59,0x20,0x20,0x22,0x01,0x00,0x33,0x1E,0x1E,0x23,
    0x01,0x00,0x0D,0x27,0x27,0x27,0x19,0x00,0x00,0x00,0x00,0x00,0x01,0x00,0x33,0x1E,
    0x1E,0x23,0x01,0x00,0xF4,0x21,0x20,0x2E,0x01,0x00,0xFF,0x2F,0x33,0xB0,0x04,0x00,
    0xFF,0x2F,0x33,0xB3,0x01,0x00,0xFB,0x28,0x2A,0x6E,0x01,0x00,0x99,0x20,0x21,0x2B,
    0x0E,0x00,0x00,0x00,0x00,0x00,0x01,0x00,0x18,0x20,0x20,0x20,0x01,0x00,0xC7,0x20,
    0x20,0x2D,0x01,0x00,0xF0,0x21,0x20,0x29,0x01,0x00,0xD9,0x21,0x20,0x2E,0x01,0x00,
    0xB0,0x21,0x21,0x2D,0x01,0x00,0x7F,0x22,0x20,0x26,0x01,0x00,0x5A,0x1F,0x1F,0x22,
    0x01,0x00,0x38,0x20,0x20,0x24,0x01,0x00,0x15,0x24,0x24,0x24,0x01,0x00,0x00,0x00,
    0x00,0x00,0x01,0x00,0x0A,0x1A,0x1A,0x1A,0x1F,0x00,0x00,0x00,0x00,0x00,0x01,0x00,
    0xBF,0x20,0x20,0x2C,0x01,0x00,0xFE,0x29,0x2C,0x7B,0x04,0x00,0xFF,0x2F,0x33,0xB3,
    0x01,0x00,0xFF,0x2E,0x31,0xA3,0x01,0x00,0xF1,0x21,0x20,0x29,0x01,0x00,0x03,0x00,
    0x00,0x00,0x16,0x00,0x00,0x00,0x00,0x00,0x01,0x00,0x3D,0x21,0x1D,0x21,0x01,0x00,
    0xEE,0x21,0x22,0x27,0x01,0x00,0x3D,0x21,0x1D,0x21,0x1E,0x00,0x00,0x00,0x00,0x00,
    0x01,0x00,0x40,0x20,0x20,0x24,0x01,0x00,0xF1,0x22,0x23,0x3A,0x05,0x00,0xFF,0x2F,
    0x33,0xB3,0x01,0x00,0xF0,0x22,0x22,0x37,0x01,0x00,0x34,0x22,0x1D,0x22,0x15,0x00,
    0x00,0x00,0x00,0x00,0x01,0x00,0x3D,0x21,0x1D,0x21,0x01,0x00,0xF4,0x21,0x26,0x29,
    0x01,0x00,0xFF,0x34,0x6D,0x6C,0x01,0x00,0xF4,0x21,0x26,0x2A,0x01,0x00,0x3D,0x21,
    0x1D,0x21,0x1D,0x00,0x00,0x00,0x00,0x00,0x01,0x00,0x02,0x00,0x00,0x00,0x01,0x00,
    0xEE,0x20,0x20,0x2A,0x01,0x00,0xFF,0x2D,0x30,0x9F,0x04,0x00,0xFF,0x2F,0x33,0xB3,
    0x01,0x00,0xF8,0x27,0x28,0x62,0x01,0x00,0x78,0x22,0x20,0x26,0x14,0x00,0x00,0x00,
    0x00,0x00,0x01,0x00,0x3B,0x1E,0x1E,0x23,0x01,0x00,0xF4,0x21,0x26,0x29,0x01,0x00,
    0xFF,0x3B,0x87,0x85,0x01,0x00,0xFF,0x44,0xAA,0xA6,0x01,0x00,0xFF,0x3B,0x8A,0x88,
    0x01,0x00,0xF4,0x21,0x26,0x2A,0x01,0x00,0x41,0x1F,0x1F,0x23,0x1D,0x00,0x00,0x00,
    0x00,0x00,0x01,0x00,0xA1,0x21,0x20,0x2B,0x01,0x00,0xFF,0x28,0x2B,0x78,0x04,0x00,
    0xFF,0x2F,0x33,0xB3,0x01,0x00,0xFF,0x2A,0x2C,0x84,0x01,0x00,0xB9,0x21,0x21,0x2D,
    0x13,0x00,0x00,0x00,0x00,0x00,0x01,0x00,0x3B,0x1E,0x1E,0x23,0x01,0x00,0xF4,0x21,
    0x26,0x29,0x01,0x00,0xFF,0x3B,0x87,0x85,0x03,0x00,0xFF,0x44,0xAA,0xA6,0x01,0x00,
    0xFF,0x3B,0x8A,0x88,0x01,0x00,0xF4,0x21,0x26,0x2A,0x01,0x00,0x41,0x1F,0x1F,0x23,
    0x1C,0x00,0x00,0x00,0x00,0x00,0x01,0x00,0x5C,0x21,0x1E,0x24,0x01,0x00,0xF2,0x25,
    0x26,0x52,0x04,0x00,0xFF,0x2F,0x33,0xB3,0x01,0x00,0xFF,0x2C,0x30,0x9C,0x01,0x00,
    0xE1,0x21,0x21,0x2C,0x12,0x00,0x00,0x00,0x00,0x00,0x01,0x00,0x3B,0x1E,0x1E,0x23,
    0x01,0x00,0xF4,0x21,0x26,0x29,0x01,0x00,0xFF,0x3B,0x87,0x85,0x05,0x00,0xFF,0x44,
    0xAA,0xA6,0x01,0x00,0xFF,0x3B,0x8A,0x88,0x01,0x00,0xF4,0x21,0x26,0x2A,0x01,0x00,
    0x41,0x1F,0x1F,0x23,0x1B,0x00,0x00,0x00,0x00,0x00,0x01,0x00,0x2D,0x22,0x1C,0x22,
    0x01,0x00,0xF0,0x22,0x22,0x36,0x04,0x00,0xFF,0x2F,0x33,0xB3,0x01,0x00,0xFF,0x2F,
    0x33,0xB0,0x01,0x00,0xFA,0x21,0x20,0x26,0x11,0x00,0x00,0x00,0x00,0x00,0x01,0x00,
    0x3D,0x21,0x1D,0x21,0x01,0x00,0xF4,0x21,0x26,0x29,0x01,0x00,0xFF,0x3C,0x88,0x86,
    0x03,0x00,0xFF,0x44,0xAA,0xA6,0x01,0x00,0xFF,0x42,0xA2,0x9E,0x03,0x00,0xFF,0x44,
    0xAA,0xA6,0x01,0x00,0xFF,0x3C,0x88,0x86,0x01,0x00,0xF4,0x21,0x26,0x2A,0x01,0x00,
    0x3D,0x21,0x1D,0x21,0x1A,0x00,0x00,0x00,0x00,0x00,0x01,0x00,0x0E,0x24,0x24,0x24,
    0x01,0x00,0xF7,0x21,0x20,0x29,0x05,0x00,0xFF,0x2F,0x33,0xB3,0x01,0x00,0xF8,0x21,
    0x20,0x28,0x01,0x00,0x01,0x00,0x00,0x00,0x0F,0x00,0x00,0x00,0x00,0x00,0x01,0x00,
    0x3D,0x21,0x1D,0x21,0x01,0x00,0xF4,0x21,0x26,0x29,0x01,0x00,0xFF,0x3C,0x88,0x86,
    0x03,0x00,0xFF,0x44,0xAA,0xA6,0x01,0x00,0xFF,0x3A,0x84,0x82,0x01,0x00,0xFA,0x22,
    0x26,0x2A,0x01,0x00,0xFF,0x3A,0x84,0x82,0x03,0x00,0xFF,0x44,0xAA,0xA6,0x01,0x00,
    0xFF,0x3C,0x88,0x86,0x01,0x00,0xF4,0x21,0x26,0x29,0x01,0x00,0x3D,0x21,0x1D,0x21,
    0x1A,0x00,0x00,0x00,0x00,0x00,0x01,0x00,0xFC,0x20,0x1F,0x24,0x05,0x00,0xFF,0x2F,
    0x33,0xB3,0x01,0x00,0xF3,0x21,0x21,0x2E,0x01,0x00,0x04,0x00,0x00,0x00,0x0E,0x00,
    0x00,0x00,0x00,0x00,0x01,0x00,0x3D,0x21,0x1D,0x21,0x01,0x00,0xF4,0x21,0x26,0x29,
    0x01,0x00,0xFF,0x3C,0x88,0x86,0x03,0x00,0xFF,0x44,0xAA,0xA6,0x01,0x00,0xFF,0x3A,
    0x83,0x81,0x01,0x00,0xF2,0x22,0x26,0x2A,0x01,0x00,0x63,0x1F,0x1F,0x24,0x01,0x00,
    0xF2,0x22,0x25,0x29,0x01,0x00,0xFF,0x3A,0x84,0x82,0x03,0x00,0xFF,0x44,0xAA,0xA6,
    0x01,0x00,0xFF,0x3C,0x88,0x86,0x01,0x00,0xF4,0x21,0x26,0x2A,0x01,0x00,0x3D,0x21,
    0x1D,0x21,0x19,0x00,0x00,0x00,0x00,0x00,0x01,0x00,0xFB,0x21,0x1F,0x25,0x01,0x00,
    0xFF,0x2F,0x33,0xB2,0x04,0x00,0xFF,0x2F,0x33,0xB3,0x01,0x00,0xF2,0x22,0x21,0x2F,
    0x01,0x00,0x04,0x40,0x00,0x40,0x0D,0x00,0x00,0x00,0x00,0x00,0x01,0x00,0x3B,0x1E,
    0x1E,0x23,0x01,0x00,0xF4,0x21,0x26,0x29,0x01,0x00,0xFF,0x3B,0x87,0x85,0x03,0x00,
    0xFF,0x44,0xAA,0xA6,0x01,0x00,0xFE,0x3A,0x83,0x81,0x01,0x00,0xF1,0x22,0x25,0x29,
    0x01,0x00,0x35,0x22,0x1D,0x22,0x01,0x00,0x00,0x00,0x00,0x00,0x01,0x00,0x31,0x1F,
    0x1F,0x24,0x01,0x00,0xF1,0x22,0x25,0x29,0x01,0x00,0xFF,0x3A,0x80,0x7F,0x03,0x00,
    0xFF,0x44,0xAA,0xA6,0x01,0x00,0xFF,0x3B,0x8A,0x88,0x01,0x00,0xF4,0x21,0x26,0x2A,
    0x01,0x00,0x41,0x1F,0x1F,0x23,0x17,0x00,0x00,0x00,0x00,0x00,0x01,0x00,0x06,0x2B,
    0x2B,0x2B,0x01,0x00,0xFA,0x21,0x20,0x26,0x05,0x00,0xFF,0x2F,0x33,0xB3,0x01,0x00,
    0xF6,0x20,0x1F,0x29,0x01,0x00,0x02,0x00,0x00,0x00,0x0C,0x00,0x00,0x00,0x00,0x00,
    0x01,0x00,0x3B,0x1E,0x1E,0x23,0x01,0x00,0xF4,0x21,0x26,0x29,0x01,0x00,0xFF,0x3B,
    0x87,0x85,0x03,0x00,0xFF,0x44,0xAA,0xA6,0x01,0x00,0xFE,0x3A,0x83,0x81,0x01,0x00,
    0xF1,0x22,0x25,0x29,0x01,0x00,0x35,0x22,0x1D,0x22,0x03,0x00,0x00,0x00,0x00,0x00,
    0x01,0x00,0x31,0x1F,0x1F,0x24,0x01,0x00,0xF1,0x22,0x25,0x29,0x01,0x00,0xFF,0x3A,
    0x80,0x7F,0x03,0x00,0xFF,0x44,0xAA,0xA6,0x01,0x00,0xFF,0x3B,0x8A,0x88,0x01,0x00,
    0xF4,0x21,0x26,0x2A,0x01,0x00,0x41,0x1F,0x1F,0x23,0x16,0x00,0x00,0x00,0x00,0x00,
    0x01,0x00,0x1E,0x22,0x22,0x22,0x01,0x00,0xF2,0x22,0x21,0x2F,0x04,0x00,0xFF,0x2F,
    0x33,0xB3,0x01,0x00,0xFF,0x2F,0x33,0xB2,0x01,0x00,0xFB,0x21,0x1F,0x26,0x0C,0x00,
    0x00,0x00,0x00,0x00,0x01,0x00,0x3B,0x1E,0x1E,0x23,0x01,0x00,0xF4,0x21,0x26,0x29,
    0x01,0x00,0xFF,0x3B,0x87,0x85,0x03,0x00,0xFF,0x44,0xAA,0xA6,0x01,0x00,0xFE,0x3A,
    0x83,0x81,0x01,0x00,0xF1,0x22,0x25,0x29,0x01,0x00,0x34,0x22,0x1D,0x22,0x05,0x00,
    0x00,0x00,0x00,0x00,0x01,0x00,0x31,0x1F,0x1F,0x24,0x01,0x00,0xF1,0x22,0x25,0x29,
    0x01,0x00,0xFF,0x3A,0x80,0x7F,0x03,0x00,0xFF,0x44,0xAA,0xA6,0x01,0x00,0xFF,0x3B,
    0x8A,0x88,0x01,0x00,0xF4,0x21,0x26,0x2A,0x01,0x00,0x41,0x1F,0x1F,0x23,0x15,0x00,
    0x00,0x00,0x00,0x00,0x01,0x00,0x47,0x20,0x20,0x24,0x01,0x00,0xEF,0x23,0x23,0x45,
    0x04,0x00,0xFF,0x2F,0x33,0xB3,0x01,0x00,0xFF,0x2D,0x31,0xA4,0x01,0x00,0xED,0x20,
    0x1F,0x2A,0x0B,0x00,0x00,0x00,0x00,0x00,0x01,0x00,0x3B,0x1E,0x1E,0x23,0x01,0x00,
    0xF4,0x21,0x26,0x29,0x01,0x00,0xFF,0x3B,0x87,0x85,0x03,0x00,0xFF,0x44,0xAA,0xA6,
    0x01,0x00,0xFE,0x39,0x82,0x80,0x01,0x00,0xF1,0x22,0x25,0x29,0x01,0x00,0x33,0x1E,
    0x1E,0x23,0x07,0x00,0x00,0x00,0x00,0x00,0x01,0x00,0x31,0x1F,0x1F,0x24,0x01,0x00,
    0xF1,0x22,0x25,0x29,0x01,0x00,0xFF,0x3A,0x80,0x7F,0x03,0x00,0xFF,0x44,0xAA,0xA6,
    0x01,0x00,0xFF,0x3B,0x8A,0x88,0x01,0x00,0xF4,0x21,0x26,0x2A,0x01,0x00,0x41,0x1F,
    0x1F,0x23,0x14,0x00,0x00,0x00,0x00,0x00,0x01,0x00,0x80,0x22,0x20,0x26,0x01,0x00,
    0xFB,0x27,0x29,0x69,0x04,0x00,0xFF,0x2F,0x33,0xB3,0x01,0x00,0xFF,0x2B,0x2D,0x8C,
    0x01,0x00,0xCA,0x21,0x21,0x2F,0x0A,0x00,0x00,0x00,0x00,0x00,0x01,0x00,0x24,0x1C,
    0x1C,0x23,0x01,0x00,0xF4,0x21,0x25,0x29,0x01,0x00,0xFF,0x3C,0x88,0x86,0x03,0x00,
    0xFF,0x44,0xAA,0xA6,0x01,0x00,0xFF,0x39,0x7F,0x7E,0x01,0x00,0xF1,0x22,0x25,0x28,
    0x01,0x00,0x2E,0x21,0x21,0x21,0x09,0x00,0x00,0x00,0x00,0x00,0x01,0x00,0x35,0x22,
    0x1D,0x22,0x01,0x00,0xF3,0x22,0x25,0x29,0x01,0x00,0xFF,0x3B,0x85,0x83,0x03,0x00,
    0xFF,0x44,0xAA,0xA6,0x01,0x00,0xFF,0x3C,0x88,0x86,0x01,0x00,0xF4,0x21,0x25,0x29,
    0x01,0x00,0x3B,0x1E,0x1E,0x23,0x13,0x00,0x00,0x00,0x00,0x00,0x01,0x00,0xD4,0x22,
    0x20,0x2D,0x01,0x00,0xFF,0x2B,0x2E,0x8E,0x04,0x00,0xFF,0x2F,0x33,0xB3,0x01,0x00,
    0xFD,0x28,0x29,0x71,0x01,0x00,0x93,0x21,0x1F,0x2A,0x0A,0x00,0x00,0x00,0x00,0x00,
    0x01,0x00,0x13,0x1B,0x1B,0x1B,0x01,0x00,0xE9,0x22,0x25,0x28,0x01,0x00,0xFC,0x36,
    0x71,0x71,0x03,0x00,0xFF,0x44,0xAA,0xA6,0x01,0x00,0xFF,0x3E,0x91,0x8F,0x01,0x00,
    0xF5,0x22,0x29,0x2B,0x01,0x00,0x52,0x22,0x22,0x25,0x09,0x00,0x00,0x00,0x00,0x00,
    0x01,0x00,0x5A,0x22,0x22,0x25,0x01,0x00,0xF4,0x22,0x2A,0x2D,0x01,0x00,0xFF,0x3F,
    0x95,0x93,0x03,0x00,0xFF,0x44,0xAA,0xA6,0x01,0x00,0xFD,0x35,0x72,0x71,0x01,0x00,
    0xE9,0x22,0x26,0x28,0x01,0x00,0x1F,0x21,0x21,0x21,0x12,0x00,0x00,0x00,0x00,0x00,
    0x01,0x00,0x1C,0x24,0x1B,0x24,0x01,0x00,0xF6,0x21,0x20,0x2B,0x01,0x00,0xFF,0x2E,
    0x32,0xB1,0x04,0x00,0xFF,0x2F,0x33,0xB3,0x01,0x00,0xF0,0x23,0x23,0x44,0x01,0x00,
    0x4B,0x1F,0x1F,0x22,0x0B,0x00,0x00,0x00,0x00,0x00,0x01,0x00,0x1E,0x22,0x22,0x22,
    0x01,0x00,0xE7,0x22,0x27,0x29,0x01,0x00,0xFC,0x35,0x70,0x6F,0x03,0x00,0xFF,0x44,
    0xAA,0xA6,0x01,0x00,0xFF,0x3E,0x94,0x91,0x01,0x00,0xF4,0x22,0x29,0x2D,0x01,0x00,
    0x52,0x22,0x22,0x25,0x07,0x00,0x00,0x00,0x00,0x00,0x01,0x00,0x55,0x24,0x21,0x27,
    0x01,0x00,0xF5,0x23,0x29,0x2C,0x01,0x00,0xFF,0x3E,0x93,0x91,0x03,0x00,0xFF,0x44,
    0xAA,0xA6,0x01,0x00,0xFD,0x35,0x74,0x73,0x01,0x00,0xEA,0x22,0x25,0x29,0x01,0x00,
    0x22,0x1E,0x1E,0x26,0x13,0x00,0x00,0x00,0x00,0x00,0x01,0x00,0x8B,0x21,0x1F,0x28,
    0x01,0x00,0xF8,0x27,0x28,0x62,0x04,0x00,0xFF,0x2F,0x33,0xB3,0x01,0x00,0xFF,0x2F,
    0x32,0xAE,0x01,0x00,0xF8,0x20,0x20,0x27,0x01,0x00,0x0D,0x27,0x27,0x27,0x0C,0x00,
    0x00,0x00,0x00,0x00,0x01,0x00,0x1E,0x22,0x22,0x22,0x01,0x00,0xE8,0x22,0x25,0x29,
    0x01,0x00,0xFC,0x35,0x70,0x6F,0x03,0x00,0xFF,0x44,0xAA,0xA6,0x01,0x00,0xFF,0x3E,
    0x94,0x91,0x01,0x00,0xF4,0x22,0x29,0x2D,0x01,0x00,0x52,0x22,0x22,0x25,0x05,0x00,
    0x00,0x00,0x00,0x00,0x01,0x00,0x55,0x21,0x21,0x27,0x01,0x00,0xF4,0x22,0x29,0x2B,
    0x01,0x00,0xFF,0x3E,0x93,0x91,0x03,0x00,0xFF,0x44,0xAA,0xA6,0x01,0x00,0xFD,0x35,
    0x74,0x73,0x01,0x00,0xEB,0x22,0x25,0x29,0x01,0x00,0x22,0x1E,0x1E,0x26,0x13,0x00,
    0x00,0x00,0x00,0x00,0x01,0x00,0x0F,0x22,0x22,0x22,0x01,0x00,0xF2,0x21,0x20,0x29,
    0x01,0x00,0xFF,0x2D,0x31,0xA2,0x04,0x00,0xFF,0x2F,0x33,0xB3,0x01,0x00,0xFF,0x2A,
    0x2C,0x81,0x01,0x00,0xC0,0x20,0x21,0x2E,0x0E,0x00,0x00,0x00,0x00,0x00,0x01,0x00,
    0x1E,0x22,0x22,0x22,0x01,0x00,0xE8,0x22,0x25,0x29,0x01,0x00,0xFC,0x36,0x71,0x70,
    0x03,0x00,0xFF,0x44,0xAA,0xA6,0x01,0x00,0xFF,0x3E,0x94,0x91,0x01,0x00,0xF4,0x22,
    0x29,0x2D,0x01,0x00,0x52,0x22,0x22,0x25,0x03,0x00,0x00,0x00,0x00,0x00,0x01,0x00,
    0x54,0x1E,0x21,0x24,0x01,0x00,0xF4,0x22,0x29,0x2B,0x01,0x00,0xFF,0x3E,0x92,0x90,
    0x03,0x00,0xFF,0x44,0xAA,0xA6,0x01,0x00,0xFD,0x36,0x75,0x74,0x01,0x00,0xEB,0x22,
    0x25,0x29,0x01,0x00,0x22,0x1E,0x1E,0x26,0x14,0x00,0x00,0x00,0x00,0x00,0x01,0x00,
    0x97,0x20,0x20,0x2A,0x01,0x00,0xF6,0x25,0x27,0x5E,0x05,0x00,0xFF,0x2F,0x33,0xB3,
    0x01,0x00,0xF1,0x23,0x24,0x44,0x01,0x00,0x4F,0x20,0x20,0x24,0x0F,0x00,0x00,0x00,
    0x00,0x00,0x01,0x00,0x1E,0x22,0x22,0x22,0x01,0x00,0xE8,0x22,0x25,0x29,0x01,0x00,
    0xFC,0x36,0x71,0x70,0x03,0x00,0xFF,0x44,0xAA,0xA6,0x01,0x00,0xFF,0x3E,0x94,0x91,
    0x01,0x00,0xF4,0x22,0x29,0x2D,0x01,0x00,0x52,0x22,0x22,0x25,0x01,0x00,0x00,0x00,
    0x00,0x00,0x01,0x00,0x53,0x1F,0x22,0x25,0x01,0x00,0xF4,0x22,0x28,0x2B,0x01,0x00,
    0xFF,0x3E,0x92,0x90,0x03,0x00,0xFF,0x44,0xAA,0xA6,0x01,0x00,0xFD,0x36,0x75,0x74,
    0x01,0x00,0xEB,0x22,0x25,0x29,0x01,0x00,0x23,0x1D,0x1D,0x24,0x14,0x00,0x00,0x00,
    0x00,0x00,0x01,0x00,0x38,0x20,0x20,0x24,0x01,0x00,0xF4,0x21,0x20,0x2D,0x01,0x00,
    0xFF,0x2E,0x32,0xA9,0x04,0x00,0xFF,0x2F,0x33,0xB3,0x01,0x00,0xFF,0x2D,0x30,0x99,
    0x01,0x00,0xEC,0x20,0x1F,0x2A,0x01,0x00,0x05,0x33,0x33,0x33,0x10,0x00,0x00,0x00,
    0x00,0x00,0x01,0x00,0x22,0x1E,0x1E,0x26,0x01,0x00,0xEA,0x22,0x25,0x29,0x01,0x00,
    0xFD,0x36,0x74,0x73,0x03,0x00,0xFF,0x44,0xAA,0xA6,0x01,0x00,0xFF,0x3E,0x91,0x8F,
    0x01,0x00,0xF5,0x22,0x29,0x2B,0x01,0x00,0x8D,0x21,0x21,0x24,0x01,0x00,0xF4,0x22,
    0x28,0x2B,0x01,0x00,0xFF,0x3E,0x92,0x90,0x03,0x00,0xFF,0x44,0xAA,0xA6,0x01,0x00,
    0xFD,0x36,0x75,0x74,0x01,0x00,0xEA,0x22,0x26,0x29,0x01,0x00,0x22,0x1E,0x1E,0x26,
    0x14,0x00,0x00,0x00,0x00,0x00,0x01,0x00,0x11,0x1E,0x1E,0x1E,0x01,0x00,0xE8,0x21,
    0x20,0x2A,0x01,0x00,0xFF,0x2B,0x2E,0x8A,0x05,0x00,0xFF,0x2F,0x33,0xB3,0x01,0x00,
    0xF4,0x25,0x25,0x4C,0x01,0x00,0x6B,0x21,0x21,0x26,0x12,0x00,0x00,0x00,0x00,0x00,
    0x01,0x00,0x22,0x1E,0x1E,0x26,0x01,0x00,0xEA,0x22,0x25,0x29,0x01,0x00,0xFD,0x36,
    0x75,0x74,0x03,0x00,0xFF,0x44,0xAA,0xA6,0x01,0x00,0xFF,0x3E,0x91,0x8F,0x01,0x00,
    0xF8,0x25,0x33,0x35,0x01,0x00,0xFF,0x3E,0x92,0x8F,0x03,0x00,0xFF,0x44,0xAA,0xA6,
    0x01,0x00,0xFD,0x36,0x75,0x74,0x01,0x00,0xEA,0x22,0x25,0x29,0x01,0x00,0x22,0x1E,
    0x1E,0x26,0x14,0x00,0x00,0x00,0x00,0x00,0x01,0x00,0x0B,0x17,0x17,0x2E,0x01,0x00,
    0xD1,0x21,0x20,0x2B,0x01,0x00,0xF9,0x27,0x29,0x69,0x05,0x00,0xFF,0x2F,0x33,0xB3,
    0x01,0x00,0xFF,0x2B,0x2E,0x92,0x01,0x00,0xEA,0x21,0x20,0x2B,0x01,0x00,0x07,0x24,
    0x24,0x24,0x13,0x00,0x00,0x00,0x00,0x00,0x01,0x00,0x23,0x1D,0x1D,0x24,0x01,0x00,
    0xEA,0x22,0x25,0x29,0x01,0x00,0xFC,0x37,0x76,0x74,0x03,0x00,0xFF,0x44,0xAA,0xA6,
    0x01,0x00,0xFF,0x43,0xA9,0xA5,0x03,0x00,0xFF,0x44,0xAA,0xA6,0x01,0x00,0xFD,0x36,
    0x76,0x75,0x01,0x00,0xEB,0x22,0x25,0x29,0x01,0x00,0x23,0x1D,0x1D,0x24,0x14,0x00,
    0x00,0x00,0x00,0x00,0x01,0x00,0x11,0x1E,0x1E,0x1E,0x01,0x00,0xCB,0x21,0x1F,0x2B,
    0x01,0x00,0xF6,0x26,0x26,0x5C,0x05,0x00,0xFF,0x2F,0x33,0xB3,0x01,0x00,0xFF,0x2F,
    0x33,0xAF,0x01,0x00,0xF3,0x22,0x22,0x34,0x01,0x00,0x4C,0x22,0x1E,0x22,0x15,0x00,
    0x00,0x00,0x00,0x00,0x01,0x00,0x1F,0x21,0x21,0x21,0x01,0x00,0xE8,0x22,0x26,0x29,
    0x01,0x00,0xFC,0x37,0x76,0x74,0x05,0x00,0xFF,0x44,0xAA,0xA6,0x01,0x00,0xFD,0x37,
    0x7A,0x78,0x01,0x00,0xEB,0x22,0x26,0x2A,0x01,0x00,0x24,0x23,0x1C,0x23,0x14,0x00,
    0x00,0x00,0x00,0x00,0x01,0x00,0x2A,0x1E,0x1E,0x24,0x01,0x00,0xE1,0x21,0x20,0x2A,
    0x01,0x00,0xF8,0x27,0x28,0x65,0x01,0x00,0xFF,0x2F,0x33,0xB2,0x05,0x00,0xFF,0x2F,
    0x33,0xB3,0x01,0x00,0xF8,0x26,0x28,0x63,0x01,0x00,0xB0,0x21,0x20,0x2B,0x17,0x00,
    0x00,0x00,0x00,0x00,0x01,0x00,0x20,0x20,0x20,0x20,0x01,0x00,0xE8,0x22,0x26,0x29,
    0x01,0x00,0xFC,0x37,0x75,0x75,0x03,0x00,0xFF,0x44,0xAA,0xA6,0x01,0x00,0xFD,0x37,
    0x7B,0x79,0x01,0x00,0xEB,0x22,0x25,0x29,0x01,0x00,0x24,0x23,0x1C,0x23,0x13,0x00,
    0x00,0x00,0x00,0x00,0x01,0x00,0x05,0x33,0x33,0x33,0x01,0x00,0x75,0x21,0x21,0x27,
    0x01,0x00,0xF3,0x21,0x1F,0x2A,0x01,0x00,0xFD,0x29,0x2B,0x7F,0x06,0x00,0xFF,0x2F,
    0x33,0xB3,0x01,0x00,0xFE,0x2B,0x2C,0x84,0x01,0x00,0xE6,0x20,0x1F,0x2A,0x01,0x00,
    0x11,0x1E,0x1E,0x1E,0x18,0x00,0x00,0x00,0x00,0x00,0x01,0x00,0x24,0x23,0x1C,0x23,
    0x01,0x00,0xEB,0x22,0x25,0x29,0x01,0x00,0xFC,0x37,0x75,0x75,0x01,0x00,0xFF,0x44,
    0xAA,0xA6,0x01,0x00,0xFD,0x37,0x7B,0x79,0x01,0x00,0xEE,0x22,0x26,0x28,0x01,0x00,
    0x29,0x1F,0x1F,0x25,0x01,0x00,0x00,0x00,0x00,0x00,0x01,0x00,0x33,0x1E,0x1E,0x23,
    0x01,0x00,0x84,0x21,0x21,0x29,0x01,0x00,0x89,0x22,0x20,0x29,0x01,0x00,0x46,0x21,
    0x21,0x24,0x01,0x00,0x03,0x00,0x00,0x00,0x0C,0x00,0x00,0x00,0x00,0x00,0x01,0x00,
    0x08,0x20,0x20,0x20,0x01,0x00,0x5E,0x21,0x1E,0x23,0x01,0x00,0xE6,0x20,0x1F,0x2A,
    0x01,0x00,0xF3,0x25,0x24,0x4C,0x01,0x00,0xFF,0x2D,0x31,0xA1,0x06,0x00,0xFF,0x2F,
    0x33,0xB3,0x01,0x00,0xFF,0x2C,0x2E,0x95,0x01,0x00,0xF3,0x21,0x1F,0x2A,0x01,0x00,
    0x2B,0x1E,0x1E,0x24,0x1A,0x00,0x00,0x00,0x00,0x00,0x01,0x00,0x25,0x22,0x1C,0x22,
    0x01,0x00,0xEB,0x22,0x25,0x29,0x01,0x00,0xFD,0x2E,0x56,0x57,0x01,0x00,0xEC,0x21,
    0x25,0x29,0x01,0x00,0x25,0x22,0x1C,0x22,0x01,0x00,0x00,0x00,0x00,0x00,0x01,0x00,
    0x78,0x20,0x20,0x2B,0x01,0x00,0xF3,0x22,0x21,0x2F,0x01,0x00,0xFC,0x27,0x29,0x6E,
    0x01,0x00,0xFE,0x28,0x2A,0x72,0x01,0x00,0xF0,0x22,0x23,0x3F,0x01,0x00,0xEE,0x21,
    0x20,0x29,0x01,0x00,0x92,0x21,0x1F,0x2A,0x01,0x00,0x47,0x20,0x20,0x24,0x01,0x00,
    0x0C,0x2B,0x15,0x2B,0x06,0x00,0x00,0x00,0x00,0x00,0x01,0x00,0x13,0x1B,0x1B,0x28,
    0x01,0x00,0x4E,0x21,0x1D,0x24,0x01,0x00,0xA1,0x21,0x20,0x2B,0x01,0x00,0xF2,0x21,
    0x20,0x29,0x01,0x00,0xF2,0x24,0x24,0x4A,0x01,0x00,0xFF,0x2C,0x2E,0x91,0x07,0x00,
    0xFF,0x2F,0x33,0xB3,0x01,0x00,0xFF,0x2C,0x2F,0x94,0x01,0x00,0xF4,0x20,0x20,0x2C,
    0x01,0x00,0x45,0x21,0x1E,0x21,0x1C,0x00,0x00,0x00,0x00,0x00,0x01,0x00,0x25,0x22,
    0x1C,0x22,0x01,0x00,0xD0,0x21,0x24,0x27,0x01,0x00,0x25,0x22,0x1C,0x22,0x01,0x00,
    0x00,0x00,0x00,0x00,0x01,0x00,0x30,0x20,0x20,0x25,0x01,0x00,0xF4,0x20,0x20,0x2E,
    0x01,0x00,0xFF,0x2E,0x32,0xA7,0x03,0x00,0xFF,0x2F,0x33,0xB3,0x01,0x00,0xFF,0x2D,
    0x30,0x9E,0x01,0x00,0xFD,0x27,0x29,0x6E,0x01,0x00,0xEF,0x23,0x23,0x42,0x01,0x00,
    0xF9,0x20,0x1F,0x27,0x01,0x00,0xED,0x20,0x1F,0x2A,0x01,0x00,0xD4,0x22,0x20,0x2E,
    0x01,0x00,0xCB,0x21,0x21,0x2E,0x01,0x00,0xC8,0x21,0x20,0x2E,0x01,0x00,0xD8,0x21,
    0x20,0x2D,0x01,0x00,0xEF,0x21,0x20,0x29,0x01,0x00,0xF6,0x20,0x1F,0x2B,0x01,0x00,
    0xF0,0x24,0x24,0x46,0x01,0x00,0xFE,0x28,0x2B,0x76,0x01,0x00,0xFF,0x2E,0x30,0xA3,
    0x08,0x00,0xFF,0x2F,0x33,0xB3,0x01,0x00,0xFF,0x2B,0x2E,0x8A,0x01,0x00,0xF3,0x21,
    0x1F,0x2B,0x01,0x00,0x44,0x22,0x1E,0x22,0x21,0x00,0x00,0x00,0x00,0x00,0x01,0x00,
    0x7C,0x21,0x21,0x27,0x01,0x00,0xFC,0x26,0x28,0x68,0x08,0x00,0xFF,0x2F,0x33,0xB3,
    0x01,0x00,0xFF,0x2D,0x31,0xA5,0x01,0x00,0xFF,0x2C,0x2F,0x96,0x01,0x00,0xFF,0x2B,
    0x2D,0x8C,0x01,0x00,0xFF,0x2B,0x2E,0x8E,0x01,0x00,0xFF,0x2C,0x2F,0x98,0x01,0x00,
    0xFF,0x2E,0x32,0xA7,0x0A,0x00,0xFF,0x2F,0x33,0xB3,0x01,0x00,0xFF,0x2F,0x33,0xB2,
    0x01,0x00,0xFA,0x28,0x29,0x6E,0x01,0x00,0xEB,0x21,0x1F,0x2A,0x01,0x00,0x35,0x22,
    0x1D,0x22,0x22,0x00,0x00,0x00,0x00,0x00,0x01,0x00,0x7B,0x21,0x21,0x25,0x01,0x00,
    0xFB,0x28,0x28,0x67,0x17,0x00,0xFF,0x2F,0x33,0xB3,0x01,0x00,0xFF,0x2D,0x30,0x9E,
    0x01,0x00,0xF3,0x23,0x23,0x41,0x01,0x00,0xCA,0x21,0x20,0x2B,0x01,0x00,0x18,0x20,
    0x20,0x20,0x23,0x00,0x00,0x00,0x00,0x00,0x01,0x00,0x2C,0x23,0x1D,0x23,0x01,0x00,
    0xF3,0x21,0x21,0x2E,0x01,0x00,0xFF,0x2E,0x32,0xA7,0x14,0x00,0xFF,0x2F,0x33,0xB3,
    0x01,0x00,0xFF,0x2D,0x31,0xA9,0x01,0x00,0xF8,0x27,0x28,0x65,0x01,0x00,0xF3,0x21,
    0x1F,0x2A,0x01,0x00,0x6A,0x22,0x22,0x26,0x01,0x00,0x01,0x00,0x00,0x00,0x25,0x00,
    0x00,0x00,0x00,0x00,0x01,0x00,0x78,0x20,0x20,0x2B,0x01,0x00,0xF4,0x20,0x20,0x2E,
    0x01,0x00,0xFC,0x27,0x29,0x71,0x01,0x00,0xFF,0x2E,0x32,0xA7,0x10,0x00,0xFF,0x2F,
    0x33,0xB3,0x01,0x00,0xFF,0x2C,0x30,0x9C,0x01,0x00,0xF8,0x26,0x28,0x62,0x01,0x00,
    0xF5,0x20,0x1F,0x2A,0x01,0x00,0x99,0x20,0x21,0x2B,0x01,0x00,0x18,0x20,0x20,0x20,
    0x28,0x00,0x00,0x00,0x00,0x00,0x01,0x00,0x2E,0x21,0x21,0x21,0x01,0x00,0xA1,0x21,
    0x20,0x2B,0x01,0x00,0xF4,0x20,0x20,0x29,0x01,0x00,0xF1,0x23,0x25,0x48,0x01,0x00,
    0xFE,0x28,0x2B,0x76,0x01,0x00,0xFF,0x2D,0x30,0x9D,0x09,0x00,0xFF,0x2F,0x33,0xB3,
    0x01,0x00,0xFF,0x2F,0x33,0xB0,0x01,0x00,0xFF,0x2B,0x2E,0x92,0x01,0x00,0xFB,0x28,
    0x29,0x6B,0x01,0x00,0xF0,0x22,0x22,0x3A,0x01,0x00,0xEB,0x21,0x1F,0x2A,0x01,0x00,
    0x85,0x21,0x21,0x28,0x01,0x00,0x1B,0x1C,0x1C,0x26,0x2C,0x00,0x00,0x00,0x00,0x00,
    0x01,0x00,0x0B,0x17,0x17,0x2E,0x01,0x00,0x53,0x1F,0x1F,0x22,0x01,0x00,0xA2,0x21,
    0x1F,0x2C,0x01,0x00,0xE8,0x20,0x21,0x2B,0x01,0x00,0xF9,0x20,0x1F,0x27,0x01,0x00,
    0xEF,0x22,0x22,0x3A,0x01,0x00,0xF1,0x25,0x25,0x4C,0x01,0x00,0xF2,0x25,0x27,0x59,
    0x01,0x00,0xF7,0x27,0x27,0x61,0x01,0x00,0xF6,0x25,0x27,0x5C,0x01,0x00,0xF2,0x25,
    0x25,0x54,0x01,0x00,0xEE,0x23,0x24,0x47,0x01,0x00,0xF2,0x22,0x21,0x32,0x01,0x00,
    0xF9,0x21,0x20,0x26,0x01,0x00,0xD8,0x21,0x20,0x2E,0x01,0x00,0x89,0x22,0x20,0x27,
    0x01,0x00,0x3E,0x21,0x21,0x25,0x01,0x00,0x02,0x00,0x00,0x00,0x32,0x00,0x00,0x00,
    0x00,0x00,0x01,0x00,0x04,0x00,0x00,0x40,0x01,0x00,0x14,0x1A,0x1A,0x26,0x01,0x00,
    0x21,0x1F,0x1F,0x1F,0x01,0x00,0x26,0x22,0x22,0x22,0x01,0x00,0x2A,0x1E,0x1E,0x24,
    0x01,0x00,0x29,0x1F,0x1F,0x25,0x01,0x00,0x23,0x1D,0x1D,0x24,0x01,0x00,0x1E,0x22,
    0x22,0x22,0x01,0x00,0x0E,0x24,0x24,0x24,0x01,0x00,0x01,0x00,0x00,0x00,0x19,0x01,
    0x00,0x00,0x00,0x00,
};

leImage rotate_flip =
{
    {
        LE_STREAM_LOCATION_ID_INTERNAL, // data location id
        (void*)rotate_flip_data, // data variable pointer
        5732, // data size
    },
    LE_IMAGE_FORMAT_RLE,
    {
        LE_COLOR_MODE_RGBA_8888,
        {
            64,
            64
        },
        4096,
        5732,
        (void*)rotate_flip_data, // data variable pointer
        0, // flags
    },
    0, // image flags
    {
        0x0, // color mask
    },
    NULL, // alpha mask
    NULL, // palette
};

